id,x,y,ndvi,ndbi,lst,elevation,rainfall,distance_to_water,population,target,susceptibility_index,landcover
0,501305.0,2599145.0,0.6751080751419067,-0.13918371498584747,26.284502029418945,13.540006637573242,2178.56689453125,283.0194396972656,191.90403747558594,0,11.375142097473145,vegetation
1,500315.0,2599715.0,0.7007388472557068,-0.19893762469291687,26.701217651367188,5.334842681884766,1515.34375,1084.15869140625,105.32898712158203,0,0.0,vegetation
2,501455.0,2597765.0,0.5158754587173462,-0.11133050918579102,29.376068115234375,19.865516662597656,1796.5322265625,823.7717895507812,330.1198425292969,0,6.775948524475098,cropland
3,501275.0,2597615.0,0.659900963306427,-0.1410330832004547,27.456127166748047,17.056964874267578,1653.0528564453125,872.0665283203125,258.031005859375,0,5.991131782531738,vegetation
4,502205.0,2597495.0,0.6342610120773315,-0.049308281391859055,27.754602432250977,16.164945602416992,1742.0616455078125,1020.4411010742188,492.2853698730469,0,9.816840171813965,vegetation
5,502595.0,2597615.0,0.5162158608436584,0.004757408518344164,28.87006950378418,15.005361557006836,1831.078125,810.5553588867188,526.8950805664062,0,6.350895404815674,cropland
6,502115.0,2598455.0,0.3212442696094513,0.3334878981113434,31.902633666992188,16.660415649414062,2109.84423828125,241.86773681640625,2517.389892578125,1,61.766597747802734,built_up
7,501725.0,2599085.0,0.6360153555870056,-0.040076643228530884,27.907020568847656,9.70347785949707,2191.609130859375,150.0,424.34002685546875,0,20.249866485595703,vegetation
8,501785.0,2598635.0,0.5228431224822998,0.1324138343334198,29.920543670654297,13.908671379089355,2255.657958984375,189.73666381835938,1130.2078857421875,1,31.68815040588379,built_up
9,500585.0,2598515.0,0.6177666783332825,-0.2145293653011322,27.940723419189453,12.923741340637207,2173.99267578125,84.85281372070312,437.3903503417969,0,97.89822387695312,vegetation
10,502445.0,2597375.0,0.5978659391403198,-0.13104262948036194,27.640703201293945,14.472766876220703,1739.710205078125,1065.31689453125,298.6542663574219,0,5.604244709014893,vegetation
11,500495.0,2598875.0,0.6474148631095886,-0.15102793276309967,27.87127113342285,17.085050582885742,2092.88671875,408.04412841796875,394.6664123535156,0,41.882354736328125,vegetation
12,500105.0,2598725.0,0.7652631998062134,-0.16898886859416962,27.019062042236328,15.024567604064941,2145.17578125,84.85281372070312,104.00560760498047,1,81.18595123291016,vegetation
13,502805.0,2598065.0,0.38659510016441345,0.15248990058898926,30.58692169189453,15.790047645568848,1926.5677490234375,360.0,1150.837158203125,0,26.27764892578125,built_up
14,501545.0,2598785.0,0.6582562923431396,-0.12517224252223969,27.5554141998291,11.429296493530273,2302.191162109375,60.0,584.8566284179688,1,38.20840835571289,cropland
15,500195.0,2597225.0,-0.19702373445034027,-0.4185948073863983,25.734405517578125,0.5,1613.8564453125,0.0,0.0,1,97.57935333251953,water
16,502835.0,2598545.0,0.4581889510154724,0.20925340056419373,30.209611892700195,13.344664573669434,1885.3941650390625,60.0,2190.998291015625,0,46.36799240112305,water
17,502655.0,2597975.0,0.40550705790519714,0.13452394306659698,30.896053314208984,15.854898452758789,1925.5098876953125,450.0,1468.521728515625,0,19.504322052001953,built_up
18,501065.0,2598605.0,0.688539981842041,-0.16402529180049896,25.684722900390625,11.898513793945312,2256.267822265625,30.0,232.86436462402344,1,69.90108489990234,vegetation
19,502205.0,2599775.0,0.5482457876205444,-0.03708626329898834,29.331165313720703,7.831646919250488,1904.154541015625,930.4837646484375,856.5535278320312,0,37.864356994628906,cropland
20,501905.0,2599085.0,0.5767788290977478,0.061695270240306854,29.547807693481445,8.711795806884766,2136.060302734375,182.48287963867188,683.0027465820312,0,39.49705123901367,cropland
21,502775.0,2598755.0,0.3835083544254303,0.03769722953438759,31.266826629638672,12.482102394104004,1866.3011474609375,270.0,795.69677734375,0,27.393169403076172,built_up
22,500285.0,2598095.0,0.660633385181427,-0.18308639526367188,28.708768844604492,5.624408721923828,2061.214599609375,313.2091979980469,209.68020629882812,1,80.21629333496094,cropland
23,502595.0,2597645.0,0.5048221945762634,0.008472519926726818,29.046340942382812,15.06924057006836,1840.68212890625,780.5767211914062,603.8369750976562,0,13.280054092407227,cropland
24,500645.0,2599115.0,0.535275399684906,-0.01787499152123928,28.68500328063965,15.91378116607666,1987.679443359375,670.8203735351562,596.6146240234375,0,11.373492240905762,cropland
25,502295.0,2599115.0,0.48160943388938904,0.023385638371109962,30.585525512695312,8.041250228881836,1975.191650390625,362.49139404296875,1026.36083984375,1,36.042198181152344,built_up
26,501545.0,2598545.0,0.64641934633255,-0.11951722949743271,28.415620803833008,15.049406051635742,2294.908447265625,283.0194396972656,408.2117614746094,0,4.634164810180664,cropland
27,501575.0,2598935.0,-0.2022819221019745,-0.39364945888519287,23.787513732910156,9.659927368164062,2267.956298828125,0.0,0.0,1,83.05680847167969,water
28,502505.0,2597615.0,0.5282756686210632,-0.03189754858613014,28.49362564086914,15.229494094848633,1824.855712890625,818.8406372070312,458.7503662109375,0,6.121748924255371,cropland
29,502475.0,2597555.0,0.566933274269104,-0.06666562706232071,28.05516242980957,15.095084190368652,1801.401123046875,882.8363647460938,362.71734619140625,1,4.967024326324463,vegetation
30,500405.0,2598245.0,0.5776233673095703,-0.13503870368003845,28.82457160949707,8.956522941589355,2115.291748046875,150.0,166.44961547851562,1,92.13247680664062,vegetation
31,501815.0,2598485.0,0.46296682953834534,0.19607995450496674,30.62661361694336,16.861373901367188,2227.35791015625,331.36083984375,1403.274658203125,0,22.485572814941406,built_up
32,502205.0,2599115.0,0.4844544231891632,-0.01657058112323284,30.534713745117188,8.040114402770996,2009.6690673828125,323.1098937988281,1120.5665283203125,0,36.112579345703125,built_up
33,500795.0,2599235.0,0.5441807508468628,-0.01257213857024908,28.460376739501953,14.830586433410645,1962.006103515625,657.9513549804688,605.3026123046875,0,7.452455997467041,cropland
34,502325.0,2597585.0,0.5980042219161987,-0.06454054266214371,27.9184627532959,16.034536361694336,1796.41943359375,891.964111328125,390.0712585449219,0,11.07168197631836,vegetation
35,500945.0,2597795.0,0.8267593383789062,-0.13870567083358765,27.075315475463867,12.717207908630371,1797.734619140625,589.406494140625,136.77418518066406,0,1.6511449813842773,vegetation
36,502055.0,2598275.0,0.29384708404541016,0.2921186685562134,32.1297492980957,19.7708797454834,2095.4189453125,426.380126953125,3544.61865234375,1,50.51783752441406,built_up
37,501245.0,2598365.0,0.5941533446311951,-0.0395011231303215,26.94597053527832,14.436490058898926,2223.13818359375,212.1320343017578,359.8909912109375,0,12.269780158996582,vegetation
38,501365.0,2597675.0,0.5654670596122742,-0.13071314990520477,28.496126174926758,18.492361068725586,1709.86865234375,859.0692749023438,332.36663818359375,0,4.644110202789307,vegetation
39,502385.0,2597405.0,0.6127495765686035,-0.12358462810516357,27.585847854614258,14.654383659362793,1739.440673828125,1047.85498046875,350.11041259765625,0,5.066336631774902,vegetation
40,502205.0,2598695.0,-0.23996464908123016,-0.37179243564605713,28.060251235961914,10.433733940124512,2071.392578125,0.0,0.0,1,93.08438110351562,water
41,502655.0,2599475.0,0.4668175280094147,0.09107474237680435,29.84313201904297,4.96140718460083,1872.2078857421875,845.3401489257812,501.6090087890625,0,26.351505279541016,cropland
42,501245.0,2599475.0,0.6024371981620789,-0.21807566285133362,27.31519889831543,13.30010986328125,2008.996826171875,603.7383422851562,327.5232849121094,0,7.448320388793945,vegetation
43,502985.0,2598305.0,0.524996817111969,0.1856195032596588,29.499197006225586,15.722902297973633,1906.0831298828125,150.0,2969.6865234375,0,17.259815216064453,vegetation
44,500945.0,2597285.0,0.6397785544395447,-0.17531368136405945,25.8053035736084,8.789748191833496,1471.3673095703125,630.0,98.90044403076172,0,2.289524555206299,vegetation
45,502835.0,2599175.0,0.5331155061721802,0.0365636833012104,30.117328643798828,8.222533226013184,1839.6488037109375,670.8203735351562,549.7885131835938,1,24.843219757080078,vegetation
46,500375.0,2598335.0,0.6056390404701233,-0.1559409499168396,28.44434356689453,9.684053421020508,2145.3828125,60.0,142.22755432128906,1,100.0,vegetation
47,501905.0,2599835.0,0.7038983702659607,-0.023014672100543976,28.690345764160156,10.878835678100586,1930.1549072265625,907.9647827148438,966.8890991210938,0,59.06769943237305,cropland
48,502115.0,2597765.0,0.49258387088775635,0.07292229682207108,29.321640014648438,19.481462478637695,1861.733642578125,818.8406372070312,514.9641723632812,0,20.67538070678711,cropland
49,500915.0,2598515.0,0.7111332416534424,-0.13519129157066345,26.330978393554688,11.902165412902832,2214.93115234375,42.42640686035156,239.86671447753906,1,81.17079162597656,vegetation
50,502445.0,2597435.0,0.5989644527435303,-0.11160115152597427,27.6567325592041,14.686542510986328,1757.7427978515625,1006.2305908203125,309.6075439453125,0,0.0,vegetation
51,501695.0,2598605.0,0.5609645843505859,0.027406202629208565,29.398162841796875,14.544723510742188,2279.091064453125,241.86773681640625,835.0906372070312,0,19.698076248168945,built_up
52,502565.0,2598935.0,0.4771628677845001,0.1149640679359436,31.450557708740234,10.039346694946289,1901.2330322265625,342.0526123046875,496.1905822753906,0,22.17544937133789,built_up
53,501395.0,2598335.0,0.5915917158126831,-0.033417247235774994,28.16856575012207,16.39191246032715,2222.843505859375,339.4112548828125,406.49615478515625,0,1.615295171737671,cropland
54,500945.0,2599775.0,0.4691310226917267,0.013402589596807957,28.60015869140625,10.24958610534668,1772.7911376953125,1006.2305908203125,233.53553771972656,0,22.930381774902344,cropland
55,501545.0,2599355.0,0.5851215720176697,-0.09922881424427032,26.735097885131836,11.95891284942627,2103.54833984375,420.0,322.570068359375,0,17.124160766601562,vegetation
56,500915.0,2599625.0,0.5061551332473755,0.015246821567416191,28.199913024902344,11.097554206848145,1806.7528076171875,890.4493408203125,533.9624633789062,0,10.141956329345703,cropland
57,501275.0,2598995.0,0.6850337386131287,-0.18247543275356293,26.426746368408203,13.275476455688477,2235.437744140625,169.70562744140625,265.0777587890625,0,11.201144218444824,vegetation
58,501395.0,2598725.0,0.6575731039047241,-0.17018423974514008,26.957372665405273,12.000175476074219,2310.3984375,60.0,384.3342590332031,0,23.468059539794922,vegetation
59,500525.0,2598125.0,0.6065354347229004,-0.10468637198209763,29.10421371459961,8.277325630187988,2052.959228515625,240.0,246.28140258789062,1,76.1018295288086,vegetation
60,501215.0,2597285.0,0.651601254940033,-0.20323830842971802,25.502788543701172,13.379644393920898,1445.0657958984375,900.0,109.5033950805664,0,9.500239372253418,vegetation
61,500195.0,2599505.0,0.5978075861930847,-0.12525974214076996,27.80653953552246,7.898388385772705,1621.0997314453125,853.2877807617188,137.4482879638672,0,0.7732976078987122,vegetation
62,502955.0,2597945.0,0.35867130756378174,0.025503288954496384,30.420207977294922,15.710023880004883,1908.14306640625,483.7354736328125,663.0364990234375,0,11.482220649719238,built_up
63,500195.0,2597945.0,0.6096555590629578,-0.17078986763954163,29.100732803344727,1.5507352352142334,1991.285888671875,335.4101867675781,269.7815246582031,1,72.0581283569336,vegetation
64,502085.0,2598725.0,0.40409696102142334,0.17048177123069763,31.31832504272461,10.606099128723145,2126.893798828125,30.0,1579.4627685546875,0,83.0679702758789,built_up
65,500495.0,2597675.0,0.634535014629364,-0.10042046755552292,28.736576080322266,1.6010448932647705,1778.693603515625,324.4996032714844,178.35797119140625,0,32.219444274902344,vegetation
66,501365.0,2598095.0,0.5382344722747803,-0.04168961942195892,28.733989715576172,18.36751937866211,2065.5712890625,499.29949951171875,407.7759094238281,0,2.648020029067993,cropland
67,501335.0,2599895.0,0.49941226840019226,0.07903054356575012,29.40535545349121,12.700228691101074,1913.9249267578125,976.729248046875,442.4761962890625,1,57.41218566894531,cropland
68,501125.0,2599295.0,0.6419786810874939,-0.17823657393455505,27.087568283081055,14.272978782653809,2056.55078125,499.29949951171875,299.8492431640625,0,7.4975056648254395,vegetation
69,502655.0,2599685.0,0.5853415727615356,0.15987683832645416,29.050703048706055,3.2447028160095215,1878.521484375,1033.1505126953125,283.9486083984375,0,12.94039535522461,cropland
70,500315.0,2599595.0,0.6616224050521851,-0.14080914855003357,27.2666015625,7.000267505645752,1578.974853515625,968.4007568359375,107.14972686767578,0,0.0,vegetation
71,502415.0,2599535.0,0.4474758803844452,0.0801309272646904,29.653825759887695,5.960751056671143,1899.5157470703125,792.022705078125,650.14208984375,0,29.740375518798828,cropland
72,500255.0,2598665.0,0.7238383889198303,-0.21836122870445251,27.234376907348633,15.133139610290527,2157.208251953125,123.69316864013672,153.7554473876953,1,89.9813461303711,vegetation
73,501425.0,2598395.0,0.6085826754570007,-0.051631417125463486,28.160749435424805,16.009408950805664,2251.815185546875,318.9043884277344,360.64117431640625,0,2.3729519844055176,cropland
74,501875.0,2598695.0,0.5114947557449341,0.16006919741630554,30.299814224243164,12.437710762023926,2223.108154296875,120.0,1402.0040283203125,1,51.872894287109375,built_up
75,500375.0,2597405.0,0.5879797339439392,-0.23186662793159485,28.445667266845703,0.5,1651.8314208984375,94.86833190917969,193.85276794433594,0,72.4444808959961,cropland
76,502415.0,2598395.0,0.32284995913505554,0.22297728061676025,31.929895401000977,15.3738374710083,1995.8389892578125,123.69316864013672,4016.92041015625,0,69.66149139404297,built_up
77,502895.0,2598965.0,0.51819908618927,-0.0385616309940815,30.418251037597656,10.769512176513672,1832.549072265625,453.9823913574219,593.5044555664062,0,26.685800552368164,built_up
78,501875.0,2599055.0,0.5918014645576477,0.05026889964938164,29.40499496459961,8.831646919250488,2156.10595703125,150.0,718.612548828125,0,36.82219314575195,cropland
79,502265.0,2599175.0,0.4663011133670807,-0.0043582613579928875,30.363548278808594,7.745873928070068,1976.4375,402.49224853515625,1057.5965576171875,1,33.05083084106445,cropland
80,500525.0,2599085.0,0.577729344367981,-0.0800311267375946,28.773983001708984,16.135095596313477,1979.23681640625,617.73779296875,476.875732421875,0,11.910775184631348,vegetation
81,502985.0,2597075.0,0.7067945003509521,-0.19568116962909698,27.31840705871582,17.579011917114258,1725.4156494140625,1352.9967041015625,397.1959228515625,0,16.16759490966797,vegetation
82,502775.0,2598095.0,0.399678111076355,0.1692916601896286,30.61025047302246,15.837193489074707,1930.050537109375,330.0,1212.9371337890625,0,17.704242706298828,built_up
83,501185.0,2599055.0,0.7080318927764893,-0.22142580151557922,26.447933197021484,14.31224250793457,2190.955322265625,276.5863342285156,241.51165771484375,0,5.617228031158447,vegetation
84,501725.0,2599115.0,0.6253650784492493,-0.03517233580350876,27.843902587890625,9.808945655822754,2180.660400390625,180.0,402.5042419433594,1,23.73672866821289,vegetation
85,500525.0,2599595.0,0.6459922194480896,-0.1393289864063263,27.52976417541504,8.464771270751953,1638.468017578125,1046.5657958984375,246.06747436523438,0,5.292154312133789,vegetation
86,501125.0,2597945.0,0.7560302019119263,-0.12400813400745392,27.32524871826172,15.872788429260254,1922.4803466796875,510.0,241.8134002685547,0,2.9819142818450928,vegetation
87,500825.0,2597225.0,0.6780654788017273,-0.20599661767482758,26.02813148498535,5.787905693054199,1476.1605224609375,510.0,103.25800323486328,0,5.4282708168029785,built_up
88,500945.0,2597345.0,0.6554120779037476,-0.1789289116859436,25.935041427612305,9.286986351013184,1496.9681396484375,632.8507080078125,104.7616195678711,0,3.9012911319732666,vegetation
89,500765.0,2597225.0,0.6859554052352905,-0.21794569492340088,26.257047653198242,4.406957149505615,1490.772705078125,450.0,94.63430786132812,0,16.610671997070312,vegetation
90,502625.0,2597345.0,0.6088880896568298,-0.059841956943273544,27.852367401123047,14.894378662109375,1754.267578125,1080.0,259.7276306152344,0,3.754650115966797,vegetation
91,500825.0,2598515.0,0.6920142769813538,-0.15060639381408691,26.896642684936523,12.32899284362793,2199.654052734375,67.08203887939453,282.966064453125,1,85.25748443603516,vegetation
92,502415.0,2597735.0,0.4958461821079254,-0.003622707910835743,29.074481964111328,16.343427658081055,1862.165283203125,721.2489013671875,761.6996459960938,0,17.545442581176758,cropland
93,500915.0,2599505.0,0.5604692101478577,-0.02145284414291382,28.0492000579834,12.263007164001465,1860.9573974609375,792.022705078125,716.6774291992188,0,6.702891826629639,vegetation
94,500585.0,2598065.0,0.6149458885192871,-0.08008570224046707,29.116125106811523,8.287555694580078,2015.04150390625,300.0,250.2379150390625,1,55.66117858886719,vegetation
95,500645.0,2598155.0,0.5830763578414917,-0.11997994035482407,29.1272029876709,9.730781555175781,2061.724365234375,210.0,298.4427490234375,1,66.37686157226562,vegetation
96,501185.0,2598185.0,0.624228835105896,-0.07749105989933014,27.293869018554688,15.41047191619873,2112.634521484375,324.4996032714844,271.5819091796875,0,4.780775547027588,built_up
97,501215.0,2599325.0,0.6410371661186218,-0.18668398261070251,26.775480270385742,13.902268409729004,2070.55517578125,483.7354736328125,261.9546203613281,0,0.2712944746017456,vegetation
98,501725.0,2598815.0,0.6581858396530151,-0.07910759001970291,28.650409698486328,10.252326965332031,2263.806640625,30.0,929.5064697265625,1,55.23017883300781,cropland
99,502175.0,2598725.0,-0.15351444482803345,-0.392524778842926,28.02074432373047,10.010504722595215,2083.36328125,0.0,0.0,1,88.58394622802734,water
100,501905.0,2598395.0,0.40211498737335205,0.250257670879364,31.28118324279785,18.46660804748535,2177.138916015625,379.47332763671875,2410.069580078125,1,33.82040023803711,built_up
101,502865.0,2597795.0,0.43236222863197327,-0.026610655710101128,30.37639808654785,15.213040351867676,1885.0826416015625,630.0,650.6519165039062,0,6.380289077758789,built_up
102,501605.0,2597555.0,0.531779408454895,-0.01288239099085331,29.223297119140625,19.20829963684082,1653.7891845703125,1081.6654052734375,462.6056823730469,0,8.700003623962402,cropland
103,500435.0,2598095.0,0.6165784597396851,-0.12078108638525009,29.021387100219727,6.983879089355469,2045.6290283203125,284.60498046875,228.84507751464844,1,78.34379577636719,vegetation
104,501545.0,2599775.0,0.5747376084327698,-0.015021469444036484,28.734769821166992,12.818520545959473,1961.140380859375,840.0,617.7677612304688,1,68.90594482421875,cropland
105,501095.0,2599025.0,0.7105837464332581,-0.2445005476474762,26.56409454345703,14.84850025177002,2178.0244140625,300.0,241.27195739746094,0,3.2247884273529053,vegetation
106,501575.0,2597255.0,0.6970627903938293,-0.057228393852710724,27.166597366333008,16.422819137573242,1480.840087890625,1247.798095703125,287.3299560546875,0,8.033533096313477,vegetation
107,500945.0,2599865.0,0.4450604021549225,0.027541011571884155,28.8880672454834,9.851595878601074,1754.3525390625,1087.060302734375,146.80238342285156,0,26.554147720336914,cropland
108,500045.0,2597915.0,0.5848032832145691,-0.16998611390590668,29.283681869506836,0.5,1987.4757080078125,270.0,322.98095703125,0,75.54219055175781,vegetation
109,500915.0,2597195.0,0.6450170278549194,-0.18873201310634613,25.699337005615234,7.5511250495910645,1447.58203125,589.406494140625,105.77041625976562,0,2.342526912689209,vegetation
110,502475.0,2599325.0,0.45385289192199707,0.06262099742889404,29.994569778442383,6.706002235412598,1900.7525634765625,630.7138671875,739.528076171875,1,32.2765007019043,cropland
111,502805.0,2598155.0,0.43115997314453125,0.17351046204566956,30.359302520751953,15.83049488067627,1928.763671875,270.0,1471.20751953125,0,18.653047561645508,built_up
112,501305.0,2598725.0,-0.19872061908245087,-0.3846099078655243,23.036739349365234,11.270285606384277,2301.963623046875,0.0,0.0,1,89.6889419555664,water
113,502745.0,2597615.0,0.5401492118835449,0.00936659425497055,29.497331619262695,15.028111457824707,1837.7249755859375,810.0,719.199951171875,0,7.032996654510498,cropland
114,502205.0,2597765.0,0.509917140007019,0.04160568490624428,29.170499801635742,18.56645393371582,1865.8087158203125,778.267333984375,514.5822143554688,0,15.84963321685791,cropland
115,501155.0,2599835.0,0.46057260036468506,0.052068889141082764,29.252294540405273,11.72554874420166,1862.1995849609375,969.3296508789062,217.44747924804688,0,43.96000289916992,cropland
116,502055.0,2598905.0,0.45938241481781006,0.06457061320543289,30.980409622192383,8.854209899902344,2117.2080078125,84.85281372070312,1574.2427978515625,0,66.13764953613281,built_up
117,502295.0,2599685.0,0.4931040406227112,-0.05520398169755936,29.500585556030273,6.803330421447754,1902.857177734375,885.889404296875,661.3803100585938,0,32.322689056396484,cropland
118,500195.0,2598665.0,0.7264326214790344,-0.19772933423519135,27.16974449157715,14.700228691101074,2158.714599609375,84.85281372070312,131.85043334960938,1,88.88072204589844,vegetation
119,502145.0,2598125.0,0.31441476941108704,0.20897085964679718,32.06204605102539,20.28850746154785,2024.171875,492.0365905761719,2338.680419921875,0,50.6010856628418,built_up
120,501395.0,2597735.0,0.53349369764328,-0.12423035502433777,28.94814682006836,19.144702911376953,1763.7972412109375,818.8406372070312,327.25592041015625,0,2.991506338119507,vegetation
121,501485.0,2597465.0,0.6313205361366272,-0.12380661070346832,27.903596878051758,17.73485565185547,1569.82763671875,1100.227294921875,359.19769287109375,0,5.5351338386535645,vegetation
122,501725.0,2598845.0,-0.15868186950683594,-0.40588125586509705,25.028160095214844,9.505971908569336,2258.79443359375,0.0,0.0,0,87.64790344238281,water
123,502805.0,2599115.0,0.5270833373069763,0.03498755395412445,30.306570053100586,8.860861778259277,1842.2962646484375,618.4658203125,480.84429931640625,1,23.183250427246094,built_up
124,501305.0,2598455.0,0.60116046667099,-0.09034273028373718,27.001935958862305,14.175025939941406,2266.055419921875,192.09373474121094,300.3246765136719,0,11.552340507507324,vegetation
125,502385.0,2599535.0,0.4537113308906555,0.05093872547149658,29.601072311401367,6.169713497161865,1903.55224609375,780.0,699.204345703125,1,27.82363510131836,cropland
126,500885.0,2597405.0,0.6695716977119446,-0.19756761193275452,26.301862716674805,8.529605865478516,1537.3631591796875,582.49462890625,118.64237976074219,0,12.983685493469238,vegetation
127,501845.0,2597195.0,0.652095377445221,-0.005959098692983389,27.984027862548828,16.00252342224121,1541.2127685546875,1449.0341796875,830.3370971679688,0,7.674281120300293,cropland
128,501365.0,2599205.0,0.6616302132606506,-0.12340041995048523,26.19095230102539,13.139501571655273,2160.866943359375,308.868896484375,173.88409423828125,0,6.175803184509277,vegetation
129,502025.0,2599775.0,0.6686103343963623,-0.05872463062405586,28.866905212402344,9.618843078613281,1923.335205078125,873.6131591796875,745.3801879882812,0,43.081512451171875,cropland
130,501725.0,2597645.0,0.486917644739151,0.02501552738249302,29.75908660888672,20.32862091064453,1740.876708984375,1074.15087890625,501.0438537597656,1,10.858641624450684,cropland
131,500795.0,2597915.0,0.6677197813987732,-0.08045770227909088,28.33074951171875,10.405197143554688,1899.262939453125,450.0,169.84104919433594,1,7.112710952758789,vegetation
132,501995.0,2599025.0,0.5078203678131104,0.038607820868492126,30.42012596130371,8.532538414001465,2117.48388671875,161.55494689941406,1075.5875244140625,1,53.58552932739258,built_up
133,501575.0,2597495.0,0.5636982321739197,-0.04925907775759697,28.752939224243164,18.507213592529297,1606.7501220703125,1116.4676513671875,435.94677734375,0,7.5351481437683105,cropland
134,502775.0,2598845.0,0.4113689661026001,-0.015817342326045036,31.267656326293945,11.678374290466309,1857.2471923828125,360.0,606.14892578125,1,23.921001434326172,built_up
135,500555.0,2598125.0,0.6046561598777771,-0.10333480685949326,29.12348175048828,8.585075378417969,2050.697998046875,240.0,255.79441833496094,1,73.4403305053711,vegetation
136,502895.0,2599985.0,0.6328364610671997,0.01352315116673708,27.615835189819336,0.5,1878.046875,1408.7227783203125,336.9454345703125,0,7.214947700500488,cropland
137,500255.0,2599505.0,0.6157969832420349,-0.13078485429286957,27.75108528137207,8.203184127807617,1627.7508544921875,865.8521728515625,124.51372528076172,0,2.865041494369507,vegetation
138,502655.0,2597315.0,0.609832227230072,-0.05914793163537979,27.875516891479492,15.071935653686523,1750.0731201171875,1110.0,259.634521484375,0,0.8066995739936829,vegetation
139,501275.0,2597315.0,0.7075425386428833,-0.20041224360466003,25.61312484741211,14.405438423156738,1459.9405517578125,960.4686279296875,126.3031005859375,0,4.560455799102783,cropland
140,501185.0,2599505.0,0.6012853384017944,-0.201898992061615,27.569595336914062,13.16403579711914,1976.7607421875,657.9513549804688,345.3387145996094,0,8.224138259887695,vegetation
141,502895.0,2598155.0,0.4636620879173279,0.13233524560928345,30.032215118408203,15.926834106445312,1922.170654296875,270.0,1770.539794921875,0,15.439826011657715,built_up
142,500645.0,2597225.0,0.6751354336738586,-0.2214735597372055,26.757020950317383,1.5254212617874146,1521.328857421875,330.0,78.76103973388672,1,20.820528030395508,vegetation
143,500285.0,2598035.0,0.6544906497001648,-0.18613974750041962,28.833877563476562,4.37745475769043,2030.696533203125,371.0794982910156,244.9095458984375,0,73.55032348632812,vegetation
144,500825.0,2599115.0,0.5663089752197266,-0.056662291288375854,28.089881896972656,15.792401313781738,2043.126953125,551.5432739257812,448.8710632324219,0,5.780935287475586,vegetation
145,500465.0,2597855.0,0.6608881950378418,-0.07088290899991989,28.94508934020996,3.513029098510742,1899.93408203125,424.2640686035156,283.1719970703125,0,37.92544937133789,vegetation
146,501755.0,2597525.0,0.5171926021575928,0.05144655704498291,29.29409408569336,19.08798599243164,1665.4603271484375,1189.8319091796875,561.3931274414062,1,14.049571990966797,built_up
147,501065.0,2599145.0,0.6692160367965698,-0.2113012820482254,27.01804542541504,15.016948699951172,2112.353515625,416.7733154296875,230.6909942626953,0,7.7458624839782715,vegetation
148,500795.0,2597705.0,0.7222318649291992,-0.15990597009658813,27.54251480102539,9.019829750061035,1744.5423583984375,603.7383422851562,153.70101928710938,0,11.028607368469238,vegetation
149,501695.0,2597495.0,0.5292901992797852,0.04314457252621651,29.150497436523438,18.79291343688965,1633.0115966796875,1182.24365234375,503.5993957519531,0,8.483898162841797,cropland
150,502535.0,2599115.0,0.4943881928920746,0.051776666194200516,30.694637298583984,8.306440353393555,1897.5103759765625,474.3416442871094,528.41455078125,0,25.726959228515625,built_up
151,500105.0,2597435.0,-0.21962976455688477,-0.382326602935791,26.110164642333984,0.5,1706.18115234375,0.0,0.0,1,90.61244201660156,water
152,500015.0,2598755.0,0.7895525693893433,-0.16072861850261688,26.951194763183594,14.998268127441406,2138.690185546875,90.0,94.89436340332031,0,80.72151184082031,vegetation
153,502745.0,2599625.0,0.5401270389556885,0.07096994668245316,29.18549919128418,3.101888656616211,1871.562255859375,1020.0,359.78265380859375,0,13.221942901611328,cropland
154,501545.0,2597105.0,0.722057580947876,-0.04282331094145775,26.418367385864258,15.53545093536377,1433.2313232421875,1201.4990234375,217.950439453125,0,6.243424892425537,vegetation
155,500585.0,2597825.0,0.651269257068634,-0.07636041939258575,28.781356811523438,5.461435317993164,1861.052001953125,488.3646240234375,267.8486022949219,0,17.069679260253906,vegetation
156,502865.0,2597045.0,0.6956189274787903,-0.1719362437725067,27.339794158935547,16.96565818786621,1725.9652099609375,1380.0,252.48638916015625,0,5.452602386474609,vegetation
157,500345.0,2598335.0,0.6197178363800049,-0.15971577167510986,28.352540969848633,9.653351783752441,2147.064208984375,67.08203887939453,129.50967407226562,1,97.19293975830078,vegetation
158,501755.0,2597675.0,0.4810367226600647,0.021585514768958092,29.824050903320312,20.619613647460938,1767.4173583984375,1068.2696533203125,516.5802001953125,0,10.63123893737793,cropland
159,501545.0,2598965.0,0.6489455103874207,-0.12836457788944244,27.065235137939453,10.198423385620117,2262.045166015625,30.0,321.5428161621094,0,42.3133430480957,vegetation
160,501305.0,2598995.0,0.6760860681533813,-0.1638486385345459,26.45136070251465,12.957509994506836,2240.7685546875,150.0,259.86517333984375,0,10.813858985900879,vegetation
161,501365.0,2597225.0,0.7045208811759949,-0.20146527886390686,25.677724838256836,14.72502613067627,1430.7178955078125,1035.7606201171875,140.30795288085938,0,11.986666679382324,vegetation
162,500555.0,2597495.0,0.5907759666442871,-0.1796356737613678,28.176067352294922,1.1482093334197998,1658.3599853515625,295.4657287597656,101.24376678466797,1,31.97858238220215,water
163,500045.0,2599685.0,0.62288898229599,-0.16581477224826813,27.002470016479492,4.219055652618408,1502.5054931640625,1020.0,115.66545104980469,0,2.046565294265747,vegetation
164,502085.0,2597255.0,0.6278226375579834,-0.025008780881762505,28.145477294921875,15.034993171691895,1629.54638671875,1288.6038818359375,842.1498413085938,0,0.0,vegetation
165,502295.0,2598665.0,-0.19383357465267181,-0.38376888632774353,28.058401107788086,10.78200912475586,2032.027099609375,0.0,0.0,1,91.69522094726562,water
166,501485.0,2599175.0,0.6678537130355835,-0.11836355924606323,26.26061248779297,12.0252685546875,2183.5869140625,241.86773681640625,166.87254333496094,0,8.850619316101074,vegetation
167,501665.0,2599535.0,0.5639131665229797,-0.06174857169389725,27.808650970458984,11.557379722595215,2025.74267578125,600.0,439.3724365234375,0,47.29423141479492,vegetation
168,501965.0,2598455.0,0.4009556174278259,0.30817702412605286,31.312448501586914,17.28057289123535,2169.443603515625,305.941162109375,2123.28564453125,0,41.604217529296875,built_up
169,500705.0,2599445.0,0.5772589445114136,-0.04921722412109375,28.241785049438477,11.846902847290039,1797.145751953125,872.0665283203125,634.7577514648438,0,4.066099643707275,vegetation
170,500735.0,2599385.0,0.5640397071838379,-0.038932375609874725,28.393598556518555,12.833756446838379,1846.0535888671875,807.2174682617188,690.6508178710938,0,2.97538161277771,vegetation
171,502115.0,2598245.0,0.27223703265190125,0.28934216499328613,32.315948486328125,19.707210540771484,2069.23828125,416.7733154296875,3130.812255859375,0,55.33778381347656,vegetation
172,502355.0,2599025.0,0.5304625630378723,0.10353097319602966,30.82433319091797,8.680319786071777,1965.0517578125,308.868896484375,920.1719360351562,0,29.548627853393555,built_up
173,501905.0,2598875.0,-0.2508595287799835,-0.4086601734161377,26.621063232421875,8.514078140258789,2189.64208984375,0.0,0.0,1,93.54674530029297,water
174,500435.0,2598305.0,0.5772848129272461,-0.1451062560081482,28.713653564453125,9.707670211791992,2133.875,90.0,181.03004455566406,1,95.69241333007812,vegetation
175,500885.0,2597135.0,0.6671472191810608,-0.20241117477416992,25.665023803710938,6.62415075302124,1440.42724609375,547.4486083984375,110.07549285888672,0,5.058768272399902,vegetation
176,501815.0,2598005.0,0.4267423152923584,0.20683011412620544,30.945337295532227,22.259855270385742,2007.379638671875,778.267333984375,1162.182373046875,0,13.245266914367676,built_up
177,501695.0,2599205.0,0.6056548953056335,-0.057183440774679184,27.434383392333984,10.322867393493652,2152.030029296875,270.0,354.53326416015625,1,15.570084571838379,water
178,501155.0,2599655.0,0.543394923210144,-0.10808974504470825,28.330638885498047,12.349406242370605,1907.76416015625,804.9844970703125,279.4975280761719,0,19.598573684692383,cropland
179,500435.0,2597075.0,0.7121277451515198,-0.27282604575157166,27.15214729309082,0.5,1543.444091796875,94.86833190917969,88.10047912597656,1,82.01912689208984,built_up
180,502865.0,2599595.0,0.5258177518844604,0.028626473620533943,29.151811599731445,3.0067319869995117,1863.226806640625,1056.8348388671875,416.07977294921875,0,10.067721366882324,cropland
181,502115.0,2597915.0,0.4386993944644928,0.1900673806667328,30.506105422973633,20.48548698425293,1938.582763671875,684.7627563476562,994.7140502929688,1,27.00418472290039,built_up
182,501995.0,2598965.0,0.4982771873474121,0.0441189780831337,30.598514556884766,8.622941970825195,2131.97216796875,108.16654205322266,1300.251708984375,1,61.28724670410156,built_up
183,500945.0,2598935.0,0.6382472515106201,-0.19122709333896637,26.80560302734375,15.565091133117676,2168.2783203125,339.4112548828125,301.6195068359375,0,6.992724895477295,vegetation
184,500375.0,2599775.0,0.6965378522872925,-0.22870156168937683,26.632183074951172,5.1522536277771,1506.1602783203125,1158.0155029296875,140.36087036132812,0,0.0,vegetation
185,502625.0,2599715.0,0.5987825989723206,0.17787763476371765,29.00215721130371,3.33085036277771,1880.5269775390625,1046.5657958984375,276.06268310546875,0,12.329947471618652,cropland
186,502055.0,2597795.0,0.4801591634750366,0.1237206757068634,29.634117126464844,20.28593635559082,1875.3846435546875,818.8406372070312,626.9286499023438,0,25.233369827270508,cropland
187,500705.0,2597045.0,0.6820143461227417,-0.22591696679592133,26.313617706298828,2.3790266513824463,1474.310791015625,360.0,69.87980651855469,0,18.46025276184082,vegetation
188,500825.0,2597345.0,0.6751969456672668,-0.21461862325668335,26.333463668823242,6.652891635894775,1520.8480224609375,513.5172729492188,103.96727752685547,0,12.297140121459961,vegetation
189,501695.0,2599655.0,0.5862411260604858,-0.03563379496335983,28.3028564453125,11.793763160705566,1986.1534423828125,720.0,535.0619506835938,0,64.25625610351562,vegetation
190,500555.0,2598095.0,0.613296627998352,-0.09091097116470337,29.117252349853516,8.25622272491455,2034.5054931640625,270.0,251.71176147460938,0,65.68037414550781,vegetation
191,500135.0,2598425.0,0.6682674288749695,-0.20510675013065338,27.678131103515625,10.740028381347656,2175.533935546875,67.08203887939453,127.91419219970703,1,98.26800537109375,vegetation
192,502805.0,2597855.0,0.3925706744194031,0.04358852654695511,30.560693740844727,15.262913703918457,1899.1162109375,570.0,767.318359375,1,11.827863693237305,built_up
193,502775.0,2598065.0,0.38673585653305054,0.16233839094638824,30.673622131347656,15.80045223236084,1928.490478515625,360.0,1149.4619140625,0,16.15890121459961,built_up
194,501005.0,2598305.0,0.5990898013114929,-0.03548363223671913,27.127470016479492,12.567081451416016,2159.817138671875,134.16407775878906,308.4425048828125,0,44.85624694824219,vegetation
195,500915.0,2598785.0,0.6312689185142517,-0.19371098279953003,26.3807315826416,14.971405029296875,2206.0947265625,254.55844116210938,297.23651123046875,1,29.025287628173828,vegetation
196,500465.0,2598455.0,-0.21302570402622223,-0.4175085127353668,24.65469741821289,11.043803215026855,2165.52880859375,0.0,0.0,1,100.0,water
197,502145.0,2597975.0,0.4087974429130554,0.17740780115127563,31.018436431884766,20.39190673828125,1964.481689453125,617.73779296875,1329.62109375,0,36.62797546386719,built_up
198,501065.0,2599415.0,0.6339283585548401,-0.14534074068069458,27.536985397338867,13.569698333740234,1972.8546142578125,632.8507080078125,476.0439758300781,0,5.3222551345825195,vegetation
199,502895.0,2597495.0,0.5376101732254028,-0.06400147080421448,29.634727478027344,15.743523597717285,1805.221923828125,930.0,969.9385986328125,0,7.277476787567139,cropland
200,500795.0,2597975.0,0.6434735655784607,-0.0742548406124115,28.51095199584961,10.689105987548828,1942.607666015625,390.0,186.84271240234375,0,6.966333389282227,vegetation
201,500705.0,2598335.0,0.6242181062698364,-0.1259697824716568,28.44371795654297,10.372045516967773,2142.55126953125,30.0,436.6340637207031,1,96.26842498779297,vegetation
202,502775.0,2599145.0,0.5331394672393799,0.05142216011881828,30.265216827392578,8.449918746948242,1846.9525146484375,632.8507080078125,471.7415466308594,0,27.12062644958496,built_up
203,500675.0,2597105.0,0.6672926545143127,-0.22153954207897186,26.505517959594727,1.789496660232544,1488.109130859375,335.4101867675781,68.61447143554688,0,20.587135314941406,vegetation
204,502865.0,2598245.0,0.4801177382469177,0.1849820911884308,29.951955795288086,15.615348815917969,1920.1351318359375,180.0,2350.15185546875,0,23.16429328918457,built_up
205,500495.0,2597315.0,0.6326373219490051,-0.23378156125545502,27.62215805053711,0.5,1588.1641845703125,182.48287963867188,117.87455749511719,0,55.90061569213867,vegetation
206,502895.0,2597255.0,0.5498061776161194,-0.10897601395845413,28.401308059692383,16.69058609008789,1749.0120849609375,1170.0,538.2840576171875,0,9.361763000488281,cropland
207,500285.0,2598485.0,-0.21927621960639954,-0.4363451302051544,24.14274024963379,11.28396987915039,2172.431396484375,0.0,0.0,1,100.0,water
208,502085.0,2597765.0,0.4873853325843811,0.08268031477928162,29.385719299316406,19.765756607055664,1860.1995849609375,831.9254760742188,539.439697265625,0,21.37591552734375,cropland
209,500525.0,2598365.0,-0.21001194417476654,-0.40431150794029236,25.085437774658203,9.808484077453613,2148.093505859375,0.0,0.0,1,100.0,water
210,501545.0,2598575.0,0.64963299036026,-0.12675710022449493,28.282411575317383,14.62852668762207,2300.103515625,256.3200988769531,417.8718566894531,0,6.6913347244262695,cropland
211,502385.0,2597615.0,0.5656694769859314,-0.060213010758161545,28.152236938476562,15.833734512329102,1814.5472412109375,844.8076782226562,416.1751708984375,0,11.195910453796387,vegetation
212,500195.0,2598875.0,0.763961911201477,-0.18474863469600677,27.49997901916504,16.717201232910156,2079.08544921875,258.06976318359375,139.8170166015625,0,36.353790283203125,vegetation
213,501755.0,2599055.0,0.641459047794342,-0.024347880855202675,28.24867057800293,9.366959571838379,2194.29150390625,120.0,509.0858154296875,1,31.852352142333984,vegetation
214,501035.0,2597525.0,0.7625224590301514,-0.21647296845912933,26.14244842529297,12.673234939575195,1588.0960693359375,758.9466552734375,151.69329833984375,0,4.171612739562988,vegetation
215,500735.0,2598545.0,0.6455292701721191,-0.16033457219600677,27.354808807373047,13.27173900604248,2189.839111328125,120.0,374.6988830566406,1,86.88360595703125,vegetation
216,500795.0,2599535.0,0.5506632924079895,-0.0034765463788062334,28.09078598022461,11.215864181518555,1787.8787841796875,890.4493408203125,727.7894287109375,1,6.8699846267700195,cropland
217,501605.0,2598425.0,0.5784222483634949,-0.010098466649651527,29.538570404052734,17.15081214904785,2255.966796875,416.7733154296875,735.6683959960938,0,7.474945545196533,built_up
218,501455.0,2598755.0,0.659757137298584,-0.1403934508562088,27.19001579284668,11.792169570922852,2309.7890625,60.0,471.4737548828125,1,33.0976448059082,vegetation
219,501215.0,2598275.0,0.6082111597061157,-0.03539522364735603,27.109275817871094,14.98987102508545,2172.7080078125,268.3281555175781,324.66583251953125,0,7.449193000793457,vegetation
220,501605.0,2598185.0,0.43438878655433655,0.07015649974346161,30.553569793701172,20.19922637939453,2136.7392578125,593.9697265625,1518.291748046875,0,5.97756814956665,built_up
221,501875.0,2598905.0,-0.19529393315315247,-0.38180503249168396,26.278852462768555,8.310728073120117,2195.657470703125,0.0,0.0,1,92.09741973876953,water
222,501815.0,2597165.0,0.6655957102775574,0.006422829814255238,27.838693618774414,15.963432312011719,1524.4862060546875,1474.8897705078125,862.8475341796875,0,13.457573890686035,cropland
223,500495.0,2598065.0,0.6272175908088684,-0.09200809895992279,29.066131591796875,7.17215633392334,2023.43212890625,301.49627685546875,249.23480224609375,1,64.9007339477539,vegetation
224,502055.0,2597465.0,0.6134973168373108,-0.03017609938979149,28.209415435791016,16.993572235107422,1699.8387451171875,1113.6427001953125,652.9012451171875,0,9.669717788696289,cropland
225,501515.0,2598695.0,0.6631196141242981,-0.13282759487628937,27.633054733276367,12.81022834777832,2310.83349609375,134.16407775878906,494.81243896484375,0,21.37992286682129,vegetation
226,501635.0,2597585.0,0.5164348483085632,0.009058705531060696,29.45071792602539,19.59572410583496,1681.000732421875,1074.15087890625,467.4384460449219,0,8.08881664276123,cropland
227,501275.0,2597045.0,0.574202835559845,-0.16203925013542175,25.479236602783203,12.933489799499512,1386.2919921875,930.0,187.41893005371094,0,6.86180305480957,vegetation
228,502985.0,2598215.0,0.5207781195640564,0.11923711746931076,29.60120391845703,16.13005256652832,1914.07666015625,228.4731903076172,2331.384521484375,0,16.154285430908203,built_up
229,501305.0,2597135.0,0.6214414238929749,-0.17962554097175598,25.500591278076172,13.56869125366211,1400.3997802734375,964.2095336914062,150.93170166015625,0,7.815007209777832,vegetation
230,501725.0,2598995.0,0.6706840395927429,-0.07058484852313995,28.09434700012207,9.259758949279785,2221.594482421875,60.0,543.4080810546875,1,40.77061080932617,vegetation
231,502415.0,2597825.0,0.4812398850917816,0.021759599447250366,29.77875518798828,16.849254608154297,1894.21435546875,635.6885986328125,1319.1187744140625,0,19.51360321044922,cropland
232,500345.0,2598095.0,0.6328285336494446,-0.16169719398021698,28.863792419433594,6.134253025054932,2054.947265625,301.49627685546875,213.18991088867188,1,76.8338623046875,vegetation
233,501335.0,2598335.0,0.6012394428253174,-0.050312161445617676,27.641307830810547,15.73383903503418,2218.52294921875,296.98486328125,365.1730041503906,0,12.581583023071289,vegetation
234,500825.0,2599595.0,0.5239672064781189,0.019910182803869247,28.100133895874023,10.742237091064453,1773.6522216796875,918.3136596679688,658.3075561523438,0,8.944332122802734,cropland
235,502595.0,2599055.0,0.48511701822280884,0.06206739321351051,30.963369369506836,8.982426643371582,1884.838134765625,457.93011474609375,441.90087890625,1,20.3300724029541,water
236,501005.0,2599025.0,0.6792231798171997,-0.21619080007076263,26.8681583404541,15.392101287841797,2149.547607421875,361.2478332519531,248.4552001953125,0,4.302394390106201,vegetation
237,500765.0,2597945.0,0.6376120448112488,-0.07476308941841125,28.583200454711914,10.037958145141602,1923.0322265625,420.0,183.66448974609375,0,9.286036491394043,vegetation
238,500855.0,2597075.0,0.6945285201072693,-0.21257315576076508,25.656064987182617,5.794437408447266,1438.697021484375,510.881591796875,107.00947570800781,0,9.406669616699219,vegetation
239,501455.0,2599595.0,0.5765988230705261,-0.06176009774208069,27.833032608032227,12.776862144470215,2003.8275146484375,662.7216796875,473.7531433105469,0,40.15951156616211,vegetation
240,500855.0,2597825.0,0.7524259090423584,-0.1168164387345314,27.63559341430664,11.094093322753906,1827.1722412109375,543.3231201171875,141.41403198242188,0,0.35885876417160034,vegetation
241,501035.0,2597435.0,0.7160736322402954,-0.2033160924911499,25.875852584838867,11.856658935546875,1531.420166015625,735.4590454101562,122.0484619140625,0,3.4225239753723145,vegetation
242,500195.0,2598545.0,-0.14572347700595856,-0.3949280083179474,23.908281326293945,12.068236351013184,2175.837646484375,0.0,0.0,1,100.0,water
243,501545.0,2598275.0,0.5184189677238464,0.04604154825210571,29.795454025268555,18.653749465942383,2192.657470703125,488.3646240234375,1014.8839721679688,0,4.543825626373291,cropland
244,500495.0,2597375.0,0.6107043623924255,-0.2212410718202591,27.887876510620117,0.5,1612.763671875,201.24612426757812,119.93702697753906,1,47.686973571777344,vegetation
245,502595.0,2597885.0,0.451321542263031,0.07504218816757202,30.47974967956543,15.8270263671875,1909.6749267578125,540.8327026367188,1678.510009765625,0,20.155885696411133,vegetation
246,502865.0,2597855.0,0.38175109028816223,0.008621150627732277,30.537405014038086,15.309683799743652,1897.5015869140625,570.0,639.3307495117188,0,5.251664161682129,built_up
247,502445.0,2597165.0,0.646537184715271,-0.22941482067108154,27.78260040283203,13.965301513671875,1694.118408203125,1272.792236328125,275.473876953125,0,2.381932020187378,vegetation
248,502445.0,2598905.0,0.5450403094291687,0.20190884172916412,31.261335372924805,9.890007972717285,1944.6021728515625,254.55844116210938,692.9818115234375,0,27.422771453857422,built_up
249,500555.0,2598455.0,0.6118299961090088,-0.19117505848407745,28.203319549560547,11.546327590942383,2166.44580078125,30.0,378.259765625,1,100.0,vegetation
250,501695.0,2598305.0,0.424496054649353,0.0900040790438652,30.81785011291504,19.425308227539062,2194.435791015625,531.6013793945312,1962.5203857421875,1,7.928400993347168,built_up
251,500525.0,2599475.0,0.6101251840591431,-0.10200999677181244,28.05182647705078,10.310491561889648,1710.4652099609375,941.541259765625,276.77520751953125,0,0.9185855984687805,vegetation
252,500195.0,2598425.0,0.6782281398773193,-0.21665866672992706,27.70730972290039,10.619531631469727,2172.14892578125,42.42640686035156,122.64476013183594,1,100.0,vegetation
253,502265.0,2599955.0,0.5444976687431335,0.013961530290544033,29.26938819885254,7.317257404327393,1892.171875,1120.0892333984375,1526.406494140625,0,30.209680557250977,cropland
254,500495.0,2598995.0,0.6099345684051514,-0.12100371718406677,28.450992584228516,16.81752586364746,2029.8587646484375,523.927490234375,433.8985595703125,0,23.390348434448242,vegetation
255,500135.0,2597885.0,0.5642883777618408,-0.15297292172908783,29.37285804748535,0.5,1962.812255859375,256.3200988769531,262.96588134765625,1,74.68402862548828,vegetation
256,501425.0,2599565.0,0.5782310366630554,-0.08426129817962646,27.652240753173828,12.843994140625,2010.9683837890625,636.3961181640625,443.8899230957031,0,33.67226028442383,vegetation
257,502925.0,2597705.0,0.5206434726715088,-0.09490566700696945,30.081539154052734,15.327274322509766,1861.908935546875,720.624755859375,743.9111328125,0,7.794023513793945,cropland
258,501995.0,2597945.0,0.424983412027359,0.258902370929718,30.747188568115234,21.606502532958984,1960.821533203125,726.2230834960938,1201.635009765625,1,26.57676124572754,built_up
259,501545.0,2598215.0,0.48097312450408936,0.04815193638205528,30.025312423706055,19.33553123474121,2157.34423828125,530.754150390625,1138.1099853515625,0,3.3630619049072266,cropland
260,501905.0,2598425.0,0.4158077836036682,0.2620066702365875,31.174558639526367,17.93674087524414,2184.701416015625,351.1409912109375,2129.518310546875,0,29.01161003112793,built_up
261,500975.0,2599205.0,0.6246020197868347,-0.14498719573020935,27.625917434692383,15.038862228393555,2048.392578125,516.1395263671875,323.5135498046875,0,0.09615984559059143,vegetation
262,500405.0,2599745.0,0.6894567012786865,-0.220833420753479,26.79057502746582,5.6795477867126465,1526.3006591796875,1138.419921875,143.802001953125,0,0.0,vegetation
263,500525.0,2598095.0,0.6164008975028992,-0.09355416893959045,29.098297119140625,7.9155731201171875,2037.044677734375,270.0,247.0692901611328,1,67.44780731201172,vegetation
264,501695.0,2599595.0,0.5753185749053955,-0.056053128093481064,28.09532356262207,11.566865921020508,2003.457275390625,660.0,463.3542175292969,1,58.87528610229492,vegetation
265,502655.0,2597285.0,0.6125205755233765,-0.07200358808040619,27.826204299926758,15.10212230682373,1743.6217041015625,1140.0,247.63470458984375,0,6.588406085968018,built_up
266,500375.0,2599475.0,0.6226769089698792,-0.1223253384232521,27.893220901489258,9.412347793579102,1669.6536865234375,874.6427612304688,148.3400421142578,0,0.8752304911613464,vegetation
267,501485.0,2598635.0,0.6647655367851257,-0.14890556037425995,27.620773315429688,13.527379989624023,2310.546630859375,174.92855834960938,381.0298156738281,0,10.38485050201416,vegetation
268,500645.0,2597165.0,0.6656709909439087,-0.21735388040542603,26.683765411376953,1.266028881072998,1506.4073486328125,323.1098937988281,71.74383544921875,1,25.261070251464844,vegetation
269,500975.0,2598215.0,0.6213844418525696,-0.09691880643367767,27.552181243896484,12.838833808898926,2107.548095703125,201.24612426757812,296.23199462890625,0,23.784637451171875,vegetation
270,502145.0,2599355.0,0.5305802226066589,-0.03911435231566429,29.393367767333984,7.671248435974121,1979.61474609375,523.927490234375,675.1251220703125,0,26.85190773010254,cropland
271,500855.0,2598815.0,0.570743978023529,-0.16793358325958252,26.848819732666016,15.583269119262695,2183.14013671875,318.9043884277344,351.90020751953125,1,28.069786071777344,vegetation
272,500675.0,2598845.0,0.5629740953445435,-0.12997612357139587,27.581615447998047,16.612504959106445,2132.70361328125,417.8516540527344,523.5321655273438,1,41.07212448120117,vegetation
273,502715.0,2599085.0,0.505592405796051,0.04334046319127083,30.628923416137695,8.974247932434082,1857.1251220703125,550.726806640625,405.423828125,0,22.11249351501465,built_up
274,502955.0,2598785.0,0.4719410538673401,-0.016538536176085472,30.34673309326172,12.691389083862305,1839.554443359375,270.0,766.7088012695312,0,25.792999267578125,built_up
275,502895.0,2598035.0,0.3852841854095459,0.10395489633083344,30.38590431213379,15.805776596069336,1919.6507568359375,390.0,1062.433349609375,1,17.68938446044922,built_up
276,502325.0,2598875.0,0.521230936050415,0.19309748709201813,31.210651397705078,9.640279769897461,1996.7296142578125,161.55494689941406,1051.1546630859375,0,40.5482063293457,built_up
277,502955.0,2598125.0,0.470449835062027,0.09779661148786545,29.911651611328125,16.087894439697266,1918.9722900390625,305.941162109375,1646.5045166015625,0,11.448984146118164,cropland
278,502025.0,2597615.0,0.5228191018104553,-0.019142527133226395,28.801490783691406,18.800884246826172,1770.8310546875,993.1766967773438,514.1853637695312,0,15.825190544128418,cropland
279,501365.0,2598875.0,0.6567289233207703,-0.157285675406456,26.70741081237793,11.414606094360352,2285.373779296875,30.0,362.3818054199219,0,43.18540573120117,vegetation
280,502295.0,2598125.0,0.3162306845188141,0.16035699844360352,32.13676834106445,18.808704376220703,1994.6871337890625,416.7733154296875,1746.26904296875,0,48.24380111694336,built_up
281,501785.0,2599985.0,0.684689462184906,0.02721446193754673,28.754779815673828,12.045710563659668,1932.153076171875,1050.0,1090.360595703125,0,63.862274169921875,cropland
282,500555.0,2599775.0,0.6081875562667847,-0.12777964770793915,27.354562759399414,6.675731658935547,1570.93212890625,1221.556396484375,235.67066955566406,0,1.881147861480713,vegetation
283,500615.0,2599535.0,0.6089379191398621,-0.08892939239740372,27.896936416625977,9.980157852172852,1706.95068359375,999.049560546875,413.5970458984375,0,4.16732120513916,vegetation
284,502025.0,2598545.0,0.3962298631668091,0.2959323227405548,31.33184242248535,15.248397827148438,2156.1533203125,201.24612426757812,1855.11767578125,1,58.17619705200195,built_up
285,500555.0,2598665.0,0.6400785446166992,-0.2533027231693268,27.51003646850586,15.439920425415039,2164.730224609375,212.1320343017578,434.7771911621094,0,77.9097671508789,vegetation
286,501425.0,2599625.0,0.5804412364959717,-0.06687746942043304,28.013343811035156,12.8585844039917,1990.2144775390625,695.8447875976562,484.4178466796875,0,38.055213928222656,vegetation
287,500195.0,2597165.0,-0.19832390546798706,-0.38883861899375916,25.756322860717773,0.5,1599.033203125,0.0,0.0,1,96.4352035522461,water
288,502535.0,2598275.0,0.29549717903137207,0.1938627064228058,31.656442642211914,15.94266414642334,1964.635498046875,174.92855834960938,2236.788330078125,1,51.000633239746094,built_up
289,500975.0,2599505.0,0.5786460041999817,-0.05034923553466797,27.943622589111328,12.553167343139648,1889.347412109375,757.165771484375,619.46484375,0,3.3351047039031982,cropland
290,502475.0,2598155.0,0.32538464665412903,0.16134434938430786,31.86370086669922,17.041135787963867,1968.1317138671875,308.868896484375,1581.47509765625,0,44.10783386230469,built_up
291,501815.0,2599115.0,0.6061426997184753,0.03375289589166641,28.665401458740234,9.153347969055176,2156.3818359375,182.48287963867188,512.4918823242188,0,31.745567321777344,cropland
292,501215.0,2599025.0,0.7040471434593201,-0.21287351846694946,26.404672622680664,13.983282089233398,2210.930908203125,234.3074951171875,254.6868896484375,0,2.8533554077148438,vegetation
293,502055.0,2597615.0,0.5283010601997375,-0.02232728898525238,28.690155029296875,18.562713623046875,1775.27294921875,979.4896850585938,480.9700927734375,0,12.79140567779541,cropland
294,502715.0,2597825.0,0.43502265214920044,0.055485036224126816,30.384029388427734,15.251091003417969,1894.0279541015625,600.0,1014.4481201171875,0,9.567214012145996,built_up
295,502715.0,2597285.0,0.5983699560165405,-0.05677645280957222,27.990371704101562,15.480804443359375,1748.5396728515625,1140.0,277.0920715332031,0,5.316822052001953,vegetation
296,501365.0,2599385.0,0.6053479909896851,-0.16116152703762054,26.65028190612793,13.143284797668457,2076.94140625,474.3416442871094,272.7583923339844,0,7.055685520172119,vegetation
297,500105.0,2599145.0,0.7737618088722229,-0.09364151209592819,28.001602172851562,14.429396629333496,1899.97705078125,483.7354736328125,154.0911102294922,0,6.627982139587402,vegetation
298,500765.0,2598395.0,-0.1640283167362213,-0.42071333527565,24.340360641479492,10.546868324279785,2166.209228515625,0.0,0.0,1,97.3780288696289,water
299,501125.0,2599115.0,0.6915736198425293,-0.222550168633461,26.697277069091797,14.769948959350586,2146.5791015625,361.2478332519531,223.58578491210938,0,2.74233078956604,vegetation
300,502175.0,2598455.0,0.31473013758659363,0.3231181502342224,32.019344329833984,16.294960021972656,2085.388916015625,212.1320343017578,2688.608642578125,0,66.76018524169922,built_up
301,500945.0,2597405.0,0.6774976849555969,-0.1913120150566101,26.074026107788086,9.819634437561035,1526.825927734375,641.3267211914062,118.76629638671875,0,9.980849266052246,vegetation
302,500795.0,2598875.0,0.5364221930503845,-0.13398446142673492,27.351125717163086,16.208850860595703,2148.52001953125,403.6087341308594,438.6086730957031,0,29.997400283813477,cropland
303,502775.0,2599595.0,0.523390531539917,0.046225130558013916,29.28679656982422,3.256160020828247,1868.281494140625,1008.4641723632812,409.0486755371094,0,11.930803298950195,cropland
304,502205.0,2598725.0,-0.13097932934761047,-0.38397613167762756,28.047082901000977,9.973872184753418,2068.986572265625,0.0,0.0,1,87.66712951660156,water
305,502145.0,2597225.0,0.6676025390625,-0.06182512640953064,27.943166732788086,14.525781631469727,1638.1505126953125,1292.4395751953125,638.60498046875,0,0.0,vegetation
306,500855.0,2599535.0,0.541431188583374,0.002966474974527955,28.108205795288086,11.599781036376953,1817.0562744140625,852.76025390625,740.021484375,0,2.968482255935669,cropland
307,501785.0,2599175.0,0.5956591963768005,0.011005903594195843,28.243576049804688,9.507867813110352,2143.274169921875,240.0,431.0563049316406,0,23.26039695739746,vegetation
308,500015.0,2597585.0,-0.2379869818687439,-0.4042781591415405,26.28586196899414,0.5,1793.2603759765625,0.0,0.0,1,93.98885345458984,water
309,502115.0,2597735.0,0.49934545159339905,0.045677121728658676,29.126466751098633,19.218191146850586,1845.98974609375,845.3401489257812,471.4155578613281,0,16.851240158081055,cropland
310,501275.0,2598245.0,0.6158145070075989,-0.057568442076444626,27.49663734436035,15.954439163208008,2161.9482421875,324.4996032714844,328.4633483886719,0,5.418736457824707,vegetation
311,501785.0,2598185.0,0.3361824154853821,0.1498115211725235,31.468114852905273,21.2244815826416,2119.748291015625,618.4658203125,2900.156982421875,0,17.25510025024414,built_up
312,501065.0,2597945.0,0.8024213314056396,-0.1198853999376297,27.182327270507812,14.973271369934082,1919.2783203125,484.6648254394531,226.6341094970703,0,1.7500180006027222,vegetation
313,501905.0,2598185.0,0.2993854582309723,0.2008022964000702,31.812530517578125,21.282766342163086,2098.87841796875,577.0615234375,3771.200439453125,1,30.421987533569336,built_up
314,500675.0,2598905.0,0.5563383102416992,-0.11606552451848984,27.793928146362305,16.75107765197754,2108.3857421875,474.3416442871094,554.7953491210938,0,27.99920654296875,vegetation
315,502025.0,2598845.0,0.4548593759536743,0.10237129032611847,30.972688674926758,8.991117477416992,2141.49072265625,30.0,1587.1051025390625,1,84.54672241210938,built_up
316,502145.0,2598155.0,0.29679322242736816,0.22533230483531952,32.194236755371094,20.149032592773438,2034.29150390625,468.614990234375,2521.654052734375,0,57.73719024658203,built_up
317,500915.0,2597345.0,0.6586451530456543,-0.18237163126468658,26.028715133666992,8.659574508666992,1502.3582763671875,602.9925537109375,106.98107147216797,0,14.435660362243652,vegetation
318,502925.0,2599955.0,0.6563523411750793,0.012373009696602821,27.50797462463379,0.5,1876.7486572265625,1395.8868408203125,339.84722900390625,0,4.381198883056641,cropland
319,501185.0,2598125.0,0.6343550086021423,-0.10918337851762772,27.449495315551758,15.859099388122559,2070.329345703125,375.89892578125,259.60772705078125,0,8.092473983764648,vegetation
320,501365.0,2597375.0,0.7437195777893066,-0.1817074865102768,26.227584838867188,15.921550750732422,1497.9122314453125,1053.85009765625,186.88232421875,1,5.075531482696533,cropland
321,501875.0,2597405.0,0.610884964466095,0.038773901760578156,28.560504913330078,17.49750328063965,1628.1102294921875,1247.798095703125,644.7269897460938,0,9.905343055725098,cropland
322,500405.0,2599685.0,0.6899511814117432,-0.19989120960235596,26.95120620727539,6.3550920486450195,1552.47021484375,1081.6654052734375,134.5956268310547,0,0.0,vegetation
323,500705.0,2597675.0,0.6657891869544983,-0.1403057724237442,27.96063804626465,6.634058475494385,1738.1689453125,510.0,164.92803955078125,0,11.8748140335083,vegetation
324,502475.0,2598365.0,0.3058183491230011,0.19775886833667755,31.805206298828125,15.370878219604492,1978.7021484375,123.69316864013672,3794.491943359375,1,66.19644165039062,built_up
325,501395.0,2598635.0,0.6545543074607849,-0.16356803476810455,27.081878662109375,13.048055648803711,2309.75,127.27922058105469,302.48040771484375,0,18.317720413208008,vegetation
326,500525.0,2597615.0,0.6136544346809387,-0.1232701987028122,28.5743408203125,1.601723551750183,1735.034423828125,323.1098937988281,142.15423583984375,1,31.171100616455078,vegetation
327,502925.0,2599925.0,0.6522311568260193,0.02487371303141117,27.552276611328125,0.5,1876.3485107421875,1369.5255126953125,333.6549987792969,0,8.1005220413208,cropland
328,502505.0,2597645.0,0.5140765309333801,-0.021269923076033592,28.683406829833984,15.346450805664062,1835.2056884765625,789.1767578125,528.1613159179688,0,9.014366149902344,cropland
329,502385.0,2597585.0,0.5842722058296204,-0.07406488806009293,27.97761344909668,15.648307800292969,1803.0394287109375,873.6131591796875,389.29693603515625,0,5.899317264556885,built_up
330,500375.0,2599265.0,0.597913920879364,-0.06216917932033539,28.723703384399414,13.27278995513916,1824.8021240234375,684.7627563476562,184.1968536376953,0,6.51053524017334,vegetation
331,500465.0,2598875.0,0.6615476608276367,-0.15086978673934937,27.87422752380371,17.11676025390625,2089.806640625,400.2499084472656,350.8267517089844,0,45.44345474243164,vegetation
332,501995.0,2597465.0,0.6034277677536011,-0.014394480735063553,28.422739028930664,17.41548728942871,1686.6051025390625,1140.3946533203125,669.0031127929688,0,1.9318491220474243,cropland
333,500855.0,2598425.0,-0.12305956333875656,-0.42782142758369446,23.607086181640625,10.822916030883789,2185.24658203125,0.0,0.0,1,100.0,water
334,501095.0,2598935.0,0.7160848379135132,-0.24553564190864563,26.31993865966797,14.531535148620605,2213.044677734375,234.3074951171875,273.4671325683594,0,6.989040851593018,vegetation
335,501335.0,2597135.0,0.6497858166694641,-0.1751069873571396,25.524019241333008,13.91374397277832,1402.756591796875,994.08251953125,144.55438232421875,0,4.132035255432129,vegetation
336,501965.0,2597225.0,0.5915279388427734,-0.025696296244859695,28.333576202392578,15.57096004486084,1586.6390380859375,1368.539306640625,929.3053588867188,0,3.2972731590270996,cropland
337,502085.0,2598275.0,0.28313934803009033,0.30285391211509705,32.22043228149414,19.58757781982422,2086.372802734375,408.04412841796875,3349.619384765625,1,60.86088943481445,built_up
338,501425.0,2597465.0,0.6744720339775085,-0.14007794857025146,27.380701065063477,17.290430068969727,1560.01123046875,1073.3126220703125,306.2390441894531,0,0.0,vegetation
339,500465.0,2599355.0,0.5658950209617615,-0.06956208497285843,28.60365104675293,12.044987678527832,1775.892333984375,807.7747192382812,227.10858154296875,0,5.96892786026001,vegetation
340,500975.0,2599865.0,0.4438335597515106,0.028101393952965736,28.97764778137207,10.13319206237793,1770.58203125,1073.3126220703125,144.2340545654297,0,30.22893524169922,cropland
341,502775.0,2597285.0,0.5764904022216797,-0.06142527610063553,28.203224182128906,15.869004249572754,1752.063232421875,1140.0,343.21734619140625,0,5.765848636627197,vegetation
342,501275.0,2599535.0,0.587053120136261,-0.1877172738313675,27.599082946777344,13.090592384338379,1992.2735595703125,646.2197875976562,349.58251953125,0,9.26378059387207,vegetation
343,501755.0,2598815.0,0.6501367092132568,-0.05677272006869316,28.91077423095703,10.154047966003418,2254.963134765625,30.0,1028.8184814453125,1,62.68572998046875,cropland
344,500795.0,2599745.0,0.505098819732666,0.018616624176502228,28.135883331298828,9.104450225830078,1699.7808837890625,1056.8348388671875,347.281494140625,0,14.603918075561523,cropland
345,502655.0,2598095.0,0.39918142557144165,0.17841878533363342,31.015968322753906,16.06684112548828,1939.8857421875,330.0,1330.582275390625,0,26.279077529907227,built_up
346,500465.0,2597105.0,0.7011958956718445,-0.26276853680610657,27.096725463867188,0.5,1540.3260498046875,134.16407775878906,81.78166198730469,1,66.60794067382812,vegetation
347,501965.0,2599115.0,0.5574117302894592,0.05210927501320839,29.825441360473633,8.48405647277832,2104.679443359375,228.4731903076172,691.3523559570312,0,34.23088836669922,cropland
348,500195.0,2599835.0,0.692847728729248,-0.26314836740493774,26.199514389038086,3.38637638092041,1449.809814453125,1179.576171875,147.10128784179688,0,1.01779043674469,vegetation
349,502325.0,2598005.0,0.40522629022598267,0.07956656813621521,31.30526351928711,18.512948989868164,1957.291748046875,510.0,1724.430908203125,1,38.3907585144043,built_up
350,502655.0,2598905.0,0.43529510498046875,0.037166669964790344,31.53764533996582,10.653149604797363,1878.6702880859375,366.1966552734375,467.9535827636719,0,25.991262435913086,built_up
351,502895.0,2599955.0,0.6321903467178345,0.020118549466133118,27.63384437561035,0.5,1877.8582763671875,1381.955078125,333.69586181640625,0,3.60018253326416,cropland
352,500075.0,2599715.0,0.6359319686889648,-0.18665361404418945,26.82236099243164,3.9502689838409424,1487.5108642578125,1050.428466796875,117.05278015136719,0,0.024269983172416687,vegetation
353,502445.0,2598815.0,0.5344412922859192,0.22248607873916626,31.454866409301758,10.59472370147705,1954.2977294921875,174.92855834960938,717.0966186523438,1,29.256450653076172,vegetation
354,500315.0,2599925.0,0.689205527305603,-0.22629494965076447,26.223331451416016,3.7492754459381104,1453.4398193359375,1288.6038818359375,202.79319763183594,0,0.08083309978246689,vegetation
355,500135.0,2598155.0,0.7328494191169739,-0.20144575834274292,28.19563102722168,6.032318115234375,2101.835205078125,308.868896484375,198.70654296875,1,80.29206085205078,vegetation
356,501215.0,2598905.0,0.6897268891334534,-0.23635061085224152,26.35974884033203,13.28266716003418,2253.140625,134.16407775878906,304.13751220703125,0,18.95826530456543,vegetation
357,500645.0,2597885.0,0.6398976445198059,-0.07943761348724365,28.795602798461914,7.3442511558532715,1893.2218017578125,480.0,243.69256591796875,0,13.687318801879883,vegetation
358,502055.0,2598995.0,0.4805735945701599,0.023423094302415848,30.75717544555664,8.580833435058594,2098.73681640625,161.55494689941406,1339.3525390625,0,54.703372955322266,built_up
359,500225.0,2598275.0,0.671154797077179,-0.16444553434848785,28.17162322998047,8.709716796875,2138.517578125,161.55494689941406,120.1299057006836,1,97.89141082763672,vegetation
360,501545.0,2599955.0,0.5842728018760681,0.026629669591784477,29.08464813232422,13.038195610046387,1939.562255859375,1020.0,644.707763671875,1,72.64258575439453,cropland
361,502265.0,2597495.0,0.6389782428741455,-0.0658673346042633,27.641267776489258,15.753764152526855,1752.0206298828125,997.2462158203125,445.7876892089844,0,4.902570724487305,vegetation
362,502325.0,2597765.0,0.502527117729187,0.012446708977222443,29.17952537536621,17.3358154296875,1870.24267578125,724.9827880859375,702.83447265625,0,17.87934112548828,cropland
363,501995.0,2597045.0,0.5623267889022827,-0.07800682634115219,28.38624382019043,14.737286567687988,1567.181396484375,1517.003662109375,750.3114624023438,0,5.287840843200684,cropland
364,502265.0,2599295.0,0.4860261082649231,-0.012264211662113667,29.79659080505371,7.318009853363037,1956.6566162109375,512.6401977539062,1097.2979736328125,1,30.761354446411133,cropland
365,502115.0,2597135.0,0.6376083493232727,-0.09899783879518509,28.167537689208984,14.284987449645996,1612.845703125,1387.1553955078125,555.7146606445312,0,0.0,vegetation
366,501215.0,2597795.0,0.6705472469329834,-0.12178494036197662,27.76340103149414,17.17336654663086,1799.498046875,684.7627563476562,239.63467407226562,0,0.0,vegetation
367,501575.0,2597525.0,0.551918625831604,-0.04267602786421776,28.93238639831543,18.798965454101562,1626.98095703125,1090.779541015625,448.3916015625,0,10.560376167297363,cropland
368,501095.0,2599895.0,0.43076226115226746,0.0702030137181282,29.398094177246094,11.127785682678223,1827.2183837890625,1047.85498046875,164.22488403320312,1,44.038639068603516,cropland
369,502715.0,2598245.0,0.41390231251716614,0.2109842300415039,30.58538818359375,15.556395530700684,1935.7962646484375,180.0,1774.4052734375,0,34.107975006103516,built_up
370,501515.0,2597735.0,0.5166783332824707,-0.09456000477075577,29.573089599609375,20.20159912109375,1778.89404296875,882.3264770507812,343.4694519042969,0,5.327802658081055,cropland
371,501455.0,2599265.0,0.644832968711853,-0.12001185119152069,26.23539161682129,12.49538803100586,2142.1484375,335.4101867675781,195.84918212890625,0,10.44778060913086,vegetation
372,501095.0,2597225.0,0.5791954398155212,-0.18441937863826752,25.48563003540039,11.102469444274902,1428.3975830078125,771.297607421875,97.66091918945312,0,10.774767875671387,vegetation
373,501695.0,2599175.0,0.6168763637542725,-0.056578926742076874,27.46599578857422,10.238641738891602,2164.017578125,240.0,349.52667236328125,1,14.054327011108398,vegetation
374,502865.0,2597375.0,0.5148788690567017,-0.057707060128450394,29.087505340576172,16.07982635498047,1774.2313232421875,1050.0,706.86865234375,0,11.178207397460938,cropland
375,501905.0,2598635.0,0.4751903712749481,0.2324945032596588,30.605371475219727,13.6619873046875,2211.43359375,161.55494689941406,1426.062255859375,1,52.350013732910156,built_up
376,502775.0,2598155.0,0.4244243800640106,0.1831776201725006,30.46894073486328,15.831732749938965,1931.2845458984375,270.0,1393.7255859375,0,20.555194854736328,built_up
377,500405.0,2599445.0,0.6081885695457458,-0.10947643220424652,28.081796646118164,10.122584342956543,1697.2969970703125,859.0692749023438,167.16644287109375,0,0.0,vegetation
378,500825.0,2599505.0,0.5551016926765442,-0.00997978076338768,28.117733001708984,11.761956214904785,1817.7353515625,849.0582885742188,769.1012573242188,0,4.519059181213379,cropland
379,501215.0,2599505.0,0.5979971289634705,-0.2092197835445404,27.523229598999023,13.187248229980469,1986.786376953125,644.1273193359375,337.1033020019531,0,5.693948745727539,vegetation
380,502715.0,2599685.0,0.5773996710777283,0.1230664998292923,28.94598960876465,2.7719228267669678,1875.7799072265625,1060.23583984375,294.7026672363281,0,11.259116172790527,cropland
381,502895.0,2599025.0,0.5311089754104614,-0.02765641175210476,30.291263580322266,10.110604286193848,1831.188720703125,513.5172729492188,560.7507934570312,1,24.254928588867188,built_up
382,500765.0,2599835.0,0.4940488338470459,0.028300704434514046,28.204147338867188,8.246136665344238,1659.6368408203125,1148.259521484375,221.60374450683594,0,13.862420082092285,cropland
383,502655.0,2599235.0,0.5215626358985901,0.05740392580628395,30.163166046142578,7.314708709716797,1867.59326171875,642.0280151367188,471.1910705566406,0,24.83967399597168,cropland
384,501635.0,2599985.0,0.6102997660636902,0.04383644834160805,28.967973709106445,12.833633422851562,1940.1361083984375,1050.0,799.2861938476562,1,70.08151245117188,cropland
385,502535.0,2597255.0,0.6193720102310181,-0.1505441814661026,27.698083877563477,14.448958396911621,1723.6768798828125,1173.4564208984375,254.31663513183594,0,1.705708384513855,vegetation
386,500705.0,2598365.0,-0.18192261457443237,-0.38764429092407227,24.791181564331055,10.195575714111328,2152.50927734375,0.0,0.0,1,100.0,water
387,501515.0,2597255.0,0.7172601222991943,-0.12604041397571564,26.697811126708984,16.12898063659668,1466.91943359375,1188.69677734375,220.5619354248047,0,11.639758110046387,vegetation
388,501725.0,2599565.0,0.5769644975662231,-0.0688781663775444,28.058677673339844,11.233566284179688,2009.7318115234375,630.0,436.99530029296875,0,46.60721206665039,vegetation
389,502895.0,2598095.0,0.42555320262908936,0.11865660548210144,30.20979118347168,15.911409378051758,1922.1986083984375,330.0,1385.3201904296875,0,15.703985214233398,built_up
390,501065.0,2597705.0,0.8033041954040527,-0.18391239643096924,26.788070678710938,14.506725311279297,1720.8046875,713.0918579101562,167.35704040527344,1,0.6352936029434204,vegetation
391,500075.0,2597495.0,-0.18142347037792206,-0.41565775871276855,26.222576141357422,0.5,1739.3502197265625,0.0,0.0,1,95.78532409667969,cropland
392,501845.0,2599955.0,0.7204912900924683,0.00796855241060257,28.671463012695312,11.59186840057373,1927.53173828125,1021.76318359375,1122.299560546875,0,58.90336990356445,cropland
393,501875.0,2599295.0,0.6063463687896729,-0.012399827130138874,28.50624656677246,9.121932983398438,2075.038818359375,371.0794982910156,365.5677490234375,0,22.11405372619629,vegetation
394,500015.0,2599925.0,0.6067885756492615,-0.30793726444244385,26.122648239135742,2.006937026977539,1422.7615966796875,1260.0,256.0376892089844,0,0.0,vegetation
395,502475.0,2597825.0,0.47952309250831604,0.026926709339022636,29.866357803344727,16.34865951538086,1894.30859375,618.4658203125,1470.983154296875,0,19.21995735168457,cropland
396,502415.0,2599985.0,0.520870566368103,-0.04661709815263748,29.25174903869629,5.346233367919922,1886.73681640625,1207.4766845703125,1349.95458984375,0,24.85161590576172,cropland
397,501905.0,2597435.0,0.6029683351516724,0.026439238339662552,28.600400924682617,17.64918327331543,1650.4215087890625,1207.4766845703125,661.9813842773438,0,13.196587562561035,cropland
398,500225.0,2597885.0,0.5799334049224854,-0.1399894505739212,29.27402114868164,0.5195001363754272,1953.0064697265625,295.4657287597656,239.28106689453125,1,71.61328887939453,vegetation
399,501755.0,2598755.0,0.6104449033737183,-0.008656534366309643,29.175283432006836,11.547514915466309,2262.25048828125,90.0,1092.2144775390625,1,52.27870559692383,cropland
400,500705.0,2597285.0,0.6891598105430603,-0.23988260328769684,26.625207901000977,3.3333210945129395,1525.388916015625,390.0,86.15167999267578,0,9.427335739135742,vegetation
401,502385.0,2598275.0,0.2607846260070801,0.238502636551857,32.28596878051758,17.104442596435547,1999.1751708984375,241.86773681640625,2306.95654296875,1,66.36536407470703,built_up
402,501545.0,2599025.0,0.6551278829574585,-0.12425065040588379,26.86240577697754,10.74758529663086,2242.0478515625,90.0,246.46241760253906,0,28.481754302978516,cropland
403,502955.0,2597405.0,0.5072553157806396,-0.08919645100831985,29.44776725769043,16.352298736572266,1780.33349609375,1021.76318359375,1022.389404296875,0,16.88936424255371,cropland
404,502175.0,2597405.0,0.656945526599884,-0.04706190899014473,27.73366355895996,15.599226951599121,1700.5595703125,1114.854248046875,633.4189453125,0,0.6522617340087891,vegetation
405,501095.0,2599925.0,0.4217221736907959,0.08125205338001251,29.48508071899414,11.081167221069336,1824.3822021484375,1075.4068603515625,159.44317626953125,0,47.63602828979492,cropland
406,502535.0,2598065.0,0.3925071358680725,0.13432396948337555,31.38677406311035,16.65945816040039,1948.3179931640625,371.0794982910156,1736.8907470703125,0,37.104671478271484,built_up
407,502235.0,2599655.0,0.503311276435852,-0.0768408551812172,29.419042587280273,7.345002174377441,1912.2469482421875,831.9254760742188,639.6569213867188,0,29.90489387512207,cropland
408,502955.0,2598305.0,0.517230749130249,0.19393865764141083,29.586774826049805,15.508777618408203,1907.8961181640625,134.16407775878906,3033.694580078125,1,16.329063415527344,built_up
409,501455.0,2597465.0,0.6527296304702759,-0.13482460379600525,27.644676208496094,17.524646759033203,1564.6873779296875,1087.060302734375,334.0055847167969,0,11.415292739868164,vegetation
410,500795.0,2597825.0,0.7031252384185791,-0.11515117436647415,27.992029190063477,9.879676818847656,1832.71435546875,540.0,158.76766967773438,0,8.26232624053955,vegetation
411,500705.0,2599295.0,0.5370132327079773,-0.012392206117510796,28.654382705688477,13.93686580657959,1891.115234375,763.6753540039062,630.879150390625,0,11.152688980102539,cropland
412,502085.0,2597945.0,0.4194187819957733,0.22319543361663818,30.767044067382812,20.886898040771484,1955.2391357421875,674.1661376953125,1170.3260498046875,0,30.95269203186035,built_up
413,501695.0,2598335.0,0.44400128722190857,0.08393661677837372,30.69060707092285,19.002592086791992,2207.89111328125,502.8916320800781,1744.5079345703125,0,3.562091827392578,built_up
414,501335.0,2597015.0,0.6339856386184692,-0.14436563849449158,25.48673439025879,13.623272895812988,1388.78564453125,990.0,159.64784240722656,1,7.690082550048828,vegetation
415,500225.0,2598125.0,0.6932207942008972,-0.1915319412946701,28.47899627685547,5.842416763305664,2081.180908203125,305.941162109375,194.86019897460938,1,81.99756622314453,vegetation
416,500465.0,2598095.0,0.6166734099388123,-0.10875497758388519,29.052501678466797,7.275984764099121,2042.6451416015625,276.5863342285156,235.21568298339844,1,73.15252685546875,vegetation
417,502475.0,2597195.0,0.6308366060256958,-0.2070077359676361,27.762710571289062,14.121320724487305,1703.755126953125,1239.112548828125,271.8335266113281,0,1.1138290166854858,vegetation
418,501215.0,2599385.0,0.6306232213973999,-0.2102469801902771,26.970170974731445,13.685877799987793,2041.433837890625,536.6563110351562,296.3158874511719,0,4.320847511291504,vegetation
419,501515.0,2597465.0,0.6113166809082031,-0.10636740922927856,28.14743995666504,17.920387268066406,1575.324951171875,1113.6427001953125,381.1405334472656,1,12.086305618286133,vegetation
420,500765.0,2598845.0,0.5349774360656738,-0.1304222196340561,27.364469528198242,16.250158309936523,2151.885986328125,400.2499084472656,455.4027404785156,0,32.5351676940918,cropland
421,502685.0,2598635.0,0.4062616229057312,0.10089798271656036,31.278905868530273,12.99644660949707,1900.028076171875,150.0,1652.3663330078125,0,36.95249557495117,built_up
422,502625.0,2598755.0,0.4322974979877472,0.08742614835500717,31.693727493286133,11.939224243164062,1900.919921875,228.4731903076172,749.7252197265625,0,24.4879207611084,built_up
423,502235.0,2598725.0,-0.19591552019119263,-0.3904377520084381,28.055465698242188,9.943227767944336,2054.7548828125,0.0,0.0,1,90.23017883300781,water
424,500375.0,2597795.0,0.6442943811416626,-0.0784950852394104,29.034648895263672,0.9226874113082886,1876.432861328125,318.9043884277344,229.79345703125,1,40.92089080810547,vegetation
425,502565.0,2599235.0,0.48716527223587036,0.04518480598926544,30.254959106445312,7.294863700866699,1885.170654296875,591.6925048828125,522.6648559570312,0,29.772737503051758,cropland
426,500915.0,2598155.0,0.6409872174263,-0.12910975515842438,27.960554122924805,12.465089797973633,2065.801513671875,241.86773681640625,294.16717529296875,0,21.362295150756836,vegetation
427,502025.0,2598005.0,0.3769906163215637,0.26085442304611206,31.22393798828125,21.498149871826172,1990.7822265625,660.6814575195312,1650.9681396484375,0,35.511417388916016,built_up
428,502175.0,2599415.0,0.5263327360153198,-0.03848349675536156,29.286968231201172,7.531921863555908,1959.383544921875,590.9314575195312,690.8895263671875,1,22.51431655883789,cropland
429,501635.0,2597345.0,0.6323229074478149,-0.0019471177365630865,28.060306549072266,17.294395446777344,1534.6131591796875,1276.3228759765625,379.4989318847656,0,10.762199401855469,cropland
430,502745.0,2599325.0,0.542332649230957,0.08315638452768326,29.891199111938477,6.354945182800293,1856.39306640625,766.615966796875,580.1014404296875,0,26.315399169921875,cropland
431,500615.0,2597435.0,0.6206682920455933,-0.2260093241930008,27.65753173828125,2.1627800464630127,1612.8282470703125,335.4101867675781,86.65142822265625,1,29.100374221801758,vegetation
432,501095.0,2599715.0,0.5135607719421387,-0.05161873996257782,28.578453063964844,11.728412628173828,1863.664794921875,885.889404296875,239.81796264648438,0,14.4828519821167,cropland
433,501095.0,2598125.0,0.6664177775382996,-0.12381768226623535,27.297941207885742,14.727849960327148,2060.90625,335.4101867675781,259.6092529296875,0,4.441662311553955,vegetation
434,502895.0,2597735.0,0.49131810665130615,-0.06951554864645004,30.17742156982422,15.238655090332031,1870.2794189453125,690.0,696.4066772460938,0,14.194893836975098,cropland
435,500135.0,2598815.0,0.7799907326698303,-0.18172147870063782,27.188730239868164,16.204143524169922,2109.28076171875,174.92855834960938,114.40885162353516,1,61.59374237060547,vegetation
436,501695.0,2599025.0,0.661264955997467,-0.07929842919111252,27.775869369506836,9.645890235900879,2219.37109375,90.0,437.0166320800781,0,34.666481018066406,vegetation
437,502445.0,2599715.0,0.5459020733833313,0.0679197683930397,29.366762161254883,5.2169389724731445,1889.5399169921875,969.3296508789062,453.6861267089844,0,19.957124710083008,built_up
438,502295.0,2597315.0,0.652205765247345,-0.12775097787380219,27.60292625427246,14.411317825317383,1696.353515625,1158.0155029296875,424.5325927734375,0,0.0,vegetation
439,501635.0,2597765.0,0.5139720439910889,-0.02780933305621147,29.956615447998047,21.09683609008789,1819.2138671875,924.17529296875,353.93218994140625,0,8.956778526306152,cropland
440,500135.0,2599715.0,0.6492713093757629,-0.18058325350284576,26.78177833557129,4.23548698425293,1489.80078125,1053.85009765625,106.69712829589844,0,0.0,vegetation
441,501995.0,2597855.0,0.47358977794647217,0.19890402257442474,30.089509963989258,21.194429397583008,1908.6209716796875,798.8116455078125,828.6355590820312,0,27.604087829589844,built_up
442,500735.0,2598815.0,0.5429874062538147,-0.12942542135715485,27.369796752929688,16.23420524597168,2155.050537109375,379.47332763671875,465.04095458984375,0,40.175052642822266,cropland
443,500825.0,2597015.0,0.7132333517074585,-0.21812814474105835,25.70833969116211,5.064429759979248,1442.26123046875,480.0,99.37712860107422,0,9.279204368591309,built_up
444,501575.0,2599895.0,0.5935600996017456,0.02390824258327484,28.97144317626953,12.937956809997559,1944.6148681640625,960.0,687.8334350585938,1,70.99083709716797,cropland
445,502595.0,2598845.0,0.4539879262447357,0.09913437813520432,31.688434600830078,10.99715805053711,1900.2239990234375,283.0194396972656,545.8716430664062,0,20.196861267089844,built_up
446,500285.0,2598635.0,0.7117174863815308,-0.23659560084342957,27.304471969604492,14.712726593017578,2162.622314453125,108.16654205322266,168.80043029785156,1,87.93279266357422,built_up
447,500555.0,2598815.0,0.6336004734039307,-0.17166335880756378,27.615877151489258,16.797529220581055,2124.771484375,361.2478332519531,456.3896789550781,1,55.64820098876953,vegetation
448,502625.0,2598965.0,0.4570014476776123,0.062101081013679504,31.36045265197754,9.955026626586914,1882.1412353515625,402.49224853515625,434.54205322265625,0,27.73761749267578,built_up
449,501455.0,2597645.0,0.5407605171203613,-0.11222665756940842,28.94569206237793,19.117355346679688,1696.65478515625,926.606689453125,388.69525146484375,0,9.380794525146484,cropland
450,502925.0,2597315.0,0.5138901472091675,-0.09617597609758377,28.887828826904297,16.61269187927246,1760.37109375,1110.4052734375,748.6380004882812,0,11.384366035461426,vegetation
451,500615.0,2597165.0,0.6646683216094971,-0.21975670754909515,26.790611267089844,0.5493479371070862,1514.1390380859375,295.4657287597656,70.1887435913086,0,30.833812713623047,vegetation
452,502145.0,2599385.0,0.5317333340644836,-0.03959924355149269,29.31131935119629,7.675817012786865,1973.1396484375,550.726806640625,635.235107421875,0,26.646839141845703,cropland
453,501155.0,2599055.0,0.7097676992416382,-0.2330576628446579,26.4989013671875,14.532373428344727,2182.756103515625,295.4657287597656,238.99044799804688,0,2.381192922592163,vegetation
454,500795.0,2599715.0,0.5104053020477295,0.01831008493900299,28.098060607910156,9.344021797180176,1709.685302734375,1032.279052734375,406.8253479003906,0,11.382338523864746,cropland
455,501245.0,2597975.0,0.6086609959602356,-0.09711524844169617,28.04669761657715,17.471912384033203,1957.1214599609375,536.6563110351562,272.2333679199219,0,7.845612525939941,vegetation
456,500195.0,2599685.0,0.6566941738128662,-0.15617825090885162,26.8930721282959,4.948101043701172,1509.870849609375,1030.970458984375,94.69925689697266,0,0.0,vegetation
457,500195.0,2599595.0,0.6163310408592224,-0.11694459617137909,27.39678192138672,6.30033016204834,1561.0369873046875,942.0191040039062,103.11392974853516,0,1.2018654346466064,vegetation
458,501845.0,2598575.0,0.4789966940879822,0.22552461922168732,30.461950302124023,15.103713989257812,2230.9921875,240.0,1296.964111328125,1,35.08389663696289,cropland
459,501875.0,2598845.0,-0.21516743302345276,-0.3890920579433441,26.419742584228516,8.95832633972168,2207.30908203125,0.0,0.0,1,93.14144134521484,water
460,502055.0,2599895.0,0.7103396058082581,0.02095881476998329,28.796443939208984,9.619170188903809,1909.39794921875,997.2462158203125,964.2427978515625,0,41.38758850097656,cropland
461,502805.0,2598875.0,0.43724656105041504,-0.028162116184830666,31.05654525756836,11.471139907836914,1849.66162109375,390.0,591.3136596679688,0,23.040000915527344,built_up
462,502535.0,2599505.0,0.43915098905563354,0.13312861323356628,29.822416305541992,5.329477310180664,1885.62548828125,818.8406372070312,508.60345458984375,0,25.39141082763672,cropland
463,502445.0,2597645.0,0.5295215845108032,-0.03906402364373207,28.487966537475586,15.64184284210205,1830.906982421875,800.4998168945312,490.7752685546875,0,8.256651878356934,cropland
464,500435.0,2597915.0,0.6547980904579163,-0.09165045619010925,28.991418838500977,3.9755265712738037,1942.2596435546875,445.9820556640625,290.4099426269531,1,43.65861129760742,vegetation
465,501545.0,2599985.0,0.5844012498855591,0.02803007699549198,29.097274780273438,13.048049926757812,1938.7620849609375,1050.0,643.994873046875,0,74.5448226928711,cropland
466,501335.0,2598665.0,0.6486507654190063,-0.18638327717781067,26.714229583740234,12.294489860534668,2306.638671875,67.08203887939453,291.2188720703125,1,33.11458969116211,vegetation
467,502055.0,2599415.0,0.5568408370018005,-0.05043363571166992,29.06459617614746,8.212662696838379,1989.5472412109375,540.8327026367188,396.33831787109375,0,21.020692825317383,vegetation
468,501485.0,2597495.0,0.6128565073013306,-0.11402659863233566,28.13615608215332,18.01896858215332,1589.65185546875,1073.3126220703125,384.541015625,0,11.598240852355957,vegetation
469,502115.0,2599895.0,0.6700528860092163,0.0486278235912323,28.92915153503418,8.997058868408203,1903.9722900390625,1015.1354370117188,1007.9269409179688,0,35.64637756347656,cropland
470,500375.0,2597195.0,0.6401451826095581,-0.2492513805627823,27.7550048828125,0.5,1576.388427734375,60.0,158.40994262695312,1,87.40552520751953,vegetation
471,501125.0,2597975.0,0.739970326423645,-0.12921133637428284,27.34857177734375,15.80107593536377,1947.3330078125,483.7354736328125,248.35377502441406,0,4.323944568634033,vegetation
472,502775.0,2598875.0,0.42744743824005127,-0.02297954447567463,31.207990646362305,11.383018493652344,1854.846923828125,390.0,562.3351440429688,0,25.419130325317383,built_up
473,500255.0,2598155.0,0.6709030270576477,-0.1754390150308609,28.51341438293457,6.646511554718018,2091.647216796875,268.3281555175781,171.4741668701172,1,87.97574615478516,vegetation
474,502355.0,2598845.0,0.5233826041221619,0.21506156027317047,31.303916931152344,9.955280303955078,1987.4461669921875,150.0,935.0640258789062,1,42.78815841674805,built_up
475,500555.0,2598935.0,0.6023166179656982,-0.12953272461891174,28.109426498413086,16.98586082458496,2071.8857421875,480.93658447265625,505.9226989746094,0,20.723777770996094,vegetation
476,501845.0,2598065.0,0.36735403537750244,0.21307747066020966,31.320415496826172,22.11074447631836,2043.10302734375,711.1961669921875,1861.0313720703125,0,20.254362106323242,built_up
477,501275.0,2599265.0,0.6535681486129761,-0.15207619965076447,26.423744201660156,13.763867378234863,2115.608154296875,402.49224853515625,212.2788543701172,0,2.898545265197754,vegetation
478,502535.0,2597555.0,0.5492943525314331,-0.03474165499210358,28.275413513183594,14.955391883850098,1807.02099609375,874.6427612304688,374.8855895996094,0,7.742236614227295,cropland
479,501785.0,2599295.0,0.5685391426086426,-0.02440326102077961,28.039209365844727,9.805903434753418,2097.59375,360.0,401.517333984375,1,30.096635818481445,vegetation
480,501305.0,2599235.0,0.6603202819824219,-0.13795319199562073,26.29873275756836,13.600709915161133,2136.51513671875,362.49139404296875,195.18284606933594,0,4.682977676391602,vegetation
481,501845.0,2598005.0,0.4160011112689972,0.22366388142108917,30.999523162841797,22.251379013061523,2005.79248046875,764.8529052734375,1268.3487548828125,1,13.631070137023926,built_up
482,502295.0,2599625.0,0.48320916295051575,-0.046020276844501495,29.48813247680664,6.7869873046875,1907.87451171875,831.9254760742188,638.848388671875,0,26.366636276245117,cropland
483,501845.0,2599265.0,0.5979726314544678,0.003092625178396702,28.420412063598633,9.266833305358887,2093.916259765625,335.4101867675781,389.39007568359375,0,24.7593994140625,vegetation
484,501515.0,2598575.0,0.6581790447235107,-0.14014574885368347,28.04571533203125,14.472573280334473,2302.3232421875,241.86773681640625,367.8329772949219,0,10.359606742858887,water
485,501935.0,2597045.0,0.5773093700408936,-0.04946909099817276,28.231374740600586,15.073221206665039,1547.603759765625,1542.886962890625,927.1823120117188,0,4.200972080230713,cropland
486,501635.0,2599175.0,0.6456188559532166,-0.09417670220136642,26.965646743774414,10.748950004577637,2173.994873046875,240.0,277.0444641113281,0,17.250659942626953,vegetation
487,502685.0,2598995.0,0.46497318148612976,0.03071700967848301,31.124107360839844,9.837061882019043,1866.00732421875,457.93011474609375,405.4609069824219,1,25.138254165649414,built_up
488,500705.0,2599415.0,0.5718084573745728,-0.04730282351374626,28.333005905151367,12.272199630737305,1815.3233642578125,849.588134765625,637.8491821289062,0,1.5507336854934692,vegetation
489,501875.0,2599925.0,0.7296496033668518,-0.0019294486846774817,28.651315689086914,11.319299697875977,1925.894287109375,994.08251953125,1104.6456298828125,0,55.33015060424805,cropland
490,501215.0,2598305.0,0.600850522518158,-0.027470413595438004,27.0152530670166,14.701024055480957,2189.363037109375,241.86773681640625,343.00384521484375,1,9.366686820983887,vegetation
491,500765.0,2597015.0,0.7088613510131836,-0.22208690643310547,25.981700897216797,3.731782913208008,1457.468505859375,420.0,83.7323226928711,0,8.248634338378906,vegetation
492,502685.0,2599565.0,0.5076749324798584,0.08640342950820923,29.530418395996094,3.9880499839782715,1872.7213134765625,939.1485595703125,409.64312744140625,0,12.425274848937988,cropland
493,501725.0,2598965.0,0.6797822117805481,-0.08252023905515671,28.16075325012207,9.045626640319824,2230.471435546875,30.0,600.8740844726562,0,58.02973937988281,vegetation
494,502205.0,2598455.0,0.31985974311828613,0.31479284167289734,32.03809356689453,16.06614875793457,2073.27880859375,192.09373474121094,2803.542236328125,1,66.25035095214844,built_up
495,502475.0,2599445.0,0.43112990260124207,0.09974484145641327,29.830612182617188,5.995461940765381,1895.184326171875,737.9024047851562,694.6068115234375,0,28.08806800842285,cropland
496,502205.0,2598845.0,0.43921029567718506,0.13323839008808136,31.33249282836914,9.386300086975098,2055.469970703125,84.85281372070312,1478.097900390625,0,66.83810424804688,built_up
497,502265.0,2599865.0,0.538745641708374,-0.00247863307595253,29.3338680267334,7.267706394195557,1894.51220703125,1036.1949462890625,1233.1456298828125,0,33.279449462890625,water
498,502295.0,2599355.0,0.4929177165031433,-0.009419825859367847,29.593650817871094,7.068243026733398,1939.5499267578125,579.396240234375,1113.1343994140625,0,27.845355987548828,cropland
499,501995.0,2598665.0,0.4409137964248657,0.22479365766048431,30.995555877685547,12.493853569030762,2172.422607421875,94.86833190917969,1558.644287109375,1,74.29085540771484,built_up
500,501215.0,2598395.0,0.5861387252807617,-0.037055253982543945,26.71536636352539,13.823614120483398,2232.115478515625,169.70562744140625,363.3039855957031,1,19.711498260498047,vegetation
501,500705.0,2597195.0,0.6781395077705383,-0.21732065081596375,26.468772888183594,2.8270986080169678,1497.820068359375,390.0,82.60189056396484,0,11.5791654586792,vegetation
502,501815.0,2598905.0,-0.22131772339344025,-0.3984072804450989,25.674776077270508,8.569782257080078,2217.98291015625,0.0,0.0,1,87.46684265136719,water
503,502865.0,2599205.0,0.5265264511108398,0.025691676884889603,30.057138442993164,7.920804500579834,1837.4359130859375,695.8447875976562,594.8314819335938,0,29.51215934753418,cropland
504,501935.0,2599535.0,0.606225848197937,-0.07794909179210663,28.58924674987793,9.450361251831055,1984.7596435546875,618.4658203125,340.21142578125,0,31.69939422607422,vegetation
505,502595.0,2598215.0,0.3455803692340851,0.1925501525402069,31.312639236450195,16.01439094543457,1953.0301513671875,212.1320343017578,1617.8238525390625,0,41.94991683959961,built_up
506,501755.0,2598725.0,0.5894229412078857,0.020546505227684975,29.313159942626953,12.195236206054688,2264.452880859375,120.0,1094.71484375,0,45.93732452392578,cropland
507,501395.0,2599895.0,0.523699164390564,0.05083294212818146,29.30573272705078,12.902984619140625,1926.7650146484375,967.470947265625,505.34429931640625,0,67.70443725585938,cropland
508,500135.0,2599505.0,0.582094132900238,-0.11638185381889343,27.858354568481445,7.618931293487549,1617.113525390625,844.8076782226562,163.45045471191406,0,0.0,vegetation
509,500465.0,2597645.0,0.6284379363059998,-0.1123611181974411,28.75946044921875,0.5528259873390198,1765.824462890625,283.0194396972656,169.11978149414062,0,27.21769142150879,vegetation
510,502295.0,2598215.0,0.25889942049980164,0.2382218986749649,32.45082473754883,18.379743576049805,2013.88037109375,335.4101867675781,1994.331298828125,1,63.95448303222656,built_up
511,500465.0,2598245.0,0.571102499961853,-0.13809843361377716,28.93750762939453,9.195077896118164,2111.49755859375,134.16407775878906,207.79551696777344,1,94.50801086425781,vegetation
512,500585.0,2597225.0,0.6707258820533752,-0.22188635170459747,26.97731590270996,0.5,1536.5517578125,270.0,80.72734069824219,0,33.707191467285156,vegetation
513,502775.0,2599625.0,0.5384219288825989,0.05575309321284294,29.137502670288086,2.9522206783294678,1869.947265625,1034.4564208984375,370.16729736328125,0,10.22028636932373,cropland
514,502745.0,2597285.0,0.5881807208061218,-0.056745972484350204,28.092391967773438,15.675360679626465,1750.4761962890625,1140.0,304.8028869628906,0,8.611572265625,vegetation
515,502385.0,2599235.0,0.46013516187667847,0.02716226316988468,30.19439697265625,7.364593982696533,1930.0487060546875,510.0,931.8693237304688,0,33.50711441040039,cropland
516,502715.0,2598635.0,0.3984796404838562,0.10562602430582047,31.174592971801758,13.054985046386719,1893.3453369140625,150.0,1605.20458984375,0,39.14958190917969,built_up
517,501245.0,2598215.0,0.6192950010299683,-0.06569740176200867,27.426162719726562,15.887063026428223,2139.533203125,335.4101867675781,300.45458984375,0,2.7451348304748535,vegetation
518,502175.0,2597435.0,0.6495437026023865,-0.046175748109817505,27.749801635742188,15.851926803588867,1712.0675048828125,1087.47412109375,599.7022094726562,0,4.751154899597168,vegetation
519,501155.0,2597105.0,0.5207366347312927,-0.17394663393497467,25.45758056640625,11.409235954284668,1394.3529052734375,812.2191772460938,160.03456115722656,0,10.024858474731445,cropland
520,501785.0,2598485.0,0.4735359251499176,0.16100157797336578,30.491744995117188,16.821611404418945,2236.274658203125,335.4101867675781,1291.9981689453125,1,22.43707275390625,built_up
521,500255.0,2599745.0,0.696670651435852,-0.2048821747303009,26.552658081054688,4.587456226348877,1490.5081787109375,1100.227294921875,103.99435424804688,0,0.6479237675666809,vegetation
522,502115.0,2597795.0,0.4856138229370117,0.1015712097287178,29.531579971313477,19.728139877319336,1877.4495849609375,792.022705078125,573.5995483398438,1,24.761674880981445,cropland
523,501455.0,2598665.0,0.6641300320625305,-0.15226739645004272,27.360158920288086,12.996496200561523,2312.661865234375,134.16407775878906,382.2208251953125,1,19.969158172607422,water
524,500855.0,2599415.0,0.5754164457321167,-0.042177714407444,28.161691665649414,12.97442626953125,1880.487060546875,757.165771484375,777.864013671875,0,4.120528221130371,vegetation
525,502895.0,2599265.0,0.5179651975631714,0.02125612273812294,29.9872989654541,7.234046936035156,1837.689697265625,752.3961791992188,637.4857788085938,0,25.817689895629883,cropland
526,500675.0,2597555.0,0.6288252472877502,-0.1727209985256195,27.806249618530273,4.759591102600098,1666.2537841796875,429.5346374511719,111.11674499511719,0,17.118362426757812,vegetation
527,500585.0,2597705.0,0.640038013458252,-0.09810265898704529,28.551441192626953,4.052546977996826,1780.618896484375,416.7733154296875,193.97560119628906,0,16.015504837036133,vegetation
528,500735.0,2599805.0,0.5173133015632629,0.014347129501402378,28.034957885742188,8.129475593566895,1650.3759765625,1140.3946533203125,258.3843078613281,0,6.856923580169678,cropland
529,501905.0,2599655.0,0.6368341445922852,-0.069547139108181,28.606077194213867,10.207796096801758,1960.297119140625,729.9315185546875,503.886474609375,1,45.28046798706055,water
530,502265.0,2599235.0,0.4698066711425781,-0.0086330221965909,30.09076690673828,7.506856918334961,1966.4683837890625,456.9463806152344,1078.939208984375,0,24.35663604736328,cropland
531,501305.0,2598485.0,0.6060276031494141,-0.10360809415578842,26.903364181518555,13.863276481628418,2275.384033203125,169.70562744140625,282.40289306640625,0,16.163497924804688,vegetation
532,501035.0,2597795.0,0.8386802673339844,-0.14747048914432526,26.92930793762207,14.35851001739502,1794.7596435546875,618.4658203125,162.7891387939453,0,3.148839235305786,cropland
533,501935.0,2598335.0,0.3603612780570984,0.24684086441993713,31.59345054626465,19.406455993652344,2150.264892578125,429.5346374511719,3214.0048828125,1,32.489959716796875,built_up
534,500855.0,2599895.0,0.44895076751708984,0.03963129594922066,28.66526222229004,8.883130073547363,1699.77734375,1154.123046875,146.1658935546875,0,27.081178665161133,cropland
535,500495.0,2599565.0,0.6486747860908508,-0.1383810043334961,27.582887649536133,8.683603286743164,1644.9676513671875,1006.2305908203125,220.23226928710938,0,0.8821804523468018,vegetation
536,501515.0,2598965.0,0.6466813087463379,-0.12428471446037292,26.952302932739258,10.395125389099121,2263.970703125,30.0,302.4859924316406,0,41.230995178222656,vegetation
537,500555.0,2599325.0,0.5474655032157898,-0.04765418544411659,28.752655029296875,12.951029777526855,1821.4361572265625,833.546630859375,357.8329162597656,0,8.927839279174805,cropland
538,502955.0,2598275.0,0.5169007778167725,0.16961225867271423,29.614797592163086,15.718179702758789,1910.974853515625,161.55494689941406,2839.10302734375,0,18.498252868652344,built_up
539,502535.0,2599595.0,0.4986289143562317,0.1598726361989975,29.570720672607422,4.8055853843688965,1884.8702392578125,898.9994506835938,385.4844665527344,1,19.899335861206055,cropland
540,502895.0,2597345.0,0.5117230415344238,-0.07919468730688095,29.01209259033203,16.34734344482422,1767.2637939453125,1080.0,739.3241577148438,0,12.583423614501953,cropland
541,502625.0,2597615.0,0.5179665088653564,0.013059401884675026,29.00293731689453,14.973630905151367,1832.798095703125,810.0,559.1400146484375,0,8.17936897277832,cropland
542,502745.0,2599475.0,0.49821868538856506,0.06185188516974449,29.73524284362793,4.653452396392822,1863.7774658203125,890.4493408203125,558.0667724609375,0,22.74402618408203,cropland
543,500615.0,2598185.0,0.5857943892478943,-0.1305067539215088,29.106287002563477,9.661070823669434,2078.13916015625,180.0,309.47515869140625,0,81.70112609863281,cropland
544,502175.0,2597855.0,0.4758893847465515,0.11357996612787247,29.941051483154297,19.537357330322266,1907.85595703125,711.1961669921875,753.5206298828125,1,29.86151885986328,built_up
545,501755.0,2598125.0,0.3661192059516907,0.15238258242607117,31.2783260345459,21.63924789428711,2088.531982421875,685.4195556640625,2086.120849609375,0,10.959257125854492,built_up
546,502595.0,2599295.0,0.4769109785556793,0.06636088341474533,30.123350143432617,6.755853176116943,1878.2144775390625,658.6349487304688,514.8433227539062,1,29.70184898376465,cropland
547,500135.0,2599385.0,0.6331623196601868,-0.12831522524356842,28.081525802612305,10.015742301940918,1707.9755859375,725.6032104492188,226.77833557128906,0,0.0,vegetation
548,501875.0,2598275.0,0.33489733934402466,0.18865332007408142,31.620040893554688,20.308897018432617,2145.169677734375,502.8916320800781,3598.5615234375,0,30.864139556884766,built_up
549,502295.0,2598275.0,0.24245290458202362,0.28160640597343445,32.49068832397461,17.880361557006836,2023.52880859375,283.0194396972656,2375.841796875,1,69.36568450927734,built_up
550,501695.0,2599475.0,0.556900143623352,-0.07215561717748642,27.72125816345215,11.12301254272461,2044.2012939453125,540.0,430.3161315917969,0,39.94243240356445,vegetation
551,501035.0,2598815.0,0.7130745649337769,-0.23522044718265533,25.972766876220703,14.267154693603516,2231.357421875,192.09373474121094,275.0,0,18.218093872070312,vegetation
552,502865.0,2598395.0,0.4941374361515045,0.2582473158836365,29.82315444946289,13.958990097045898,1904.068359375,30.0,3318.4814453125,0,43.857025146484375,built_up
553,502595.0,2599235.0,0.4970974028110504,0.047972422093153,30.235307693481445,7.296555042266846,1878.9324951171875,607.4536743164062,492.54791259765625,1,25.26660919189453,cropland
554,501425.0,2597345.0,0.7278724908828735,-0.18686573207378387,26.483051300048828,16.19733238220215,1490.22265625,1111.6204833984375,208.12144470214844,0,10.7753324508667,vegetation
555,500285.0,2599625.0,0.6646701097488403,-0.14227399230003357,27.1289005279541,6.347120761871338,1555.6988525390625,989.5453491210938,98.01573181152344,0,0.0,vegetation
556,502715.0,2598035.0,0.3869137167930603,0.1642874777317047,30.863906860351562,15.828392028808594,1929.9234619140625,390.0,1204.403076171875,0,16.72540283203125,water
557,500675.0,2597675.0,0.6537117958068848,-0.13020819425582886,28.113496780395508,5.904476165771484,1743.6619873046875,483.7354736328125,167.7386932373047,0,13.809407234191895,vegetation
558,500975.0,2598785.0,0.6834579110145569,-0.21401046216487885,26.058568954467773,14.515595436096191,2221.851318359375,212.1320343017578,275.29791259765625,0,25.335830688476562,vegetation
559,502895.0,2598995.0,0.5270034670829773,-0.033339887857437134,30.3508358001709,10.443421363830566,1831.677734375,483.7354736328125,573.6118774414062,1,27.394624710083008,built_up
560,500015.0,2598065.0,0.7006528973579407,-0.21542589366436005,28.51167106628418,3.4006760120391846,2069.23828125,420.0,329.3734436035156,0,77.00341033935547,vegetation
561,500405.0,2598425.0,-0.22397245466709137,-0.3557148575782776,24.64963722229004,10.500186920166016,2162.54541015625,0.0,0.0,1,96.47854614257812,water
562,501605.0,2599835.0,0.6011516451835632,0.016537070274353027,28.819133758544922,12.7631254196167,1952.048828125,900.0,717.6717529296875,1,70.0538558959961,cropland
563,500045.0,2599865.0,0.6259163022041321,-0.29191115498542786,26.226388931274414,2.410878896713257,1433.2769775390625,1200.0,210.49465942382812,0,4.122004985809326,vegetation
564,501305.0,2597255.0,0.6830461025238037,-0.2078612893819809,25.574325561523438,14.283599853515625,1436.1005859375,982.7003784179688,131.56423950195312,1,3.5025603771209717,built_up
565,501785.0,2597945.0,0.47197622060775757,0.17141304910182953,30.60877799987793,22.23903465270996,1967.0985107421875,844.8076782226562,765.7623901367188,0,20.556657791137695,built_up
566,502025.0,2599655.0,0.6257770657539368,-0.08809731900691986,28.865638732910156,9.195413589477539,1941.8406982421875,758.9466552734375,486.6790466308594,1,37.21040725708008,vegetation
567,501845.0,2598335.0,0.376723974943161,0.18361184000968933,31.33591651916504,19.44830322265625,2175.826171875,456.9463806152344,2778.769287109375,0,22.073883056640625,built_up
568,501005.0,2597375.0,0.6713474988937378,-0.18749511241912842,25.82306671142578,10.742456436157227,1502.2779541015625,695.8447875976562,105.56402587890625,1,7.500761032104492,vegetation
569,502985.0,2598605.0,0.5086390972137451,0.17571355402469635,29.72509765625,13.590583801269531,1861.4537353515625,90.0,1148.689453125,0,31.94096565246582,built_up
570,502295.0,2599715.0,0.4998953938484192,-0.0548543743789196,29.492570877075195,6.817399978637695,1900.6470947265625,912.4143676757812,705.7760009765625,0,27.40017318725586,cropland
571,500795.0,2597345.0,0.6804074048995972,-0.22877708077430725,26.443683624267578,5.9473114013671875,1527.60693359375,483.7354736328125,99.69015502929688,0,16.903451919555664,vegetation
572,501665.0,2599145.0,0.6394957900047302,-0.07825437188148499,27.25301170349121,10.396883010864258,2181.454833984375,210.0,311.7953186035156,0,19.32798957824707,vegetation
573,500525.0,2597915.0,0.6575134992599487,-0.06950470805168152,28.95333480834961,5.4800567626953125,1929.345947265625,450.0,292.1772155761719,0,27.2636661529541,vegetation
574,502805.0,2599085.0,0.5216870307922363,0.026028363034129143,30.3964900970459,9.200907707214355,1842.1583251953125,589.406494140625,468.092041015625,1,27.108905792236328,built_up
575,501635.0,2599835.0,0.6123992800712585,0.02384789288043976,28.781452178955078,12.652621269226074,1951.697265625,900.0,765.9298095703125,1,74.68529510498047,cropland
576,500975.0,2597645.0,0.8067260980606079,-0.20616135001182556,26.582061767578125,12.470534324645996,1679.10693359375,740.9453125,149.80844116210938,1,3.091651678085327,vegetation
577,500015.0,2599115.0,0.7823169827461243,-0.12179124355316162,27.902494430541992,14.576963424682617,1925.604248046875,450.0,151.6809539794922,0,12.182726860046387,vegetation
578,500645.0,2599085.0,0.5393983721733093,-0.03298172354698181,28.59559440612793,16.166839599609375,2006.12548828125,641.3267211914062,599.6122436523438,0,8.690040588378906,water
579,501725.0,2598215.0,0.3644714951515198,0.11741666495800018,31.222522735595703,20.69645118713379,2144.40234375,611.88232421875,2525.891357421875,0,7.9678850173950195,vegetation
580,502175.0,2597645.0,0.5496527552604675,-0.018847709521651268,28.431655883789062,17.8057918548584,1805.9052734375,898.9994506835938,391.3867492675781,0,9.579398155212402,cropland
581,502235.0,2598875.0,0.47240379452705383,0.1362875998020172,31.231639862060547,9.347589492797852,2037.2696533203125,123.69316864013672,1403.0306396484375,0,54.07734298706055,built_up
582,500915.0,2597855.0,0.7956317067146301,-0.10569799691438675,27.39794921875,12.37250804901123,1846.6448974609375,523.927490234375,145.43637084960938,0,2.2759315967559814,vegetation
583,501125.0,2599025.0,0.7133540511131287,-0.2442050576210022,26.50149154663086,14.650591850280762,2186.94873046875,283.0194396972656,245.49391174316406,0,0.0,vegetation
584,501515.0,2599355.0,0.5917020440101624,-0.10533903539180756,26.638221740722656,12.183024406433105,2103.648681640625,420.0,301.3766174316406,0,10.255952835083008,vegetation
585,502805.0,2599145.0,0.5327379107475281,0.042938608676195145,30.220205307006836,8.51604175567627,1842.7076416015625,647.6110229492188,499.3418884277344,0,25.333812713623047,built_up
586,501395.0,2599685.0,0.5714285969734192,-0.05292735621333122,28.390859603881836,12.885979652404785,1967.3927001953125,759.539306640625,491.7982177734375,0,45.57655334472656,cropland
587,502595.0,2597405.0,0.5960596799850464,-0.049129243940114975,27.91238021850586,14.77470874786377,1766.8399658203125,1020.4411010742188,271.9242248535156,0,6.635870456695557,built_up
588,500375.0,2598515.0,0.6584016680717468,-0.25239646434783936,27.751937866210938,12.322914123535156,2170.60400390625,30.0,194.0293426513672,1,96.76485443115234,vegetation
589,502055.0,2598065.0,0.33940014243125916,0.24411895871162415,31.64959716796875,21.23078155517578,2016.0357666015625,595.4829711914062,2223.3056640625,0,41.07862854003906,built_up
590,502085.0,2597795.0,0.48169660568237305,0.11386323720216751,29.583309173583984,20.014923095703125,1876.4852294921875,804.9844970703125,596.052490234375,1,23.17334747314453,cropland
591,501725.0,2597975.0,0.4681582450866699,0.13306498527526855,30.649383544921875,22.1175594329834,1988.5697021484375,827.5868530273438,753.7254028320312,0,5.571104526519775,built_up
592,501365.0,2597885.0,0.5337570309638977,-0.06629540771245956,28.95798683166504,19.185333251953125,1890.8826904296875,674.1661376953125,305.77569580078125,0,2.432189702987671,cropland
593,500585.0,2599415.0,0.5789631605148315,-0.07218272984027863,28.373695373535156,11.638885498046875,1769.852783203125,924.17529296875,384.77374267578125,0,4.605416297912598,vegetation
594,502565.0,2599955.0,0.5294579863548279,0.01464332640171051,28.981456756591797,3.297084093093872,1884.319091796875,1236.931640625,499.1966552734375,1,16.31642723083496,cropland
595,502775.0,2598125.0,0.4127589762210846,0.17594411969184875,30.53986358642578,15.849348068237305,1931.0006103515625,300.0,1291.6856689453125,0,22.06456184387207,built_up
596,501305.0,2597915.0,0.5646234750747681,-0.07189126312732697,28.526927947998047,18.418487548828125,1911.2451171875,617.73779296875,284.74407958984375,0,5.106657028198242,vegetation
597,501095.0,2598545.0,-0.18581175804138184,-0.4103078246116638,22.33086585998535,11.307905197143555,2255.3564453125,0.0,0.0,1,86.83677673339844,water
598,502805.0,2599445.0,0.5147191286087036,0.06151336431503296,29.73124122619629,4.889586448669434,1856.9547119140625,900.0,611.66259765625,1,22.804515838623047,cropland
599,501095.0,2599235.0,0.6450233459472656,-0.18186895549297333,27.115625381469727,14.618985176086426,2076.85888671875,468.614990234375,268.46063232421875,0,0.0,vegetation
600,501965.0,2599865.0,0.7222055792808533,-0.02385210245847702,28.70916175842285,10.42614459991455,1920.6646728515625,947.2592163085938,965.6146240234375,1,47.6992301940918,cropland
601,500135.0,2598335.0,0.696997880935669,-0.19002804160118103,27.82662582397461,9.601835250854492,2160.45166015625,150.0,123.40757751464844,1,97.18846130371094,vegetation
602,501755.0,2597645.0,0.48158878087997437,0.023877279832959175,29.743900299072266,20.32906150817871,1746.014404296875,1092.0164794921875,534.9817504882812,0,16.16522789001465,cropland
603,501245.0,2597105.0,0.5600215792655945,-0.17700864374637604,25.47858238220215,12.694913864135742,1392.390869140625,901.997802734375,172.40628051757812,0,3.6099026203155518,vegetation
604,500135.0,2598455.0,0.6621420979499817,-0.20529510080814362,27.620948791503906,11.016027450561523,2178.17333984375,42.42640686035156,131.58111572265625,1,95.86901092529297,vegetation
605,500495.0,2599805.0,0.6277464032173157,-0.17440873384475708,27.103445053100586,5.90509557723999,1536.8492431640625,1225.6019287109375,213.79176330566406,0,4.171415328979492,vegetation
606,502835.0,2599565.0,0.5140685439109802,0.030481398105621338,29.34174346923828,3.404430627822876,1862.9111328125,1015.1354370117188,460.3384704589844,0,10.634065628051758,cropland
607,502925.0,2597075.0,0.6982312202453613,-0.1859504133462906,27.350955963134766,17.301116943359375,1727.222412109375,1350.333251953125,347.379638671875,0,12.555532455444336,vegetation
608,502205.0,2599085.0,0.49188920855522156,-0.007209755480289459,30.6264591217041,8.171196937561035,2015.4298095703125,295.4657287597656,1181.5413818359375,1,37.61035919189453,built_up
609,502325.0,2597525.0,0.6257136464118958,-0.0820782408118248,27.676366806030273,15.607645988464355,1772.702880859375,948.6832885742188,392.6327819824219,0,5.65144681930542,vegetation
610,500045.0,2599145.0,0.783653199672699,-0.10982134938240051,27.92572021484375,14.235968589782715,1901.2415771484375,480.0,161.79067993164062,0,5.252501964569092,vegetation
611,501215.0,2597225.0,0.603550910949707,-0.2017143964767456,25.473236083984375,12.925395965576172,1422.2559814453125,888.4255981445312,118.77264404296875,0,6.45912504196167,vegetation
612,501815.0,2599925.0,0.7007617950439453,0.018553847447037697,28.700239181518555,11.784013748168945,1931.607666015625,990.4544677734375,1106.4468994140625,0,63.385040283203125,cropland
613,500255.0,2599595.0,0.6408231854438782,-0.1265007108449936,27.31760025024414,6.63551664352417,1568.5703125,953.4149169921875,100.06713104248047,0,1.8341217041015625,vegetation
614,501755.0,2598455.0,0.4745754897594452,0.12229908257722855,30.47238540649414,17.302087783813477,2237.155517578125,371.0794982910156,1296.230224609375,0,13.767754554748535,built_up
615,502985.0,2597195.0,0.5934481620788574,-0.1439981907606125,28.033411026000977,17.312267303466797,1737.2672119140625,1233.288330078125,546.9415893554688,0,10.275347709655762,vegetation
616,500915.0,2597435.0,0.6823740005493164,-0.1988157331943512,26.263837814331055,9.45602798461914,1548.138671875,618.4658203125,127.94941711425781,0,11.689099311828613,vegetation
617,500405.0,2599625.0,0.6797887682914734,-0.17107649147510529,27.17344856262207,7.154669761657715,1583.2763671875,1025.2803955078125,137.05419921875,0,1.7886391878128052,vegetation
618,501995.0,2599865.0,0.7188482880592346,-0.0187956802546978,28.73929786682129,10.147469520568848,1917.478515625,953.4149169921875,942.2125854492188,1,46.092159271240234,cropland
619,501545.0,2599325.0,0.6000858545303345,-0.10515724867582321,26.628999710083008,11.899238586425781,2116.691162109375,390.0,292.8424987792969,0,13.024537086486816,vegetation
620,500765.0,2597795.0,0.6916136145591736,-0.1254672408103943,28.04234504699707,9.038495063781738,1814.0540771484375,570.0,170.85240173339844,0,3.3062515258789062,vegetation
621,502055.0,2598695.0,0.41543474793434143,0.19320911169052124,31.225685119628906,11.523543357849121,2143.28076171875,60.0,1587.58544921875,1,78.35118865966797,water
622,502205.0,2598065.0,0.35628417134284973,0.14700406789779663,31.752206802368164,19.843372344970703,1992.55419921875,510.0,1784.2066650390625,0,49.317806243896484,built_up
623,501395.0,2598095.0,0.5208831429481506,-0.025299744680523872,28.99788475036621,18.734745025634766,2067.9931640625,516.1395263671875,467.0975341796875,0,1.484544038772583,cropland
624,501215.0,2599295.0,0.6460762619972229,-0.17520146071910858,26.699697494506836,13.993365287780762,2085.298828125,456.9463806152344,246.45013427734375,0,0.0,vegetation
625,501215.0,2599835.0,0.4695802330970764,0.06336455792188644,29.297380447387695,12.127457618713379,1885.46875,948.6832885742188,277.6513977050781,0,44.535736083984375,cropland
626,501185.0,2597555.0,0.7328594923019409,-0.1693505197763443,26.551172256469727,15.387411117553711,1603.5592041015625,891.964111328125,181.9359130859375,0,5.51682710647583,vegetation
627,500945.0,2598245.0,0.6141376495361328,-0.08652913570404053,27.627918243408203,12.376392364501953,2121.45166015625,161.55494689941406,308.5850524902344,1,37.73629379272461,vegetation
628,502355.0,2598035.0,0.3874344229698181,0.0938367024064064,31.530664443969727,18.243148803710938,1962.4654541015625,469.57427978515625,1786.507568359375,0,43.77437210083008,built_up
629,501035.0,2598785.0,0.7145451903343201,-0.23288117349147797,25.87557601928711,14.01754093170166,2237.68115234375,169.70562744140625,266.47119140625,1,21.537120819091797,vegetation
630,500795.0,2599325.0,0.5559818744659424,-0.02969907782971859,28.415721893310547,13.827127456665039,1907.3038330078125,722.4956665039062,708.29150390625,0,2.6383132934570312,vegetation
631,502295.0,2598485.0,0.38101696968078613,0.2559574544429779,31.862560272216797,14.841946601867676,2038.4097900390625,123.69316864013672,3145.83056640625,1,70.12501525878906,built_up
632,502595.0,2599985.0,0.5144087076187134,0.019661681726574898,28.933393478393555,2.885505199432373,1883.990234375,1276.3228759765625,428.4178466796875,0,11.455766677856445,cropland
633,501095.0,2597045.0,0.5129054188728333,-0.16633282601833344,25.447343826293945,10.297701835632324,1392.6368408203125,750.0,163.09539794921875,0,4.732151508331299,cropland
634,500615.0,2599505.0,0.6046289205551147,-0.0855564996600151,28.001855850219727,10.420251846313477,1724.4334716796875,976.729248046875,425.64453125,0,1.4022763967514038,vegetation
635,501095.0,2597975.0,0.7656581997871399,-0.12890051305294037,27.26336097717285,15.36390495300293,1945.3673095703125,469.57427978515625,243.30279541015625,0,3.9613163471221924,vegetation
636,501635.0,2598935.0,-0.2049572765827179,-0.4069313704967499,24.096420288085938,9.30086612701416,2259.048095703125,0.0,0.0,1,80.96527099609375,water
637,500855.0,2599265.0,0.5675801634788513,-0.04521087929606438,28.261455535888672,14.601602554321289,1967.3717041015625,637.8087768554688,579.8485107421875,0,4.039701461791992,vegetation
638,500075.0,2597945.0,0.6059946417808533,-0.1771966516971588,29.1401424407959,0.6762430667877197,2002.3099365234375,301.49627685546875,330.3245849609375,1,78.52739715576172,vegetation
639,501095.0,2597705.0,0.7831913232803345,-0.17897666990756989,26.88005828857422,15.014546394348145,1720.312255859375,721.2489013671875,179.326904296875,0,1.5845119953155518,vegetation
640,502115.0,2599535.0,0.5481845140457153,-0.0522475466132164,29.102088928222656,8.083466529846191,1949.118896484375,674.1661376953125,452.35443115234375,0,26.737655639648438,cropland
641,501425.0,2598455.0,0.6286242008209229,-0.09514852613210678,27.877233505249023,15.304021835327148,2274.40283203125,276.5863342285156,298.7132568359375,0,1.5021551847457886,vegetation
642,502445.0,2599295.0,0.4603654146194458,0.04650010168552399,30.029438018798828,6.947708606719971,1909.2493896484375,590.9314575195312,814.8795776367188,0,30.68227195739746,cropland
643,500225.0,2599925.0,0.6995506882667542,-0.27669471502304077,26.002676010131836,3.10229754447937,1435.3818359375,1272.792236328125,193.19668579101562,0,5.96505069732666,cropland
644,500435.0,2598035.0,0.6350846290588379,-0.11451486498117447,29.01702880859375,6.003320217132568,2013.267333984375,342.0526123046875,257.0018310546875,1,62.7598876953125,water
645,500135.0,2598395.0,0.67681485414505,-0.20194301009178162,27.729915618896484,10.427865028381348,2171.660400390625,94.86833190917969,124.7020034790039,1,96.12116241455078,vegetation
646,500345.0,2597825.0,0.6302690505981445,-0.08893726766109467,29.100297927856445,0.9492813944816589,1899.9364013671875,318.9043884277344,233.1187744140625,0,51.790042877197266,vegetation
647,501365.0,2598155.0,0.5578622817993164,-0.04435131698846817,28.553247451782227,17.884185791015625,2110.15283203125,450.0,424.7318420410156,0,5.494274139404297,cropland
648,500345.0,2598875.0,0.716434895992279,-0.15779021382331848,27.774810791015625,17.082763671875,2081.573974609375,342.0526123046875,216.64549255371094,1,38.74488830566406,vegetation
649,502895.0,2598335.0,0.4996993839740753,0.23107071220874786,29.748863220214844,14.917277336120605,1908.9013671875,90.0,3171.23095703125,0,27.368732452392578,built_up
650,500255.0,2599925.0,0.702231764793396,-0.25933322310447693,26.047576904296875,3.3076326847076416,1440.5908203125,1277.380126953125,191.97671508789062,0,0.0,vegetation
651,502535.0,2599055.0,0.49347183108329773,0.07973828166723251,30.95403289794922,8.839375495910645,1901.2646484375,426.380126953125,518.5115356445312,0,24.64142417907715,built_up
652,501725.0,2599505.0,0.5664811730384827,-0.07668722420930862,27.897266387939453,10.998392105102539,2029.733154296875,570.0,419.4325256347656,0,42.27803039550781,vegetation
653,501635.0,2599475.0,0.5556865930557251,-0.06370680034160614,27.504322052001953,11.578394889831543,2049.950927734375,540.0,435.6070251464844,0,39.33317565917969,vegetation
654,500015.0,2598965.0,0.7630636096000671,-0.18129774928092957,27.641357421875,15.999345779418945,2031.49365234375,300.0,126.0249252319336,1,17.26658821105957,vegetation
655,500765.0,2598995.0,0.542385458946228,-0.08150074630975723,27.90652084350586,16.410863876342773,2088.269775390625,509.11688232421875,499.4588623046875,0,8.400790214538574,cropland
656,500675.0,2597255.0,0.6833203434944153,-0.23017537593841553,26.68658447265625,2.416559934616089,1522.762451171875,360.0,82.62590789794922,0,10.849242210388184,vegetation
657,500165.0,2597555.0,-0.22772666811943054,-0.41017502546310425,25.92029571533203,0.5,1762.8765869140625,0.0,0.0,1,91.60731506347656,water
658,501575.0,2598485.0,0.6208620667457581,-0.07089006155729294,28.963613510131836,16.080812454223633,2277.978759765625,349.85711669921875,507.30194091796875,1,2.413144826889038,cropland
659,501845.0,2599175.0,0.6009244918823242,0.042579665780067444,28.70067596435547,9.091756820678711,2126.263916015625,247.38633728027344,458.27520751953125,0,21.8544979095459,vegetation
660,500345.0,2599835.0,0.6969907879829407,-0.23254825174808502,26.425811767578125,4.436642169952393,1479.0391845703125,1207.849365234375,158.8599090576172,0,3.922529935836792,vegetation
661,500105.0,2599415.0,0.6137865781784058,-0.12316206842660904,28.0474796295166,9.2825288772583,1683.7388916015625,752.3961791992188,246.95904541015625,0,1.242189884185791,vegetation
662,502535.0,2597825.0,0.4758051633834839,0.03887125849723816,29.98141098022461,15.93266773223877,1894.4208984375,606.7124633789062,1494.6962890625,0,12.152332305908203,cropland
663,502805.0,2599325.0,0.5493565201759338,0.07606358081102371,29.85478401184082,6.362711429595947,1849.6585693359375,798.8116455078125,629.2391357421875,0,20.63669776916504,cropland
664,501035.0,2597225.0,0.5934187769889832,-0.17713424563407898,25.5357608795166,10.064901351928711,1435.4761962890625,713.0918579101562,94.75260162353516,0,7.4147419929504395,vegetation
665,500255.0,2597015.0,-0.19900980591773987,-0.40699827671051025,25.171348571777344,0.5,1573.1143798828125,0.0,0.0,1,99.49970245361328,water
666,501365.0,2597525.0,0.6707727909088135,-0.12497985363006592,27.393327713012695,17.304553985595703,1593.220703125,993.1766967773438,294.89910888671875,0,14.466915130615234,vegetation
667,502955.0,2597105.0,0.6803007125854492,-0.18138356506824493,27.462249755859375,17.405689239501953,1728.5421142578125,1321.3629150390625,403.0283203125,0,13.00411319732666,vegetation
668,501065.0,2599565.0,0.5719088912010193,-0.09979311376810074,27.966259002685547,12.464133262634277,1903.61865234375,764.8529052734375,404.5655517578125,0,7.4305267333984375,cropland
669,501935.0,2598755.0,0.4977051913738251,0.13889852166175842,30.56694984436035,10.606904029846191,2194.010986328125,42.42640686035156,1520.2591552734375,0,82.7982406616211,built_up
670,500015.0,2597975.0,0.6294131875038147,-0.1898658722639084,28.99557876586914,1.1461877822875977,2022.7841796875,330.0,364.1012878417969,1,81.67383575439453,vegetation
671,500495.0,2599775.0,0.6391593813896179,-0.18074683845043182,27.105796813964844,6.145816326141357,1546.3507080078125,1197.7479248046875,203.22181701660156,0,0.0,vegetation
672,500075.0,2599775.0,0.6448169350624084,-0.23599189519882202,26.523479461669922,3.270711898803711,1461.5421142578125,1110.4052734375,141.4305877685547,0,8.081869125366211,vegetation
673,501155.0,2598785.0,0.7017908692359924,-0.2677851915359497,25.991758346557617,12.851717948913574,2267.56689453125,84.85281372070312,276.01153564453125,0,30.298419952392578,vegetation
674,500075.0,2599025.0,0.7633473873138428,-0.15464156866073608,27.840221405029297,15.797686576843262,1989.2850341796875,361.2478332519531,134.5935516357422,0,12.211024284362793,vegetation
675,500315.0,2598125.0,0.6400009989738464,-0.16691100597381592,28.751001358032227,6.446497440338135,2072.475341796875,276.5863342285156,191.5694580078125,1,79.83718872070312,vegetation
676,502775.0,2598695.0,0.3858879804611206,0.08330794423818588,31.118741989135742,12.907088279724121,1873.543212890625,210.0,1035.599853515625,0,28.236345291137695,built_up
677,502625.0,2598065.0,0.40062814950942993,0.1635340303182602,31.108007431030273,16.158302307128906,1939.7843017578125,360.0,1462.0704345703125,0,26.59928321838379,built_up
678,501785.0,2597885.0,0.4901713728904724,0.13627967238426208,30.366085052490234,22.089597702026367,1924.154541015625,898.9994506835938,612.2167358398438,0,13.739691734313965,water
679,502805.0,2597075.0,0.6586858034133911,-0.14144690334796906,27.511384963989258,16.503841400146484,1725.7764892578125,1350.0,194.40240478515625,0,0.0,vegetation
680,500015.0,2598095.0,0.7201973795890808,-0.2172042429447174,28.360027313232422,4.151271820068359,2083.4814453125,416.7733154296875,299.25030517578125,1,88.90287780761719,vegetation
681,502445.0,2598155.0,0.3192184865474701,0.16276389360427856,31.967449188232422,17.29582977294922,1973.1568603515625,323.1098937988281,1597.166748046875,1,50.42860412597656,built_up
682,502145.0,2599595.0,0.5437612533569336,-0.07270890474319458,29.18227767944336,8.000720977783203,1933.0623779296875,740.9453125,510.2171936035156,0,31.54238510131836,cropland
683,501545.0,2598815.0,0.6560251712799072,-0.12759020924568176,27.478445053100586,10.859156608581543,2297.8916015625,30.0,564.2356567382812,1,47.60442352294922,vegetation
684,501125.0,2597195.0,0.561080276966095,-0.18515925109386444,25.459346771240234,11.390034675598145,1416.552734375,794.2921142578125,110.08041381835938,1,2.5158281326293945,vegetation
685,500525.0,2598995.0,0.5982117652893066,-0.11625273525714874,28.426971435546875,16.80663299560547,2034.4517822265625,531.6013793945312,482.83221435546875,1,19.399822235107422,vegetation
686,502235.0,2597615.0,0.5799131989479065,-0.03467221185564995,28.1373291015625,16.989458084106445,1798.7066650390625,898.9994506835938,388.11279296875,0,2.5130774974823,vegetation
687,501005.0,2598455.0,-0.20793290436267853,-0.43543410301208496,22.75448989868164,11.084243774414062,2217.907470703125,0.0,0.0,1,93.837158203125,water
688,500885.0,2597915.0,0.7469236254692078,-0.0842868834733963,27.767742156982422,12.009622573852539,1894.4500732421875,458.9117431640625,163.00692749023438,0,0.644519567489624,vegetation
689,502475.0,2597915.0,0.4602299928665161,0.05268000438809395,30.560997009277344,16.74601173400879,1920.8233642578125,531.6013793945312,2071.455810546875,0,30.28818130493164,built_up
690,502565.0,2597915.0,0.4508935213088989,0.07840003818273544,30.620100021362305,16.099454879760742,1917.5390625,513.5172729492188,1910.9639892578125,1,18.608896255493164,built_up
691,501395.0,2599745.0,0.5501105189323425,-0.02277299575507641,28.74628448486328,12.88427734375,1951.8948974609375,818.8406372070312,502.6878967285156,1,52.35917663574219,cropland
692,502355.0,2599385.0,0.47627589106559753,0.0167551189661026,29.62359619140625,6.762099266052246,1921.8599853515625,630.7138671875,1065.86767578125,1,29.43354606628418,cropland
693,501905.0,2597975.0,0.42167428135871887,0.24980409443378448,30.896724700927734,22.12355613708496,1983.521484375,757.165771484375,1250.150146484375,0,21.577486038208008,built_up
694,502805.0,2598095.0,0.40179452300071716,0.1592763364315033,30.514659881591797,15.829195976257324,1927.93017578125,330.0,1240.6068115234375,1,13.317094802856445,built_up
695,501125.0,2597705.0,0.7588043808937073,-0.17242293059825897,27.005558013916016,15.501138687133789,1720.28564453125,730.5477294921875,192.26742553710938,0,5.73704719543457,vegetation
696,502805.0,2598815.0,0.40691617131233215,-0.0061087170615792274,31.139095306396484,12.050711631774902,1854.7364501953125,330.0,679.1795043945312,0,23.080272674560547,built_up
697,501725.0,2597615.0,0.488842636346817,0.031061360612511635,29.67031478881836,20.032575607299805,1719.491943359375,1098.5899658203125,520.365234375,0,15.07976245880127,cropland
698,500495.0,2598815.0,0.6645070910453796,-0.17832516133785248,27.630844116210938,16.912282943725586,2118.20849609375,351.1409912109375,377.20220947265625,1,56.36542892456055,vegetation
699,500855.0,2597765.0,0.7665007710456848,-0.14654020965099335,27.406152725219727,10.758657455444336,1781.4913330078125,602.9925537109375,137.82992553710938,0,4.145780563354492,vegetation
700,501125.0,2597495.0,0.7500401139259338,-0.1931189000606537,26.050039291381836,13.954156875610352,1562.4451904296875,836.779541015625,144.3504638671875,0,3.4109742641448975,vegetation
701,502385.0,2599775.0,0.5345829129219055,-0.01343903224915266,29.383453369140625,5.816135883331299,1891.2047119140625,1005.7832641601562,698.1842651367188,1,19.403108596801758,cropland
702,500585.0,2597075.0,0.6618072390556335,-0.2427176535129547,26.810935974121094,0.5,1507.8956298828125,241.86773681640625,58.10187530517578,0,41.841217041015625,vegetation
703,501155.0,2597765.0,0.7385547757148743,-0.14640536904335022,27.308391571044922,16.216167449951172,1770.919677734375,685.4195556640625,211.64222717285156,0,2.3519227504730225,vegetation
704,500075.0,2598185.0,0.749369740486145,-0.2006191909313202,28.022174835205078,6.499387264251709,2118.1767578125,308.868896484375,195.8015899658203,1,85.05606079101562,vegetation
705,500285.0,2597705.0,0.6200976967811584,-0.10232214629650116,29.177570343017578,0.5,1834.898681640625,192.09373474121094,214.65481567382812,0,52.47721862792969,built_up
706,502865.0,2597405.0,0.5137372612953186,-0.04960176348686218,29.243940353393555,15.962508201599121,1781.5579833984375,1020.0,761.5853271484375,0,14.911578178405762,cropland
707,501515.0,2597555.0,0.5645086765289307,-0.08291225135326385,28.77212142944336,18.772916793823242,1637.0264892578125,1034.4564208984375,430.4197692871094,0,15.699090957641602,vegetation
708,501155.0,2597465.0,0.7428911924362183,-0.18392233550548553,25.95256233215332,14.145270347595215,1542.0205078125,859.0692749023438,135.74612426757812,0,0.5196444988250732,vegetation
709,501785.0,2599055.0,0.6333684325218201,-0.0009357733651995659,28.53803825378418,9.160628318786621,2185.73046875,120.0,563.1173095703125,0,35.566951751708984,vegetation
710,502865.0,2597525.0,0.5460963249206543,-0.04586191102862358,29.63140296936035,15.528763771057129,1813.665771484375,900.0,900.0317993164062,1,5.012721061706543,cropland
711,501815.0,2597915.0,0.4799037575721741,0.17898808419704437,30.49008560180664,22.185461044311523,1946.1763916015625,858.02099609375,743.9094848632812,0,13.354033470153809,built_up
712,501125.0,2599325.0,0.6415815353393555,-0.18031775951385498,27.14192771911621,14.126337051391602,2041.2860107421875,524.78564453125,325.8697204589844,0,0.0,cropland
713,500465.0,2599535.0,0.6432932019233704,-0.1318379044532776,27.674144744873047,8.94471263885498,1653.540283203125,966.0745239257812,196.82257080078125,0,5.0452117919921875,vegetation
714,500825.0,2597945.0,0.678696870803833,-0.07616404443979263,28.247512817382812,11.066822052001953,1919.4849853515625,421.070068359375,173.5654296875,0,7.0162458419799805,vegetation
715,501725.0,2599175.0,0.6052330732345581,-0.03371001407504082,27.73142433166504,9.988455772399902,2157.794921875,240.0,382.6360778808594,1,23.948284149169922,vegetation
716,502115.0,2598125.0,0.31360599398612976,0.22260354459285736,32.02558135986328,20.555130004882812,2030.20458984375,510.881591796875,2522.73828125,0,51.13612747192383,built_up
717,502925.0,2598005.0,0.37551605701446533,0.07746605575084686,30.3751163482666,15.792350769042969,1915.873779296875,421.070068359375,911.0562744140625,0,13.720484733581543,built_up
718,502475.0,2599745.0,0.5704306364059448,0.08395088464021683,29.2540340423584,4.814366340637207,1887.305908203125,1008.4641723632812,429.4361267089844,0,9.489245414733887,vegetation
719,502985.0,2597165.0,0.623938798904419,-0.1574769765138626,27.816757202148438,17.400117874145508,1733.3680419921875,1263.210205078125,495.7095031738281,0,9.622125625610352,vegetation
720,501605.0,2597825.0,0.5074275732040405,-0.03922147676348686,30.040119171142578,21.260683059692383,1864.455078125,858.02099609375,348.7537841796875,0,9.169843673706055,cropland
721,502535.0,2597435.0,0.588019847869873,-0.07151691615581512,27.8292236328125,14.684383392333984,1769.001220703125,994.08251953125,278.725341796875,0,7.3099236488342285,vegetation
722,500555.0,2597675.0,0.6324062347412109,-0.10290263593196869,28.586669921875,2.998295307159424,1766.828857421875,375.89892578125,173.461181640625,0,22.810142517089844,vegetation
723,501125.0,2599835.0,0.45799723267555237,0.0440959632396698,29.210519790649414,11.503349304199219,1849.346435546875,980.866943359375,195.66917419433594,1,32.74676513671875,cropland
724,500105.0,2597555.0,-0.1599467396736145,-0.38787156343460083,26.13239097595215,0.5,1769.321044921875,0.0,0.0,1,92.6109619140625,water
725,502595.0,2598695.0,0.4557149410247803,0.11633609235286713,31.593172073364258,12.23357105255127,1916.265869140625,161.55494689941406,1055.897216796875,0,26.218517303466797,built_up
726,502565.0,2599445.0,0.43144991993904114,0.1130409836769104,29.942285537719727,5.592075824737549,1882.244873046875,778.267333984375,541.06982421875,0,28.59235954284668,cropland
727,501515.0,2599595.0,0.5687053799629211,-0.043173037469387054,27.861032485961914,12.573258399963379,2008.2720947265625,660.0,477.3337097167969,1,44.342369079589844,vegetation
728,500075.0,2599205.0,0.7654398083686829,-0.09691866487264633,27.984230041503906,13.337334632873535,1852.859619140625,540.8327026367188,188.7125244140625,0,0.0,vegetation
729,502205.0,2598545.0,0.3835953176021576,0.2337183654308319,31.736045837402344,14.267783164978027,2076.540283203125,123.69316864013672,2313.1083984375,1,66.16939544677734,built_up
730,501065.0,2598515.0,-0.2045227289199829,-0.3927229344844818,22.408964157104492,11.24925708770752,2243.817138671875,0.0,0.0,1,95.45217895507812,water
731,501695.0,2597735.0,0.5013400316238403,0.00726843299344182,29.959880828857422,21.080942153930664,1803.436767578125,984.0731811523438,409.4395446777344,1,11.98087215423584,built_up
732,500555.0,2597375.0,0.628839910030365,-0.22589841485023499,27.63605308532715,0.5,1598.701904296875,256.3200988769531,97.48914337158203,0,38.76963424682617,vegetation
733,500525.0,2597765.0,0.6517184972763062,-0.07456889003515244,28.794389724731445,3.4236292839050293,1831.2861328125,403.6087341308594,239.61172485351562,0,18.802812576293945,water
734,500705.0,2599565.0,0.574002742767334,-0.03601957857608795,27.956222534179688,10.21583080291748,1729.8040771484375,966.0745239257812,569.5739135742188,0,9.649744033813477,vegetation
735,500735.0,2599865.0,0.4950511157512665,0.03045906126499176,28.156938552856445,7.809481143951416,1637.357421875,1189.8319091796875,205.63858032226562,0,12.077005386352539,cropland
736,500075.0,2599115.0,0.7786534428596497,-0.112174391746521,27.94342613220215,14.77320671081543,1923.56298828125,450.9989013671875,148.6194610595703,0,7.06412410736084,vegetation
737,500015.0,2597615.0,-0.18490830063819885,-0.3957301080226898,26.268707275390625,0.5,1810.6339111328125,0.0,0.0,1,88.96437072753906,water
738,500435.0,2598935.0,0.6544920206069946,-0.1382540613412857,28.16575813293457,17.07307243347168,2056.566162109375,442.9447021484375,326.0722351074219,0,29.993074417114258,vegetation
739,501725.0,2597885.0,0.49366840720176697,0.08373687416315079,30.351520538330078,21.99867820739746,1921.5301513671875,890.9545288085938,506.7171630859375,0,11.044829368591309,vegetation
740,502895.0,2599865.0,0.6265899538993835,0.061540331691503525,27.790878295898438,0.606701135635376,1876.133544921875,1302.49755859375,312.0202941894531,0,2.4684605598449707,cropland
741,500885.0,2599175.0,0.590816855430603,-0.08437515795230865,27.98482322692871,15.34184455871582,2030.875244140625,551.5432739257812,406.470703125,0,6.877630233764648,vegetation
742,502745.0,2598605.0,0.40499913692474365,0.12775926291942596,30.923181533813477,13.19384765625,1891.323486328125,120.0,1889.9683837890625,0,42.56578063964844,built_up
743,501335.0,2598785.0,-0.17895783483982086,-0.4043552279472351,23.161197662353516,11.145737648010254,2299.53125,0.0,0.0,1,85.55017852783203,vegetation
744,502355.0,2598395.0,0.3122471570968628,0.26507052779197693,32.088626861572266,15.841155052185059,2014.996826171875,150.0,3643.872314453125,1,69.0627212524414,built_up
745,502895.0,2599145.0,0.5179163813591003,-0.006241585128009319,30.134613037109375,8.720932006835938,1832.3631591796875,632.8507080078125,579.0697631835938,0,30.57410430908203,cropland
746,500165.0,2598065.0,0.7006297707557678,-0.20659874379634857,28.55364418029785,4.108008861541748,2058.24951171875,379.47332763671875,258.18853759765625,1,74.15347290039062,built_up
747,501395.0,2597585.0,0.6038908362388611,-0.12075221538543701,28.129987716674805,18.113834381103516,1641.3759765625,952.9428100585938,356.5030517578125,0,6.789870262145996,vegetation
748,501605.0,2597075.0,0.6956498622894287,0.027154676616191864,26.845884323120117,15.7061128616333,1444.71484375,1260.3570556640625,369.3984680175781,0,13.207155227661133,vegetation
749,501575.0,2599205.0,0.6578130722045898,-0.11268620193004608,26.553972244262695,11.357029914855957,2167.7939453125,270.0,225.52239990234375,0,16.18461036682129,vegetation
750,501305.0,2598395.0,0.598468005657196,-0.06531690061092377,27.206588745117188,14.786847114562988,2243.413330078125,234.3074951171875,336.71734619140625,0,14.115671157836914,vegetation
751,500165.0,2598305.0,0.6962174773216248,-0.18155498802661896,27.939233779907227,9.125737190246582,2151.2138671875,161.55494689941406,121.26075744628906,1,95.1340560913086,vegetation
752,501455.0,2597135.0,0.7305702567100525,-0.1343715935945511,25.860139846801758,15.055582046508789,1419.42822265625,1113.6427001953125,142.0546112060547,0,4.444298267364502,vegetation
753,500675.0,2599895.0,0.5043476223945618,0.013002656400203705,27.987348556518555,7.099452495574951,1600.35546875,1248.5191650390625,215.7906951904297,1,6.582017421722412,cropland
754,502655.0,2597855.0,0.4395909905433655,0.07287027686834335,30.42421531677246,15.479296684265137,1901.6131591796875,570.0,1308.305419921875,0,13.86043930053711,built_up
755,501845.0,2598905.0,-0.1767541468143463,-0.394663006067276,25.980369567871094,8.436951637268066,2207.14013671875,0.0,0.0,1,93.50946044921875,water
756,500465.0,2597495.0,0.5906148552894592,-0.17028778791427612,28.46015167236328,0.5,1678.3665771484375,216.3330841064453,135.17819213867188,0,45.92713928222656,vegetation
757,501515.0,2598485.0,0.6433793902397156,-0.09922634065151215,28.45170783996582,15.67941665649414,2282.654296875,318.9043884277344,372.70880126953125,0,5.351325511932373,cropland
758,500765.0,2599925.0,0.46302589774131775,0.04826444387435913,28.390554428100586,7.904904365539551,1645.6068115234375,1224.4998779296875,162.2660675048828,1,15.50916576385498,cropland
759,502355.0,2598365.0,0.2876216471195221,0.2704069912433624,32.1888427734375,16.289283752441406,2013.8333740234375,174.92855834960938,3363.001953125,0,66.57841491699219,built_up
760,502985.0,2599025.0,0.5415668487548828,-0.05287034809589386,30.117250442504883,10.397576332092285,1823.8486328125,510.0,603.7332153320312,0,25.873668670654297,cropland
761,500285.0,2599865.0,0.7064805626869202,-0.24529874324798584,26.20240592956543,3.793429374694824,1457.2781982421875,1223.7646484375,161.3772430419922,0,0.0,vegetation
762,500165.0,2598185.0,0.7198216319084167,-0.18867124617099762,28.18265724182129,6.81177282333374,2111.683837890625,268.3281555175781,167.5997772216797,1,89.10055541992188,vegetation
763,501065.0,2597825.0,0.8298548460006714,-0.1358734667301178,27.013641357421875,14.940835952758789,1819.59912109375,597.7457885742188,182.64768981933594,0,2.9434139728546143,vegetation
764,502745.0,2597315.0,0.5820403695106506,-0.043309956789016724,28.207494735717773,15.605048179626465,1756.73876953125,1110.0,332.54351806640625,0,8.486188888549805,built_up
765,500825.0,2597495.0,0.673185408115387,-0.2068164199590683,26.83810043334961,7.9490790367126465,1599.221435546875,551.5432739257812,129.42396545410156,0,12.44393253326416,vegetation
766,500195.0,2598305.0,0.6841933131217957,-0.17690658569335938,28.011898040771484,9.170267105102539,2149.17236328125,150.0,117.16815185546875,1,90.4571304321289,vegetation
767,502535.0,2599235.0,0.4792807400226593,0.043134480714797974,30.262664794921875,7.296370506286621,1891.7493896484375,577.0615234375,566.4024658203125,0,29.854307174682617,cropland
768,501725.0,2599535.0,0.5720484256744385,-0.07436717301607132,27.97292709350586,11.114890098571777,2019.5015869140625,600.0,424.43389892578125,1,51.025794982910156,vegetation
769,501605.0,2598725.0,0.6470859050750732,-0.10138910263776779,28.119375228881836,12.506795883178711,2299.827392578125,134.16407775878906,677.8935546875,0,25.69556999206543,vegetation
770,500975.0,2599055.0,0.6594780683517456,-0.1961057037115097,27.118797302246094,15.539719581604004,2125.72265625,403.6087341308594,257.12445068359375,0,4.185408592224121,vegetation
771,500015.0,2599055.0,0.7678835391998291,-0.146019846200943,27.860918045043945,15.31722354888916,1970.2535400390625,390.0,137.3510284423828,0,13.319031715393066,vegetation
772,501455.0,2598305.0,0.567798376083374,0.004104249179363251,28.857864379882812,17.38147735595703,2209.5517578125,403.6087341308594,559.0997314453125,0,0.17810004949569702,cropland
773,500855.0,2599715.0,0.4894600808620453,0.0243647713214159,28.253400802612305,9.86535358428955,1741.8409423828125,998.5989990234375,394.49420166015625,0,11.65250015258789,cropland
774,501665.0,2599505.0,0.5599781274795532,-0.06535346806049347,27.70330238342285,11.454034805297852,2036.37890625,570.0,435.9037780761719,1,46.00361633300781,vegetation
775,501995.0,2597135.0,0.5691952109336853,-0.05740903690457344,28.386240005493164,14.959577560424805,1576.760009765625,1435.6182861328125,847.4993896484375,0,6.744402885437012,cropland
776,501905.0,2598215.0,0.3039817214012146,0.19872377812862396,31.807992935180664,20.99273109436035,2112.61376953125,550.726806640625,3944.531005859375,1,31.854312896728516,built_up
777,502115.0,2597195.0,0.6434191465377808,-0.06063629314303398,28.100542068481445,14.530990600585938,1623.4256591796875,1331.5404052734375,670.3385620117188,0,5.363762378692627,vegetation
778,502565.0,2599745.0,0.5994072556495667,0.16097374260425568,29.056283950805664,3.8042383193969727,1883.3837890625,1046.5657958984375,309.391357421875,0,9.238265037536621,cropland
779,502205.0,2599985.0,0.5990116000175476,0.06106451526284218,29.11356544494629,8.052515983581543,1895.21142578125,1129.2918701171875,1332.0074462890625,1,34.49968338012695,cropland
780,502175.0,2598785.0,0.40142953395843506,0.1430932581424713,31.458267211914062,9.576677322387695,2077.35888671875,30.0,1503.974365234375,1,80.5858154296875,built_up
781,500675.0,2599235.0,0.5261247754096985,0.003850391833111644,28.774959564208984,14.633828163146973,1919.621826171875,742.7650756835938,595.7327880859375,0,10.966683387756348,cropland
782,500045.0,2597495.0,-0.18316496908664703,-0.4019375741481781,26.292694091796875,0.5,1741.650390625,0.0,0.0,1,90.10059356689453,cropland
783,501635.0,2598875.0,-0.2468504160642624,-0.3968242406845093,24.276653289794922,9.658917427062988,2273.83935546875,0.0,0.0,1,89.86213684082031,water
784,500285.0,2598665.0,0.7215327620506287,-0.228079155087471,27.26834487915039,15.238261222839355,2156.6982421875,134.16407775878906,167.57073974609375,1,85.03837585449219,vegetation
785,502985.0,2599565.0,0.5164813995361328,0.026568744331598282,29.22052764892578,3.468233108520508,1854.703125,1050.0,427.3016052246094,0,13.340583801269531,cropland
786,501515.0,2597885.0,0.49672138690948486,-0.04670717194676399,29.85234260559082,20.746946334838867,1905.6717529296875,757.165771484375,368.029052734375,0,6.327721118927002,cropland
787,500585.0,2599955.0,0.5089248418807983,-0.046673934906721115,27.704299926757812,6.061012268066406,1548.9228515625,1350.0,264.10211181640625,0,2.767186403274536,cropland
788,500105.0,2599325.0,0.6779753565788269,-0.11513643711805344,28.081401824951172,11.129023551940918,1755.4755859375,662.7216796875,247.70411682128906,0,7.947579860687256,vegetation
789,502475.0,2597765.0,0.48450085520744324,0.01194249652326107,29.424327850341797,16.05795669555664,1874.7845458984375,676.8308715820312,1028.930419921875,0,17.310741424560547,cropland
790,502265.0,2598515.0,0.39272305369377136,0.24348293244838715,31.795143127441406,14.396729469299316,2050.7138671875,108.16654205322266,2750.29736328125,1,70.47161102294922,built_up
791,502505.0,2598425.0,0.3538004457950592,0.16663025319576263,31.564970016479492,14.187281608581543,1968.6077880859375,60.0,4625.359375,1,66.97515106201172,built_up
792,501215.0,2597015.0,0.5233747959136963,-0.16681917011737823,25.479032516479492,12.101082801818848,1384.0177001953125,870.0,207.5943603515625,0,4.091711044311523,cropland
793,500015.0,2598455.0,0.6413562297821045,-0.18003596365451813,27.628463745117188,11.354366302490234,2184.586669921875,108.16654205322266,141.65554809570312,1,94.55242156982422,vegetation
794,501455.0,2597915.0,0.500375509262085,-0.040172383189201355,29.561532974243164,20.17142105102539,1925.5770263671875,699.7142333984375,369.9764099121094,0,0.5233880281448364,cropland
795,501005.0,2599085.0,0.6697562336921692,-0.20830120146274567,27.085247039794922,15.371501922607422,2121.446044921875,403.6087341308594,240.50674438476562,0,2.41860294342041,vegetation
796,502265.0,2597855.0,0.48426318168640137,0.05957694724202156,29.912179946899414,18.55430030822754,1906.5245361328125,670.8203735351562,922.2193603515625,1,22.079742431640625,cropland
797,501425.0,2598095.0,0.5042535662651062,-0.010182053782045841,29.26262855529785,19.093395233154297,2070.15869140625,534.1348266601562,537.946533203125,0,2.7717018127441406,cropland
798,500105.0,2598245.0,0.7358171343803406,-0.186665877699852,27.919553756713867,7.888850212097168,2137.570556640625,241.86773681640625,151.0948486328125,0,87.6299819946289,vegetation
799,502955.0,2598395.0,0.5231499075889587,0.2639507055282593,29.51979637145996,14.586023330688477,1896.3701171875,60.0,3098.683349609375,0,35.82087326049805,built_up
800,501605.0,2599505.0,0.5596862435340881,-0.054428037256002426,27.52992057800293,11.876553535461426,2040.40869140625,570.0,437.21282958984375,1,35.518375396728516,vegetation
801,502445.0,2598215.0,0.28567957878112793,0.19149887561798096,32.07600784301758,17.041675567626953,1979.9423828125,268.3281555175781,1767.87255859375,1,53.94871139526367,built_up
802,502925.0,2598545.0,0.5021723508834839,0.2428881824016571,29.772388458251953,13.374795913696289,1875.3582763671875,42.42640686035156,1756.1954345703125,1,37.845848083496094,built_up
803,502805.0,2597285.0,0.5641499161720276,-0.06961657106876373,28.317028045654297,16.059114456176758,1753.26953125,1140.0,393.35736083984375,0,1.046532154083252,vegetation
804,502325.0,2598905.0,0.533791184425354,0.1787879467010498,31.1143798828125,9.4522066116333,1992.900634765625,189.73666381835938,1060.16796875,0,35.54017639160156,built_up
805,501695.0,2598065.0,0.4225841164588928,0.1254967451095581,30.894617080688477,21.739294052124023,2053.1259765625,742.7650756835938,1228.8592529296875,0,3.634357213973999,built_up
806,501275.0,2599145.0,0.680500328540802,-0.15064150094985962,26.328298568725586,13.767858505249023,2172.545654296875,295.4657287597656,201.90403747558594,0,0.0,vegetation
807,500735.0,2598665.0,0.5986141562461853,-0.149425208568573,27.153236389160156,14.975663185119629,2187.191650390625,240.0,379.9253845214844,1,72.54881286621094,vegetation
808,501095.0,2599295.0,0.63873291015625,-0.17275157570838928,27.22736358642578,14.334512710571289,2045.8203125,516.1395263671875,323.6820373535156,0,4.036532402038574,vegetation
809,502835.0,2597015.0,0.690622866153717,-0.16212105751037598,27.355131149291992,16.768341064453125,1724.7576904296875,1410.0,209.14117431640625,0,6.046323299407959,vegetation
810,500555.0,2597105.0,0.6709041595458984,-0.24284404516220093,26.899641036987305,0.5,1518.9200439453125,218.40328979492188,62.942588806152344,1,46.82052993774414,vegetation
811,501485.0,2599955.0,0.5635803937911987,0.02819184400141239,29.195491790771484,13.061578750610352,1935.203857421875,1020.4411010742188,580.1215209960938,0,67.69869995117188,cropland
812,502385.0,2597735.0,0.5005080103874207,-0.003919166978448629,29.021270751953125,16.588659286499023,1860.8463134765625,730.5477294921875,708.7445678710938,0,15.077000617980957,cropland
813,500315.0,2597885.0,0.6162766814231873,-0.12082500010728836,29.130245208740234,1.6371498107910156,1941.1700439453125,342.0526123046875,248.3406524658203,1,59.665809631347656,vegetation
814,501515.0,2597195.0,0.7292556762695312,-0.11081951856613159,26.426956176757812,15.756096839904785,1446.6844482421875,1179.576171875,196.64210510253906,0,7.315156936645508,built_up
815,500735.0,2597375.0,0.6758303046226501,-0.2519010603427887,26.80280876159668,4.724578380584717,1555.1429443359375,429.5346374511719,90.58882141113281,0,13.570929527282715,vegetation
816,502595.0,2599385.0,0.445697158575058,0.094509057700634,30.022705078125,5.969333171844482,1878.095703125,737.9024047851562,537.1390380859375,0,31.1062068939209,cropland
817,501785.0,2598065.0,0.3922888934612274,0.18335700035095215,31.16485595703125,22.062355041503906,2048.24267578125,730.5477294921875,1574.80126953125,0,18.25147247314453,built_up
818,501185.0,2597405.0,0.7261071801185608,-0.1835310161113739,25.73897361755371,14.026519775390625,1505.172119140625,878.2368774414062,119.2275390625,1,9.132245063781738,vegetation
819,502475.0,2597975.0,0.433902770280838,0.07707025110721588,31.00823402404785,16.953872680664062,1936.124267578125,474.3416442871094,2145.608154296875,0,36.66221618652344,built_up
820,502175.0,2599265.0,0.5050345659255981,-0.03293777257204056,29.815820693969727,7.645346641540527,1989.9384765625,456.9463806152344,887.7607421875,0,24.297914505004883,cropland
821,500795.0,2597015.0,0.7147930264472961,-0.22012031078338623,25.835054397583008,4.404311180114746,1449.7674560546875,450.0,91.72905731201172,0,10.539239883422852,vegetation
822,502775.0,2597495.0,0.5420161485671997,0.012344219721853733,29.19378662109375,15.290205955505371,1803.917236328125,930.0,611.408447265625,0,7.045091152191162,cropland
823,501155.0,2597345.0,0.676219642162323,-0.19547122716903687,25.57162857055664,13.032773971557617,1473.814453125,842.14013671875,100.68523406982422,0,2.6029844284057617,vegetation
824,502985.0,2597525.0,0.5654146075248718,-0.11279558390378952,29.730674743652344,15.958586692810059,1810.8673095703125,904.4888305664062,1112.292724609375,0,8.484272003173828,cropland
825,501755.0,2597405.0,0.5906454920768738,0.06276711821556091,28.66740608215332,17.868486404418945,1596.293701171875,1290.3487548828125,508.0398864746094,0,9.899003028869629,cropland
826,502685.0,2598605.0,0.409674733877182,0.10863242298364639,31.169715881347656,13.080753326416016,1903.9232177734375,120.0,2069.635986328125,0,43.206668853759766,built_up
827,500225.0,2598155.0,0.6902925372123718,-0.18319623172283173,28.416452407836914,6.471870422363281,2094.350830078125,276.5863342285156,174.33546447753906,1,84.86817932128906,vegetation
828,502985.0,2598665.0,0.49530547857284546,0.0978660136461258,29.91844940185547,13.504250526428223,1852.5029296875,150.0,909.7719116210938,0,33.5523567199707,built_up
829,500435.0,2597315.0,0.6092724204063416,-0.24854548275470734,27.89005470275879,0.5,1601.5621337890625,123.69316864013672,148.8608856201172,0,70.78890991210938,vegetation
830,501455.0,2599205.0,0.6618059873580933,-0.11797641217708588,26.193626403808594,12.372458457946777,2169.384033203125,276.5863342285156,168.06532287597656,0,2.11828351020813,built_up
831,500135.0,2598365.0,0.6867099404335022,-0.1964118927717209,27.778778076171875,10.05498218536377,2166.626220703125,123.69316864013672,122.9485092163086,1,97.39134979248047,vegetation
832,500855.0,2598605.0,0.6651279926300049,-0.1628447324037552,26.512537002563477,13.615497589111328,2211.750244140625,150.0,252.133544921875,1,69.9177474975586,vegetation
833,502205.0,2598275.0,0.2421817034482956,0.30829015374183655,32.50129699707031,18.686798095703125,2049.905517578125,339.4112548828125,2640.861083984375,1,68.32418060302734,built_up
834,502685.0,2597855.0,0.42881670594215393,0.07384595274925232,30.47482681274414,15.393802642822266,1901.243896484375,570.0,1181.4212646484375,0,14.687213897705078,cropland
835,500315.0,2597105.0,-0.25127899646759033,-0.39441123604774475,24.528196334838867,0.5,1570.362060546875,0.0,0.0,1,100.0,water
836,502325.0,2599565.0,0.4718300700187683,-0.009546516463160515,29.499469757080078,6.561351776123047,1909.45751953125,787.4642944335938,692.9072265625,0,28.28426170349121,cropland
837,501815.0,2597525.0,0.531658947467804,0.04187953099608421,29.178237915039062,18.96820640563965,1678.743896484375,1173.4564208984375,604.8861083984375,0,13.812812805175781,cropland
838,500165.0,2597255.0,-0.22249679267406464,-0.43166202306747437,25.89979362487793,0.5,1626.5423583984375,0.0,0.0,1,99.83799743652344,water
839,502985.0,2597765.0,0.4596655070781708,-0.10420790314674377,30.221782684326172,15.493687629699707,1874.1162109375,666.1080932617188,581.9999389648438,0,7.6098480224609375,cropland
840,502685.0,2598575.0,0.4121689796447754,0.11595279723405838,31.06279182434082,13.105860710144043,1907.8558349609375,90.0,2564.390380859375,0,43.38765335083008,built_up
841,502535.0,2598995.0,0.4934723973274231,0.11208691447973251,31.1970157623291,9.383574485778809,1905.560302734375,375.89892578125,519.4119873046875,0,22.86073112487793,built_up
842,500975.0,2597315.0,0.6414145231246948,-0.17545294761657715,25.789499282836914,9.633805274963379,1478.4932861328125,660.6814575195312,97.55559539794922,0,4.0182881355285645,vegetation
843,501245.0,2599595.0,0.5740325450897217,-0.15506060421466827,27.97321319580078,12.879537582397461,1960.4761962890625,713.0918579101562,337.3987121582031,0,21.50731086730957,water
844,501635.0,2597045.0,0.680656373500824,0.0565519705414772,27.029624938964844,15.734441757202148,1450.5380859375,1290.0,501.6642761230469,0,14.267497062683105,vegetation
845,500945.0,2598815.0,0.6523546576499939,-0.20575767755508423,26.313793182373047,14.965861320495605,2206.91259765625,254.55844116210938,295.87359619140625,1,20.267478942871094,vegetation
846,501785.0,2598695.0,0.5552108883857727,0.081080861389637,29.680904388427734,12.670004844665527,2256.09716796875,134.16407775878906,1175.4034423828125,1,37.092628479003906,built_up
847,501425.0,2599055.0,0.6539068222045898,-0.11784835159778595,26.462913513183594,12.10853099822998,2231.674072265625,150.0,191.85824584960938,0,9.596708297729492,vegetation
848,502655.0,2598665.0,0.4173949658870697,0.09508614987134933,31.45420265197754,12.687718391418457,1903.4827880859375,161.55494689941406,1334.0716552734375,0,31.12577247619629,built_up
849,502865.0,2599085.0,0.5270165801048279,-0.0010822010226547718,30.256832122802734,9.346541404724121,1834.3912353515625,577.0615234375,529.7955932617188,0,22.307641983032227,built_up
850,501755.0,2597705.0,0.48296770453453064,0.022994376718997955,29.896459579467773,20.895334243774414,1789.172607421875,1044.844482421875,499.2410583496094,0,11.439263343811035,built_up
851,501755.0,2599295.0,0.5619440674781799,-0.03460760787129402,27.854846954345703,10.054760932922363,2104.0849609375,360.0,408.1510009765625,1,25.261573791503906,vegetation
852,502025.0,2598605.0,0.4153084456920624,0.2587267756462097,31.20485496520996,13.911307334899902,2158.88623046875,150.0,1680.547607421875,1,62.31893539428711,cropland
853,502565.0,2597225.0,0.6214213371276855,-0.14596930146217346,27.727794647216797,14.586385726928711,1722.0675048828125,1201.4990234375,240.0613555908203,0,1.5523436069488525,built_up
854,501635.0,2599265.0,0.6044003367424011,-0.088932104408741,26.97697639465332,11.003429412841797,2136.28076171875,330.0,323.443603515625,0,15.496745109558105,vegetation
855,501335.0,2599205.0,0.6639186143875122,-0.12837621569633484,26.22549819946289,13.378701210021973,2156.22998046875,323.1098937988281,181.3977508544922,0,1.4185768365859985,vegetation
856,502445.0,2598515.0,-0.26564136147499084,-0.41669896245002747,28.06978416442871,12.579489707946777,1982.138671875,0.0,0.0,0,83.99468994140625,water
857,500285.0,2599055.0,0.6958848834037781,-0.10224612057209015,28.39983367919922,16.087032318115234,1970.6827392578125,457.93011474609375,181.1032257080078,0,12.966215133666992,vegetation
858,501395.0,2597345.0,0.7378619313240051,-0.19248414039611816,26.257633209228516,15.93840503692627,1485.8558349609375,1081.6654052734375,189.0609588623047,0,4.910839557647705,vegetation
859,502415.0,2598875.0,0.5472650527954102,0.21885190904140472,31.278608322143555,10.016538619995117,1959.412109375,212.1320343017578,763.2173461914062,0,29.941587448120117,built_up
860,501755.0,2599625.0,0.5949812531471252,-0.052245985716581345,28.29075050354004,11.257160186767578,1988.36865234375,690.0,491.0350646972656,1,51.174583435058594,vegetation
861,501665.0,2598005.0,0.46069055795669556,0.09309789538383484,30.613605499267578,21.788867950439453,2010.349853515625,763.6753540039062,782.0281372070312,0,9.537948608398438,built_up
862,500495.0,2598455.0,-0.21227186918258667,-0.38596487045288086,24.69044303894043,11.064299583435059,2165.51123046875,0.0,0.0,1,99.14189910888672,cropland
863,501965.0,2599385.0,0.5915423631668091,-0.06023341044783592,28.77678108215332,8.724905014038086,2021.2608642578125,484.6648254394531,326.8763732910156,1,27.007658004760742,vegetation
864,500855.0,2597405.0,0.6682541966438293,-0.20599965751171112,26.421123504638672,7.852646827697754,1543.244140625,553.1726684570312,115.65575408935547,0,0.0,vegetation
865,500345.0,2599085.0,0.6523176431655884,-0.08850256353616714,28.647859573364258,15.884632110595703,1954.150634765625,516.1395263671875,218.30044555664062,0,18.24122428894043,vegetation
866,501155.0,2599355.0,0.6410824656486511,-0.19238604605197906,27.082298278808594,13.927715301513672,2036.687255859375,536.6563110351562,322.0295715332031,0,0.38185715675354004,vegetation
867,501035.0,2597105.0,0.5609341859817505,-0.17365780472755432,25.4383487701416,9.42212200164795,1406.9520263671875,692.603759765625,125.49907684326172,0,6.614727973937988,vegetation
868,501875.0,2598785.0,0.5576431751251221,0.07148302346467972,30.07131576538086,10.163064002990723,2216.0595703125,30.0,1428.651123046875,1,71.28315734863281,built_up
869,501605.0,2597735.0,0.5189688205718994,-0.04213763400912285,29.829063415527344,20.759029388427734,1791.1820068359375,931.9334716796875,351.6813659667969,0,9.120939254760742,cropland
870,501695.0,2598005.0,0.45751142501831055,0.11745090037584305,30.692411422729492,21.94983673095703,2010.454345703125,785.1751098632812,837.286865234375,0,7.293123722076416,water
871,501905.0,2598575.0,0.45826420187950134,0.26873520016670227,30.741756439208984,14.975077629089355,2208.4296875,216.3330841064453,1460.20654296875,1,43.0526237487793,built_up
872,501065.0,2599805.0,0.4694032073020935,0.011752033606171608,28.96017074584961,11.124810218811035,1827.3101806640625,979.4896850585938,183.16766357421875,1,31.600271224975586,cropland
873,502385.0,2597045.0,0.7300900220870972,-0.2815307676792145,27.704341888427734,13.645743370056152,1671.714599609375,1400.714111328125,246.0643768310547,0,0.0,vegetation
874,501635.0,2599925.0,0.6127670407295227,0.04073841869831085,28.926218032836914,12.794480323791504,1942.4434814453125,990.0,798.696533203125,1,69.57986450195312,cropland
875,501185.0,2598665.0,-0.18462949991226196,-0.45021653175354004,22.45114517211914,11.420809745788574,2283.71240234375,0.0,0.0,1,86.34152221679688,water
876,502895.0,2597945.0,0.3525170087814331,0.05596787855029106,30.548917770385742,15.573467254638672,1910.8638916015625,480.0,723.7151489257812,0,9.690621376037598,built_up
877,502115.0,2599475.0,0.5402981638908386,-0.0422198623418808,29.130064010620117,7.951752662658691,1961.2412109375,618.4658203125,468.7615661621094,1,30.49678611755371,cropland
878,500915.0,2597045.0,0.6596503257751465,-0.20476911962032318,25.490306854248047,6.985354423522949,1422.5709228515625,570.0,116.8281021118164,0,3.6463608741760254,vegetation
879,501965.0,2599985.0,0.7564024329185486,-0.0035543213598430157,28.629854202270508,10.584814071655273,1915.0633544921875,1065.31689453125,1055.733154296875,1,45.842857360839844,cropland
880,501815.0,2597555.0,0.5152631998062134,0.03233163803815842,29.30535316467285,19.290752410888672,1697.2164306640625,1148.259521484375,609.9685668945312,0,13.756027221679688,cropland
881,502025.0,2599115.0,0.5275083780288696,0.023027673363685608,30.147323608398438,8.328450202941895,2081.493408203125,256.3200988769531,812.37451171875,0,38.23320770263672,cropland
882,500345.0,2599175.0,0.6323333978652954,-0.055211108177900314,28.742507934570312,14.66769790649414,1888.7535400390625,591.6925048828125,192.16140747070312,0,0.8304579854011536,vegetation
883,500045.0,2597435.0,-0.2403823584318161,-0.3466056287288666,26.289892196655273,0.5,1711.1728515625,0.0,0.0,0,96.71125793457031,water
884,502025.0,2598515.0,0.38564443588256836,0.3110659122467041,31.407739639282227,15.889878273010254,2153.62890625,228.4731903076172,1977.353759765625,1,57.79019546508789,built_up
885,502715.0,2598875.0,0.41828691959381104,-0.002777526620775461,31.464111328125,11.18661117553711,1866.871826171875,375.89892578125,518.2771606445312,1,20.58870506286621,built_up
886,502685.0,2598905.0,0.43118634819984436,0.014875706285238266,31.47338104248047,10.766573905944824,1871.38916015625,384.1874694824219,470.4017333984375,0,23.609107971191406,built_up
887,502565.0,2598575.0,0.4496159851551056,0.12056820094585419,31.372827529907227,12.453402519226074,1938.751953125,42.42640686035156,2700.590576171875,1,55.76029968261719,built_up
888,501785.0,2597675.0,0.4774913191795349,0.02058468572795391,29.78734016418457,20.59634017944336,1772.03515625,1068.2696533203125,555.1244506835938,0,15.728979110717773,built_up
889,501455.0,2597945.0,0.49488669633865356,-0.025945471599698067,29.579578399658203,20.132776260375977,1951.0794677734375,674.1661376953125,399.9640808105469,0,6.90761137008667,cropland
890,500645.0,2598185.0,0.5819754600524902,-0.130710631608963,29.093042373657227,9.908049583435059,2077.259765625,180.0,323.4576721191406,1,77.87763214111328,vegetation
891,502655.0,2599805.0,0.5877184867858887,0.15909045934677124,28.760726928710938,2.570675849914551,1881.4398193359375,1140.3946533203125,274.6540832519531,0,9.274109840393066,cropland
892,500255.0,2598575.0,0.6973929405212402,-0.23629291355609894,27.37995147705078,13.227396965026855,2171.388671875,42.42640686035156,156.00828552246094,1,100.0,vegetation
893,501095.0,2598605.0,-0.2528626024723053,-0.3983291685581207,22.207969665527344,11.40822982788086,2262.700439453125,0.0,0.0,1,91.07832336425781,water
894,500525.0,2598815.0,0.6492729187011719,-0.17653010785579681,27.62754249572754,16.868412017822266,2121.25732421875,360.0,418.6302795410156,0,52.0446662902832,vegetation
895,501305.0,2599595.0,0.5813643932342529,-0.1360924243927002,27.908506393432617,12.947295188903809,1977.31298828125,692.603759765625,381.4367980957031,1,27.784744262695312,cropland
896,502385.0,2599055.0,0.5146704316139221,0.09003704786300659,30.789796829223633,8.522662162780762,1950.231689453125,349.85711669921875,828.6500244140625,1,34.46121597290039,built_up
897,501395.0,2598215.0,0.5585506558418274,-0.02630445547401905,28.6390438079834,17.682273864746094,2153.396484375,424.2640686035156,493.81524658203125,0,3.2409307956695557,cropland
898,501485.0,2598665.0,0.665115237236023,-0.1451832354068756,27.53545379638672,13.137374877929688,2312.077392578125,150.0,416.7892150878906,1,12.938401222229004,vegetation
899,502355.0,2599625.0,0.4780921936035156,0.0058777183294296265,29.54228973388672,6.255300045013428,1900.9903564453125,853.81494140625,591.1759033203125,1,23.75562286376953,cropland
900,500855.0,2598845.0,0.5652420520782471,-0.164998397231102,26.954992294311523,15.74597454071045,2174.26025390625,339.4112548828125,365.891357421875,0,25.01290512084961,vegetation
901,501245.0,2597885.0,0.6271774768829346,-0.09409093111753464,28.06668472290039,17.66339683532715,1879.8829345703125,617.73779296875,258.0681457519531,0,4.020073890686035,vegetation
902,501785.0,2597915.0,0.4832824766635895,0.1557687371969223,30.481557846069336,22.183029174804688,1945.758056640625,872.0665283203125,675.1790161132812,1,15.820310592651367,built_up
903,502565.0,2598545.0,0.4354453682899475,0.12058162689208984,31.334693908691406,12.604401588439941,1941.9149169921875,30.0,3345.52880859375,0,64.95270538330078,built_up
904,501515.0,2597585.0,0.5516312122344971,-0.07944386452436447,28.953311920166016,19.0467586517334,1659.2017822265625,1008.4641723632812,428.9147033691406,0,7.223607540130615,vegetation
905,500765.0,2597195.0,0.6847111582756042,-0.21448184549808502,26.207199096679688,4.243851661682129,1482.52978515625,445.9820556640625,93.90946960449219,0,5.711204528808594,vegetation
906,502205.0,2597345.0,0.670341432094574,-0.06678061187267303,27.665178298950195,14.96678638458252,1686.1881103515625,1158.79248046875,599.4264526367188,0,4.683167934417725,cropland
907,500915.0,2598215.0,0.6179915070533752,-0.10938142985105515,27.880695343017578,12.251241683959961,2101.8623046875,182.48287963867188,313.7071533203125,1,35.26376724243164,vegetation
908,502925.0,2597345.0,0.5061776638031006,-0.08865643292665482,29.08612060546875,16.487457275390625,1766.899658203125,1080.4166259765625,824.03076171875,0,9.03396987915039,cropland
909,500225.0,2597465.0,-0.2339676022529602,-0.39195600152015686,25.590530395507812,0.5,1706.6905517578125,0.0,0.0,1,97.00643920898438,water
910,501725.0,2599985.0,0.6478977203369141,0.04224349558353424,28.84722328186035,12.418207168579102,1936.51953125,1050.0,994.3920288085938,1,69.32169342041016,cropland
911,500255.0,2598065.0,0.6725975871086121,-0.1940736472606659,28.701099395751953,4.756044387817383,2049.4658203125,351.1409912109375,230.89797973632812,0,74.62779998779297,vegetation
912,501185.0,2599475.0,0.6122201085090637,-0.21023112535476685,27.42637825012207,13.310981750488281,1989.9615478515625,630.7138671875,346.3497314453125,0,5.392811298370361,vegetation
913,502085.0,2598095.0,0.32696226239204407,0.23029689490795135,31.844240188598633,20.91645622253418,2024.119384765625,553.1726684570312,2424.97412109375,1,43.018131256103516,built_up
914,501485.0,2597615.0,0.5466792583465576,-0.0967651754617691,28.95575523376465,19.10615348815918,1677.3531494140625,967.470947265625,410.8067626953125,0,12.327163696289062,cropland
915,500915.0,2599985.0,0.4327167868614197,0.04169686511158943,28.990280151367188,9.330217361450195,1727.2255859375,1207.4766845703125,108.79637145996094,0,22.805139541625977,cropland
916,500285.0,2598755.0,0.743672251701355,-0.19566111266613007,27.297441482543945,16.391679763793945,2131.19140625,212.1320343017578,164.563232421875,1,68.6465835571289,vegetation
917,500375.0,2597735.0,0.6463841199874878,-0.08542155474424362,28.996902465820312,0.5,1838.7064208984375,276.5863342285156,210.3946990966797,1,45.321144104003906,vegetation
918,501665.0,2597255.0,0.6828077435493469,0.024989554658532143,27.65595054626465,16.650714874267578,1504.7237548828125,1336.6002197265625,420.0688171386719,0,7.918580055236816,cropland
919,500585.0,2598155.0,0.5936647653579712,-0.11743848025798798,29.130619049072266,9.169523239135742,2064.377685546875,210.0,276.8752136230469,1,68.40475463867188,vegetation
920,500915.0,2599475.0,0.5731949210166931,-0.0348907932639122,28.031038284301758,12.57468032836914,1876.0465087890625,768.3749389648438,735.4306640625,0,6.311701774597168,cropland
921,502745.0,2598995.0,0.4789474606513977,0.009745310992002487,30.92755126953125,10.027722358703613,1853.6904296875,492.0365905761719,425.04473876953125,0,21.981367111206055,built_up
922,500525.0,2597255.0,0.6612468361854553,-0.23008649051189423,27.270061492919922,0.5,1560.228759765625,210.0,98.1705322265625,0,48.69266128540039,built_up
923,501545.0,2599685.0,0.5675479769706726,-0.03443930670619011,28.366262435913086,12.63887882232666,1982.155029296875,750.0,547.9187622070312,1,62.6401481628418,vegetation
924,502175.0,2598155.0,0.2943862974643707,0.21530970931053162,32.23562240600586,19.875112533569336,2027.6282958984375,450.0,2321.497314453125,1,56.2100944519043,built_up
925,502865.0,2598965.0,0.5089237093925476,-0.03135593980550766,30.53093719482422,10.68311595916748,1836.00390625,458.9117431640625,562.4815063476562,1,23.966888427734375,built_up
926,501095.0,2598485.0,0.6325479745864868,-0.07869851589202881,26.048595428466797,11.733254432678223,2242.575439453125,30.0,301.8299560546875,1,66.94078063964844,vegetation
927,500105.0,2598485.0,0.6502225995063782,-0.19285908341407776,27.564064025878906,11.477952003479004,2181.127197265625,42.42640686035156,136.36451721191406,1,97.48873901367188,vegetation
928,502535.0,2599475.0,0.430355042219162,0.12347813695669174,29.877967834472656,5.521978855133057,1885.9281005859375,792.022705078125,547.042236328125,0,29.350383758544922,cropland
929,502445.0,2599775.0,0.5618840456008911,0.03617116063833237,29.273447036743164,5.10469388961792,1888.218994140625,1025.2803955078125,542.5936889648438,0,17.565099716186523,cropland
930,500255.0,2598935.0,0.7379598617553711,-0.1660701185464859,27.872766494750977,16.842601776123047,2046.34912109375,342.0526123046875,169.94407653808594,0,24.642349243164062,vegetation
931,500345.0,2597585.0,0.6279354095458984,-0.14490891993045807,28.899471282958984,0.5,1752.6343994140625,150.0,218.20162963867188,1,52.021427154541016,vegetation
932,500585.0,2598455.0,0.6155213713645935,-0.18055719137191772,28.180217742919922,11.547801971435547,2167.443359375,30.0,415.81640625,1,97.92122650146484,vegetation
933,502475.0,2599835.0,0.5684548020362854,0.0295335054397583,29.158239364624023,4.63806676864624,1886.3052978515625,1092.0164794921875,604.43310546875,0,13.925985336303711,cropland
934,502745.0,2597915.0,0.3811737895011902,0.10251486301422119,30.722848892211914,15.456151962280273,1911.9019775390625,510.0,1016.4478759765625,0,9.830299377441406,built_up
935,501275.0,2597735.0,0.6127639412879944,-0.12964218854904175,28.07598876953125,17.77368927001953,1752.126220703125,764.8529052734375,268.11163330078125,0,3.846395492553711,vegetation
936,500375.0,2597645.0,0.6377615332603455,-0.1176307275891304,28.915668487548828,0.5,1782.9615478515625,212.1320343017578,199.01145935058594,1,44.23128890991211,vegetation
937,502355.0,2599565.0,0.46448200941085815,0.018917787820100784,29.548307418823242,6.33109712600708,1905.3837890625,797.1198120117188,671.5232543945312,0,34.04438781738281,cropland
938,501935.0,2597105.0,0.5808492302894592,-0.047805752605199814,28.251747131347656,15.198716163635254,1553.1788330078125,1489.4630126953125,934.3599853515625,0,1.7799395322799683,built_up
939,501515.0,2598125.0,0.4661119282245636,0.02990722842514515,29.970876693725586,19.873172760009766,2096.734130859375,573.149169921875,882.7542724609375,0,3.8503589630126953,cropland
940,501545.0,2599655.0,0.566473126411438,-0.03672556206583977,28.21501350402832,12.574710845947266,1990.561279296875,720.0,521.3985595703125,0,55.88270950317383,vegetation
941,500015.0,2598305.0,0.7319002151489258,-0.18604600429534912,27.733497619628906,8.949697494506836,2160.36767578125,234.3074951171875,146.15213012695312,1,93.61580657958984,vegetation
942,502025.0,2599235.0,0.5812437534332275,-0.0058800471015274525,29.476863861083984,8.201932907104492,2047.83056640625,362.49139404296875,524.9931030273438,1,29.701955795288086,cropland
943,501185.0,2598005.0,0.663608193397522,-0.12385638058185577,27.632583618164062,16.53966522216797,1976.7215576171875,483.7354736328125,259.7998962402344,0,0.0,vegetation
944,501185.0,2598995.0,0.7084442973136902,-0.2320944219827652,26.40142822265625,14.113693237304688,2215.351318359375,228.4731903076172,266.8774719238281,0,1.397338628768921,vegetation
945,500105.0,2597705.0,0.5460891723632812,-0.15671604871749878,29.65166473388672,0.5,1857.4503173828125,84.85281372070312,239.82139587402344,0,72.36666107177734,cropland
946,501005.0,2599145.0,0.652734100818634,-0.1887727528810501,27.295482635498047,15.233809471130371,2091.283935546875,450.0,253.7423095703125,0,0.0,vegetation
947,500945.0,2598365.0,0.6515181660652161,-0.05212368816137314,27.00800132751465,11.620080947875977,2177.83447265625,60.0,297.93841552734375,1,66.3781509399414,vegetation
948,500255.0,2598275.0,0.6537866592407227,-0.15719808638095856,28.268749237060547,8.794059753417969,2136.314697265625,152.9705810546875,119.67626190185547,1,91.95563507080078,vegetation
949,501485.0,2597675.0,0.525968611240387,-0.10316555202007294,29.24920082092285,19.577756881713867,1725.2236328125,915.8602294921875,378.2542724609375,0,3.810828685760498,cropland
950,501935.0,2599175.0,0.598598062992096,0.04917946830391884,29.299884796142578,8.612963676452637,2097.03125,276.5863342285156,509.6567687988281,1,26.447105407714844,cropland
951,500555.0,2598305.0,0.5847336649894714,-0.14994630217552185,28.82445526123047,9.884111404418945,2129.804931640625,60.0,317.6278381347656,1,98.41039276123047,vegetation
952,501275.0,2597705.0,0.6196657419204712,-0.1366933286190033,27.96456527709961,17.630590438842773,1726.6622314453125,792.022705078125,269.9213562011719,0,1.6813668012619019,vegetation
953,502565.0,2598635.0,0.4684850871562958,0.12755928933620453,31.477933883666992,12.367825508117676,1932.1328125,94.86833190917969,1653.0406494140625,1,40.079933166503906,built_up
954,500855.0,2599205.0,0.5709270238876343,-0.05128758028149605,28.190948486328125,15.13729476928711,2002.4588623046875,593.9697265625,488.93011474609375,0,5.65239143371582,vegetation
955,502775.0,2597855.0,0.4000137746334076,0.0565015971660614,30.557138442993164,15.266000747680664,1899.76708984375,570.0,851.2528686523438,0,11.24545669555664,built_up
956,501395.0,2598125.0,0.5291868448257446,-0.02674831449985504,28.92289161682129,18.503719329833984,2090.61865234375,492.0365905761719,483.2773742675781,0,1.927329182624817,cropland
957,501695.0,2599385.0,0.546465277671814,-0.0665220096707344,27.552303314208984,10.826254844665527,2078.7978515625,450.0,429.31878662109375,0,31.160654067993164,cropland
958,502745.0,2597765.0,0.4702712595462799,0.02170056663453579,30.152931213378906,15.098258972167969,1879.297119140625,660.0,868.0822143554688,1,8.583586692810059,cropland
959,501875.0,2597375.0,0.62153160572052,0.03489141911268234,28.46390724182129,17.21266746520996,1614.1939697265625,1274.5587158203125,659.0836791992188,0,5.468827724456787,cropland
960,500735.0,2597735.0,0.6828429102897644,-0.13807226717472076,27.987585067749023,7.88304328918457,1774.968017578125,563.6488037109375,177.3268585205078,0,9.13512134552002,vegetation
961,501845.0,2599595.0,0.6112992167472839,-0.07210904359817505,28.402713775634766,10.429967880249023,1984.3048095703125,662.7216796875,424.4891052246094,1,44.735965728759766,vegetation
962,500075.0,2597855.0,0.5524125099182129,-0.15687817335128784,29.496767044067383,0.5,1950.366455078125,212.1320343017578,265.8099365234375,1,75.65788269042969,vegetation
963,502565.0,2599505.0,0.4459742605686188,0.1300094574689865,29.8255558013916,5.157522201538086,1882.2386474609375,831.9254760742188,481.4670715332031,0,25.88030242919922,cropland
964,502325.0,2599085.0,0.4974443018436432,0.05078468844294548,30.675949096679688,8.240291595458984,1968.4263916015625,349.85711669921875,971.9489135742188,0,30.734289169311523,built_up
965,502985.0,2599775.0,0.6187002658843994,0.07671929150819778,27.986196517944336,1.2251806259155273,1868.6048583984375,1260.0,305.11236572265625,0,3.9821701049804688,cropland
966,501785.0,2597855.0,0.4931353032588959,0.114386647939682,30.262170791625977,21.960081100463867,1902.386474609375,924.17529296875,570.1216430664062,0,17.651395797729492,cropland
967,502025.0,2597495.0,0.5945069193840027,-0.02811727114021778,28.382976531982422,17.518587112426758,1707.7464599609375,1100.227294921875,617.04443359375,0,5.910952091217041,cropland
968,501815.0,2599055.0,0.6225554347038269,0.02040844038128853,28.831787109375,8.993817329406738,2176.46435546875,123.69316864013672,615.9305419921875,0,40.26192092895508,cropland
969,500735.0,2598005.0,0.6051092147827148,-0.07489349693059921,28.86117935180664,9.897652626037598,1966.557861328125,360.0,206.68328857421875,0,19.976863861083984,vegetation
970,502295.0,2599145.0,0.4700312912464142,0.013989603146910667,30.49504852294922,7.881801128387451,1970.6065673828125,390.0,1023.6696166992188,0,34.971473693847656,cropland
971,502475.0,2597585.0,0.5527688264846802,-0.055806659162044525,28.209365844726562,15.218201637268066,1811.8826904296875,853.2877807617188,397.4422912597656,0,1.2972649335861206,vegetation
972,500615.0,2599025.0,0.5576350092887878,-0.07777778059244156,28.43004035949707,16.582365036010742,2034.3887939453125,577.0615234375,589.11328125,1,13.540336608886719,vegetation
973,501335.0,2597465.0,0.7273454070091248,-0.14053381979465485,26.662267684936523,16.448627471923828,1548.9185791015625,1033.1505126953125,222.1068572998047,0,6.927707195281982,vegetation
974,502715.0,2597225.0,0.6040061712265015,-0.0818151906132698,27.858888626098633,15.589475631713867,1737.445068359375,1200.0,233.83599853515625,0,2.583043336868286,vegetation
975,501095.0,2599265.0,0.6403652429580688,-0.1759568452835083,27.17551040649414,14.485542297363281,2061.36669921875,492.0365905761719,293.9837341308594,0,10.814067840576172,vegetation
976,501815.0,2598665.0,0.52428138256073,0.14019355177879333,30.006282806396484,13.213394165039062,2246.190673828125,152.9705810546875,1237.259521484375,0,45.61625289916992,built_up
977,500585.0,2598365.0,-0.20458585023880005,-0.3860359191894531,25.067092895507812,9.948806762695312,2148.20703125,0.0,0.0,1,100.0,water
978,501995.0,2597285.0,0.6038826107978821,-0.008873958140611649,28.32191276550293,15.794100761413574,1613.24072265625,1301.460693359375,927.4039306640625,0,2.2129156589508057,cropland
979,500255.0,2599715.0,0.6885176301002502,-0.18474039435386658,26.690784454345703,4.930621147155762,1503.7137451171875,1070.7940673828125,97.39022064208984,0,3.3403728008270264,vegetation
980,501605.0,2597195.0,0.7049950361251831,-0.013272378593683243,27.100379943847656,16.16193962097168,1468.7183837890625,1268.897216796875,332.38629150390625,0,12.80718994140625,vegetation
981,500735.0,2598935.0,0.5385205745697021,-0.10329177975654602,27.76964569091797,16.57496452331543,2108.822509765625,488.3646240234375,523.2400512695312,0,11.403133392333984,cropland
982,502865.0,2598335.0,0.4887993335723877,0.23406533896923065,29.851463317871094,14.85279655456543,1911.6029052734375,90.0,3114.56396484375,0,33.65488815307617,built_up
983,502715.0,2597375.0,0.5812466740608215,-0.01615680567920208,28.312944412231445,15.30298900604248,1768.9276123046875,1050.0,345.1478271484375,0,8.176504135131836,vegetation
984,500615.0,2599325.0,0.5453842282295227,-0.03670448064804077,28.7086238861084,13.197546005249023,1840.1085205078125,848.5281372070312,467.9112854003906,0,5.346942901611328,cropland
985,500195.0,2598605.0,0.7018027305603027,-0.20738957822322845,27.27004623413086,13.530244827270508,2169.94384765625,42.42640686035156,139.24009704589844,1,95.43917846679688,vegetation
986,502055.0,2599625.0,0.6028679609298706,-0.08247864246368408,28.940872192382812,8.832191467285156,1942.587646484375,740.9453125,453.27960205078125,0,30.375537872314453,vegetation
987,500315.0,2597015.0,-0.14288672804832458,-0.425913006067276,24.467348098754883,0.5,1563.3577880859375,0.0,0.0,1,99.9917221069336,water
988,501065.0,2598875.0,0.7160163521766663,-0.24193602800369263,26.14743995666504,14.433616638183594,2223.909912109375,212.1320343017578,280.75970458984375,0,7.585315227508545,vegetation
989,501065.0,2599025.0,0.704091489315033,-0.2394864708185196,26.6453857421875,15.039019584655762,2168.771240234375,318.9043884277344,239.34132385253906,0,7.579551696777344,built_up
990,501875.0,2599085.0,0.5912703275680542,0.0569937527179718,29.2967472076416,8.84076976776123,2146.78271484375,174.92855834960938,640.2858276367188,1,37.30697250366211,cropland
991,502745.0,2599955.0,0.5125571489334106,0.06783944368362427,28.44280242919922,1.2042561769485474,1881.8475341796875,1314.87646484375,295.1003112792969,0,11.172616958618164,cropland
992,501515.0,2598605.0,0.6603375673294067,-0.14224694669246674,27.929092407226562,14.071813583374023,2306.322265625,216.3330841064453,390.0175476074219,1,7.875948429107666,vegetation
993,501725.0,2597675.0,0.48768237233161926,0.020349225029349327,29.836074829101562,20.612794876098633,1762.6978759765625,1050.0,479.6341552734375,0,8.251654624938965,cropland
994,500045.0,2598245.0,0.7513461112976074,-0.18994779884815216,27.839038848876953,7.748836040496826,2141.34326171875,268.3281555175781,164.0609893798828,1,87.65193939208984,vegetation
995,501245.0,2597795.0,0.6362545490264893,-0.1150536760687828,27.989364624023438,17.584150314331055,1801.54248046875,697.7822265625,251.39649963378906,0,4.017254829406738,vegetation
996,502655.0,2597435.0,0.5830668807029724,-0.006558113731443882,28.25453758239746,14.963025093078613,1780.44873046875,990.0,324.7324523925781,0,4.74880313873291,vegetation
997,500555.0,2599745.0,0.6175682544708252,-0.1341753453016281,27.355377197265625,6.939715385437012,1581.3389892578125,1194.3616943359375,236.4667205810547,0,3.1156888008117676,vegetation
998,502925.0,2599625.0,0.5413293838500977,0.031901806592941284,28.908384323120117,2.632035255432129,1862.2545166015625,1110.4052734375,372.7646484375,0,12.441941261291504,cropland
999,501455.0,2597795.0,0.5145561695098877,-0.10202932357788086,29.430530548095703,19.98961639404297,1822.250244140625,798.8116455078125,324.2287292480469,0,5.776146411895752,cropland
1000,501785.0,2597975.0,0.45626962184906006,0.18215374648571014,30.745534896850586,22.25643539428711,1988.0667724609375,816.0882568359375,892.1980590820312,0,9.110174179077148,built_up
1001,501875.0,2597465.0,0.5836184024810791,0.03589646518230438,28.77121353149414,18.10490608215332,1658.4637451171875,1194.738525390625,630.4640502929688,0,4.185042858123779,cropland
1002,500735.0,2599955.0,0.46403810381889343,0.04661388695240021,28.31601905822754,7.545570373535156,1626.5611572265625,1265.701416015625,168.3179473876953,0,9.578487396240234,cropland
1003,500285.0,2597615.0,0.6263269782066345,-0.13538223505020142,29.08039093017578,0.5,1780.4937744140625,127.27922058105469,249.7493133544922,1,51.07242202758789,vegetation
1004,501125.0,2598245.0,0.5995599627494812,-0.03798120468854904,27.079084396362305,14.23513412475586,2143.414306640625,241.86773681640625,296.7491149902344,0,13.52839469909668,vegetation
1005,501305.0,2599505.0,0.588653028011322,-0.18863044679164886,27.38709259033203,13.145752906799316,2012.2196044921875,607.4536743164062,349.1256408691406,0,12.944559097290039,vegetation
1006,501395.0,2599355.0,0.6126226186752319,-0.14220203459262848,26.49055290222168,12.990372657775879,2095.1220703125,436.80657958984375,252.3358154296875,0,10.895186424255371,vegetation
1007,501245.0,2599865.0,0.4686306416988373,0.08741749823093414,29.413150787353516,12.267230987548828,1891.4403076171875,968.4007568359375,318.4244689941406,1,52.07262420654297,cropland
1008,501995.0,2597105.0,0.5656640529632568,-0.06615056097507477,28.39052963256836,14.860750198364258,1572.51318359375,1462.6346435546875,809.7337036132812,0,4.295653343200684,cropland
1009,502475.0,2598425.0,0.35324493050575256,0.17871491611003876,31.665851593017578,14.349294662475586,1977.1905517578125,67.08203887939453,4552.716796875,1,67.83305358886719,built_up
1010,500315.0,2598035.0,0.6463460326194763,-0.17653930187225342,28.88186264038086,4.671631813049316,2027.2586669921875,364.96575927734375,245.30995178222656,1,63.940982818603516,vegetation
1011,501095.0,2597255.0,0.5961490869522095,-0.1873195320367813,25.51007843017578,11.322738647460938,1438.8433837890625,778.8452758789062,92.96794128417969,0,4.441488265991211,vegetation
1012,501425.0,2599235.0,0.6551564931869507,-0.12015673518180847,26.17742919921875,12.687801361083984,2153.743408203125,313.2091979980469,176.4412078857422,0,1.6046842336654663,vegetation
1013,500975.0,2597915.0,0.8166086673736572,-0.0990731418132782,27.278976440429688,13.55312728881836,1892.9136962890625,484.6648254394531,182.61106872558594,0,2.1313869953155518,built_up
1014,501245.0,2598455.0,0.5923750400543213,-0.07325214892625809,26.648195266723633,13.577061653137207,2258.60107421875,150.0,324.0495300292969,0,23.08211326599121,water
1015,500825.0,2599175.0,0.5597057342529297,-0.03586511313915253,28.257619857788086,15.383853912353516,2008.787109375,593.9697265625,498.5896301269531,0,7.285007953643799,vegetation
1016,502895.0,2599535.0,0.509047269821167,0.030836930498480797,29.41252899169922,3.7140774726867676,1857.27734375,1021.76318359375,487.8232116699219,0,17.3618106842041,cropland
1017,502865.0,2599685.0,0.5711435079574585,0.05560185760259628,28.635475158691406,2.0367581844329834,1869.0887451171875,1132.0777587890625,327.0208435058594,0,6.791633129119873,cropland
1018,501515.0,2599925.0,0.5734856128692627,0.022019315510988235,29.1125431060791,13.046680450439453,1939.4029541015625,990.0,610.2944946289062,1,72.50909423828125,cropland
1019,501125.0,2598935.0,0.7147082090377808,-0.24823088943958282,26.309907913208008,14.279254913330078,2221.386474609375,212.1320343017578,278.5957946777344,0,4.909150123596191,vegetation
1020,500255.0,2598035.0,0.6632847785949707,-0.19287365674972534,28.786426544189453,4.10491418838501,2034.0086669921875,379.47332763671875,247.18890380859375,1,73.14033508300781,built_up
1021,500075.0,2598965.0,0.7643536925315857,-0.179335817694664,27.667984008789062,16.189208984375,2029.14501953125,301.49627685546875,128.97218322753906,0,21.40238380432129,vegetation
1022,502805.0,2597405.0,0.5331843495368958,-0.019017362967133522,28.965879440307617,15.674973487854004,1780.5828857421875,1020.0,568.7164306640625,0,8.358366966247559,cropland
1023,500945.0,2598695.0,0.6773394346237183,-0.18599142134189606,25.996938705444336,13.962380409240723,2227.76171875,169.70562744140625,243.80784606933594,0,45.91078186035156,vegetation
1024,501155.0,2599235.0,0.6532584428787231,-0.17798851430416107,26.83485221862793,14.404130935668945,2097.013427734375,432.6661682128906,244.17730712890625,0,3.898186683654785,vegetation
1025,502145.0,2599835.0,0.6211534738540649,0.012108448892831802,29.092945098876953,8.578582763671875,1904.947021484375,968.4007568359375,941.603515625,0,34.35553741455078,cropland
1026,502955.0,2597045.0,0.7209032773971558,-0.20037588477134705,27.237831115722656,17.482196807861328,1725.1986083984375,1381.3037109375,363.8289489746094,0,5.7306318283081055,vegetation
1027,500225.0,2597855.0,0.5710548758506775,-0.1268874853849411,29.336572647094727,0.5,1935.074951171875,268.3281555175781,226.01409912109375,1,66.60753631591797,vegetation
1028,502475.0,2599805.0,0.5737410187721252,0.047754548490047455,29.178327560424805,4.688038349151611,1886.5953369140625,1064.048828125,530.9393310546875,0,9.693861961364746,cropland
1029,500675.0,2597465.0,0.630553662776947,-0.22561858594417572,27.494579315185547,3.951392412185669,1614.4278564453125,400.2499084472656,89.69705963134766,0,13.428362846374512,vegetation
1030,501605.0,2597615.0,0.5227555632591248,-0.01297428086400032,29.478052139282227,19.778045654296875,1697.4755859375,1032.279052734375,437.3522033691406,0,13.27822494506836,cropland
1031,500135.0,2599295.0,0.6937132477760315,-0.10498858988285065,28.11733627319336,11.840727806091309,1780.1365966796875,636.3961181640625,209.03851318359375,0,5.8088698387146,vegetation
1032,500435.0,2597255.0,0.6342018842697144,-0.25151968002319336,27.649370193481445,0.5,1580.7760009765625,120.0,137.5985565185547,0,75.26075744628906,vegetation
1033,501125.0,2599235.0,0.6494001746177673,-0.18193276226520538,26.97307014465332,14.519465446472168,2087.186279296875,450.0,255.42984008789062,0,2.150712013244629,vegetation
1034,500495.0,2599655.0,0.6595161557197571,-0.1690090000629425,27.278379440307617,7.428072929382324,1596.3941650390625,1087.47412109375,198.64169311523438,0,1.702855110168457,vegetation
1035,502565.0,2597855.0,0.46650537848472595,0.05540984869003296,30.243213653564453,15.875614166259766,1902.6025390625,573.149169921875,1642.2392578125,0,19.279769897460938,built_up
1036,501395.0,2598245.0,0.5678791999816895,-0.0247932281345129,28.529272079467773,17.376239776611328,2172.41552734375,403.6087341308594,482.2602233886719,1,9.613737106323242,cropland
1037,501065.0,2598275.0,0.5871995091438293,-0.030328232795000076,27.07607650756836,13.383307456970215,2152.510498046875,189.73666381835938,307.7364807128906,1,25.862457275390625,vegetation
1038,500315.0,2599955.0,0.6842535734176636,-0.22133725881576538,26.21066665649414,3.672661066055298,1450.3868408203125,1317.9530029296875,215.90306091308594,0,6.448712348937988,vegetation
1039,500435.0,2597945.0,0.6519377827644348,-0.09945379942655563,28.998559951782227,4.483026027679443,1960.6263427734375,429.5346374511719,289.0360412597656,0,47.10595703125,vegetation
1040,502925.0,2599835.0,0.6326137185096741,0.06902714818716049,27.79852867126465,0.7318799495697021,1873.9844970703125,1291.3946533203125,309.6694030761719,0,12.11406135559082,cropland
1041,500735.0,2597465.0,0.6483508944511414,-0.22763724625110626,27.186845779418945,5.476378917694092,1600.8037109375,456.9463806152344,99.56880950927734,0,14.05770492553711,vegetation
1042,500915.0,2598995.0,0.6177121996879578,-0.16523627936840057,27.202693939208984,15.830188751220703,2133.78857421875,403.6087341308594,312.4353332519531,0,1.0331852436065674,vegetation
1043,502535.0,2598425.0,0.35497209429740906,0.15839223563671112,31.453536987304688,13.900876998901367,1960.4737548828125,42.42640686035156,4629.21630859375,1,72.464599609375,built_up
1044,500195.0,2599085.0,0.7430499792098999,-0.09195221215486526,28.171506881713867,15.522697448730469,1945.89208984375,445.9820556640625,147.1417999267578,1,6.789975643157959,vegetation
1045,501155.0,2599925.0,0.4297613203525543,0.10766278952360153,29.573625564575195,11.575650215148926,1851.1240234375,1053.4229736328125,211.2740478515625,1,49.69073486328125,cropland
1046,500135.0,2597315.0,-0.20884187519550323,-0.40895789861679077,26.000123977661133,0.5,1650.8514404296875,0.0,0.0,1,100.0,water
1047,502175.0,2599775.0,0.5702691078186035,-0.035991404205560684,29.255672454833984,8.145194053649902,1906.9210205078125,920.271728515625,828.3236083984375,1,36.16144943237305,cropland
1048,501275.0,2598845.0,0.669854998588562,-0.22832214832305908,26.46212387084961,12.208721160888672,2280.29296875,60.0,330.85223388671875,0,32.2140007019043,vegetation
1049,501815.0,2597195.0,0.6691405773162842,0.008053109049797058,27.884361267089844,16.11136817932129,1531.65625,1462.6346435546875,785.4773559570312,0,9.020293235778809,cropland
1050,500435.0,2599055.0,0.6172885298728943,-0.10744397342205048,28.69961929321289,16.335857391357422,1984.4100341796875,540.8327026367188,335.196533203125,0,17.523250579833984,vegetation
1051,502805.0,2598455.0,-0.1472262293100357,-0.3839585781097412,26.628074645996094,13.08046817779541,1902.89990234375,0.0,0.0,0,62.535972595214844,water
1052,501215.0,2599805.0,0.48176470398902893,0.035576608031988144,29.157575607299805,12.182487487792969,1890.8343505859375,920.271728515625,277.0889892578125,1,48.11680221557617,water
1053,502775.0,2598785.0,0.3885343670845032,0.01599225215613842,31.29905891418457,12.232131004333496,1863.002197265625,300.0,718.2064208984375,0,28.10964584350586,built_up
1054,501485.0,2599505.0,0.5677890777587891,-0.06984159350395203,27.32021713256836,12.574763298034668,2039.461669921875,570.7889404296875,415.5331726074219,1,22.752485275268555,vegetation
1055,500375.0,2598725.0,0.7211419939994812,-0.22407454252243042,27.36038589477539,16.279159545898438,2141.803955078125,228.4731903076172,226.75747680664062,1,75.3583984375,vegetation
1056,502925.0,2599025.0,0.5356737375259399,-0.03835327550768852,30.217634201049805,10.200736045837402,1828.2911376953125,510.881591796875,584.9320678710938,0,21.545194625854492,built_up
1057,500525.0,2597855.0,0.6594488620758057,-0.06741302460432053,28.895158767700195,4.6414265632629395,1890.4422607421875,466.69049072265625,287.96124267578125,0,18.13007926940918,vegetation
1058,502235.0,2597555.0,0.6132161021232605,-0.048319026827812195,27.860883712768555,16.464771270751953,1772.2760009765625,953.4149169921875,414.87677001953125,0,3.7828145027160645,vegetation
1059,502145.0,2597285.0,0.6652029752731323,-0.04317192733287811,27.881528854370117,14.882336616516113,1653.722900390625,1236.931640625,714.2584228515625,0,0.7589116096496582,vegetation
1060,502295.0,2598005.0,0.40331408381462097,0.08416856080293655,31.305908203125,18.83995246887207,1960.4893798828125,523.927490234375,1643.275146484375,0,40.43490982055664,built_up
1061,502175.0,2599085.0,0.49063023924827576,-0.015347672626376152,30.61273956298828,8.182426452636719,2027.6688232421875,284.60498046875,1186.1016845703125,0,41.43726348876953,built_up
1062,502475.0,2597375.0,0.5962279438972473,-0.12275747954845428,27.662752151489258,14.488546371459961,1744.0592041015625,1060.66015625,281.9342956542969,0,2.570391893386841,vegetation
1063,502415.0,2599775.0,0.5479968190193176,0.008931117132306099,29.33245277404785,5.461689472198486,1889.6572265625,1015.1354370117188,619.8533935546875,0,10.643274307250977,cropland
1064,502055.0,2598965.0,0.47474491596221924,0.03365101292729378,30.840112686157227,8.662201881408691,2105.284912109375,134.16407775878906,1439.8682861328125,1,59.6103630065918,built_up
1065,501725.0,2598905.0,-0.19287633895874023,-0.41845229268074036,24.819896697998047,9.001286506652832,2246.18115234375,0.0,0.0,1,88.02591705322266,water
1066,501305.0,2598005.0,0.5565773248672485,-0.06970398128032684,28.453554153442383,18.141218185424805,1987.8931884765625,540.8327026367188,308.0321044921875,0,2.630542516708374,vegetation
1067,500075.0,2597675.0,0.5437979102134705,-0.1767326444387436,29.69511604309082,0.5,1842.0335693359375,42.42640686035156,262.4457092285156,1,75.67942810058594,cropland
1068,502955.0,2598365.0,0.5202771425247192,0.24331611394882202,29.53792953491211,14.957866668701172,1900.5255126953125,84.85281372070312,3186.92529296875,0,27.429672241210938,built_up
1069,502535.0,2597885.0,0.46516045928001404,0.057307545095682144,30.39320182800293,16.17657470703125,1910.9842529296875,547.4486083984375,1886.859619140625,0,19.682403564453125,built_up
1070,502475.0,2598125.0,0.34476134181022644,0.1478298455476761,31.781579971313477,17.100587844848633,1964.3436279296875,335.4101867675781,1607.070556640625,0,41.62282943725586,built_up
1071,502625.0,2597975.0,0.4159739911556244,0.12685680389404297,30.915849685668945,15.975262641906738,1927.0648193359375,450.0,1632.050048828125,0,19.120891571044922,built_up
1072,500645.0,2599325.0,0.5449048280715942,-0.031273484230041504,28.675403594970703,13.313215255737305,1850.2462158203125,827.5868530273438,526.8624877929688,0,3.926774263381958,cropland
1073,502955.0,2599835.0,0.6398293375968933,0.06685771048069,27.74222755432129,0.7418279647827148,1872.6654052734375,1306.981201171875,312.6623840332031,0,3.041611433029175,cropland
1074,502775.0,2599115.0,0.5249799489974976,0.04374976083636284,30.3679256439209,8.789570808410645,1846.6890869140625,607.4536743164062,453.3789978027344,1,28.91530418395996,built_up
1075,502415.0,2597645.0,0.5379508137702942,-0.043844256550073624,28.411338806152344,15.82190227508545,1828.5848388671875,807.7747192382812,473.86669921875,0,10.847753524780273,cropland
1076,501845.0,2598245.0,0.3267706036567688,0.16958491504192352,31.607391357421875,20.67502784729004,2139.079345703125,540.8327026367188,3559.67041015625,0,26.106569290161133,built_up
1077,501845.0,2598485.0,0.45422011613845825,0.22783619165420532,30.748796463012695,16.872289657592773,2217.80712890625,323.1098937988281,1512.9599609375,0,31.43680763244629,built_up
1078,502085.0,2598755.0,-0.16764140129089355,-0.4310167729854584,27.80172348022461,9.684700965881348,2124.2431640625,0.0,0.0,1,94.0772705078125,water
1079,500555.0,2598485.0,0.6140778660774231,-0.20978616178035736,28.083162307739258,12.094796180725098,2170.1103515625,42.42640686035156,392.076416015625,1,100.0,built_up
1080,501125.0,2598965.0,0.7154107093811035,-0.24709133803844452,26.37738037109375,14.426811218261719,2210.67041015625,234.3074951171875,268.7423400878906,1,5.37753963470459,vegetation
1081,501605.0,2599925.0,0.6030656695365906,0.034874703735113144,28.96638298034668,12.892525672912598,1942.6534423828125,990.0,739.817626953125,0,72.74050903320312,water
1082,502895.0,2599805.0,0.6176647543907166,0.08009804785251617,27.983436584472656,0.9594358801841736,1874.0123291015625,1250.3199462890625,300.5335388183594,1,3.70302414894104,cropland
1083,500195.0,2598095.0,0.7042890191078186,-0.2025376707315445,28.488271713256836,4.989631652832031,2070.02880859375,342.0526123046875,224.29888916015625,1,76.71348571777344,vegetation
1084,500585.0,2597465.0,0.6014823317527771,-0.20262762904167175,27.93330192565918,1.6460925340652466,1635.3538818359375,313.2091979980469,92.2764663696289,0,27.52837371826172,vegetation
1085,501155.0,2597015.0,0.500502347946167,-0.16638098657131195,25.470609664916992,11.22224235534668,1386.1973876953125,810.0,195.4545440673828,0,5.10911750793457,cropland
1086,500765.0,2597315.0,0.6881797313690186,-0.23659469187259674,26.461437225341797,4.99982213973999,1522.0634765625,450.9989013671875,94.39952850341797,1,8.250066757202148,vegetation
1087,502835.0,2598395.0,0.48145416378974915,0.2490926831960678,29.942256927490234,13.898239135742188,1907.3726806640625,30.0,3360.43994140625,1,44.49240493774414,built_up
1088,501785.0,2597615.0,0.4856087267398834,0.0239530261605978,29.6063175201416,19.992881774902344,1730.50927734375,1116.0645751953125,581.2806396484375,1,20.293846130371094,cropland
1089,500525.0,2597885.0,0.6593031287193298,-0.0682748407125473,28.924510955810547,5.059167385101318,1910.0006103515625,480.0,293.1402282714844,0,23.75074005126953,vegetation
1090,502865.0,2597135.0,0.6392526030540466,-0.14665867388248444,27.653972625732422,16.844758987426758,1731.984130859375,1290.0,307.9542236328125,0,10.255738258361816,vegetation
1091,502565.0,2599625.0,0.5344436168670654,0.16795805096626282,29.426565170288086,4.3933916091918945,1882.573974609375,939.1485595703125,337.4908142089844,1,13.785187721252441,cropland
1092,500915.0,2599265.0,0.5920218229293823,-0.08371599018573761,28.019113540649414,14.650005340576172,1991.513671875,600.0,491.5863037109375,0,4.044431686401367,vegetation
1093,500285.0,2599115.0,0.6837754845619202,-0.06636074930429459,28.517112731933594,15.376141548156738,1927.883544921875,510.0,171.16563415527344,1,12.38624095916748,vegetation
1094,502685.0,2597915.0,0.4059275984764099,0.1068304181098938,30.715965270996094,15.578383445739746,1913.75439453125,510.0,1282.7252197265625,1,18.029653549194336,built_up
1095,500585.0,2597405.0,0.6244170069694519,-0.22689484059810638,27.650354385375977,1.1643552780151367,1605.2813720703125,295.4657287597656,90.14242553710938,0,34.93012619018555,vegetation
1096,502625.0,2597255.0,0.6171731948852539,-0.09851782023906708,27.75355339050293,14.940832138061523,1734.67919921875,1170.0,234.03077697753906,0,1.6250351667404175,vegetation
1097,501845.0,2599055.0,0.608669638633728,0.037954919040203094,29.12320899963379,8.890241622924805,2166.58056640625,134.16407775878906,667.4052734375,1,44.57425308227539,cropland
1098,500735.0,2599265.0,0.5332310199737549,-0.0025633512996137142,28.62916374206543,14.394603729248047,1921.2025146484375,721.2489013671875,646.7464599609375,0,9.689382553100586,cropland
1099,501305.0,2599535.0,0.5860863327980042,-0.17450618743896484,27.559890747070312,13.077659606933594,2000.03662109375,635.6885986328125,363.2298889160156,0,17.98879051208496,vegetation
1100,502505.0,2599835.0,0.5753591656684875,0.054834458976984024,29.094884872436523,4.254591941833496,1885.46826171875,1103.0865478515625,512.4019165039062,0,15.482322692871094,cropland
1101,500705.0,2597465.0,0.640091061592102,-0.22836937010288239,27.339923858642578,4.717149257659912,1607.5450439453125,429.5346374511719,93.65684509277344,0,16.916080474853516,vegetation
1102,501815.0,2599445.0,0.5737571120262146,-0.07650138437747955,28.152490615844727,10.043782234191895,2036.0418701171875,510.881591796875,365.43353271484375,0,34.777198791503906,vegetation
1103,500945.0,2599985.0,0.4299209415912628,0.04023842513561249,29.096261978149414,9.627429008483887,1743.9525146484375,1194.3616943359375,107.62411499023438,1,33.69327163696289,cropland
1104,500375.0,2597765.0,0.6458130478858948,-0.07967968285083771,29.018070220947266,0.5,1857.56982421875,296.98486328125,218.86770629882812,0,43.46688461303711,vegetation
1105,500315.0,2597435.0,0.5961572527885437,-0.21926560997962952,28.713064193725586,0.5,1677.2762451171875,60.0,246.77703857421875,0,76.12193298339844,vegetation
1106,502025.0,2598965.0,0.48316851258277893,0.039106905460357666,30.739614486694336,8.662428855895996,2118.737060546875,123.69316864013672,1372.6864013671875,0,65.63186645507812,built_up
1107,502565.0,2597015.0,0.6135499477386475,-0.1949244737625122,27.933149337768555,14.559836387634277,1702.009033203125,1411.2760009765625,180.08352661132812,0,0.0,vegetation
1108,502055.0,2599085.0,0.5028882622718811,0.009211231954395771,30.416563034057617,8.329289436340332,2077.285888671875,241.86773681640625,990.0746459960938,1,35.058563232421875,cropland
1109,501515.0,2599385.0,0.579681932926178,-0.09834447503089905,26.763900756835938,12.231833457946777,2090.52685546875,450.0,331.1121826171875,0,20.223079681396484,vegetation
1110,501575.0,2597105.0,0.7112699747085571,-0.011995751410722733,26.65620231628418,15.674032211303711,1440.749755859375,1231.4625244140625,277.7081604003906,0,13.167730331420898,vegetation
1111,501905.0,2599295.0,0.6148816347122192,-0.013934813439846039,28.65007972717285,8.920191764831543,2066.66015625,379.47332763671875,360.80859375,0,19.84734344482422,vegetation
1112,502265.0,2598935.0,0.519256055355072,0.12042878568172455,31.017765045166016,9.088444709777832,2014.9862060546875,189.73666381835938,1295.622314453125,1,44.79261016845703,built_up
1113,500735.0,2597255.0,0.6886307597160339,-0.22839199006557465,26.43468475341797,3.8724844455718994,1507.564453125,420.0,89.96341705322266,0,14.146865844726562,vegetation
1114,501905.0,2597075.0,0.5947576761245728,-0.03543466329574585,28.130773544311523,15.280821800231934,1539.93408203125,1529.705810546875,1002.7037963867188,0,10.201288223266602,cropland
1115,500255.0,2598185.0,0.6644365191459656,-0.1662045270204544,28.462657928466797,7.243403911590576,2104.19970703125,241.86773681640625,154.00515747070312,1,87.39054870605469,vegetation
1116,502025.0,2597405.0,0.6222968697547913,-0.012467799708247185,28.24893569946289,16.617530822753906,1666.3800048828125,1180.7200927734375,772.2757568359375,0,9.8245210647583,cropland
1117,500705.0,2597165.0,0.6754102110862732,-0.21534723043441772,26.43193817138672,2.6951844692230225,1490.827392578125,379.47332763671875,80.04228973388672,0,17.657318115234375,vegetation
1118,502115.0,2597225.0,0.6456866264343262,-0.04599355161190033,28.065359115600586,14.685638427734375,1630.0836181640625,1303.8787841796875,723.6256713867188,0,4.091094017028809,vegetation
1119,501935.0,2599655.0,0.63978511095047,-0.07713760435581207,28.661909103393555,9.957987785339355,1955.750244140625,735.4590454101562,493.52996826171875,1,41.2298469543457,vegetation
1120,500225.0,2597225.0,-0.20654267072677612,-0.40411004424095154,25.514698028564453,0.5,1609.767578125,0.0,0.0,1,99.30973815917969,water
1121,501545.0,2599565.0,0.5652279853820801,-0.04165537655353546,27.718725204467773,12.380002975463867,2019.496826171875,630.0,457.4483642578125,1,41.28449249267578,vegetation
1122,502355.0,2598545.0,0.44867628812789917,0.19426390528678894,31.630584716796875,13.021499633789062,2013.660888671875,42.42640686035156,2778.282958984375,1,75.4243392944336,built_up
1123,500105.0,2599295.0,0.7006533145904541,-0.10761270672082901,28.0753116607666,11.733059883117676,1779.7510986328125,632.8507080078125,232.40626525878906,0,3.3691492080688477,vegetation
1124,501785.0,2599145.0,0.6028852462768555,0.014052193611860275,28.31902313232422,9.433712005615234,2154.364013671875,210.0,451.40338134765625,0,27.86027717590332,built_up
1125,502175.0,2597975.0,0.4130130410194397,0.14934881031513214,31.02069091796875,20.08065414428711,1961.6722412109375,603.7383422851562,1333.331298828125,0,34.73536682128906,built_up
1126,500225.0,2597525.0,0.6029127836227417,-0.17026323080062866,29.158754348754883,0.5,1738.3544921875,30.0,334.5845031738281,1,79.19649505615234,vegetation
1127,501695.0,2597075.0,0.6748484969139099,0.06582711637020111,27.351787567138672,15.855644226074219,1471.220947265625,1350.333251953125,767.8609619140625,0,15.212336540222168,cropland
1128,502985.0,2599865.0,0.655542254447937,0.05203380063176155,27.598983764648438,0.6302524209022522,1872.278076171875,1348.332275390625,322.2308654785156,0,2.350605010986328,water
1129,502475.0,2599175.0,0.47824907302856445,0.038538914173841476,30.461835861206055,7.75001859664917,1910.0694580078125,496.5883483886719,659.233154296875,1,24.200380325317383,vegetation
1130,501905.0,2597465.0,0.5901659727096558,0.022861525416374207,28.692222595214844,17.95845603942871,1665.6552734375,1180.7200927734375,647.373291015625,0,9.775031089782715,cropland
1131,501605.0,2598485.0,0.6009827256202698,-0.048933032900094986,29.225467681884766,16.258434295654297,2274.41943359375,362.49139404296875,598.9957885742188,0,7.367674350738525,cropland
1132,501155.0,2599775.0,0.49043169617652893,-0.00379451853223145,28.95197868347168,11.886651992797852,1874.0565185546875,913.8927612304688,228.9382781982422,1,36.38993453979492,cropland
1133,501665.0,2597075.0,0.6791386008262634,0.061729591339826584,27.21576499938965,15.835859298706055,1462.038330078125,1320.3408203125,621.835205078125,0,14.564579010009766,water
1134,500735.0,2598485.0,0.6573536396026611,-0.1461934596300125,27.574504852294922,12.14620304107666,2183.205078125,60.0,389.10650634765625,1,94.74880981445312,vegetation
1135,502685.0,2599925.0,0.5130054950714111,0.07929591834545135,28.68305206298828,1.8572802543640137,1882.6307373046875,1261.427734375,300.2391052246094,0,8.565933227539062,cropland
1136,500045.0,2599505.0,0.5696873664855957,-0.10576983541250229,27.900014877319336,7.2474236488342285,1615.9974365234375,840.0,206.79139709472656,0,3.1416079998016357,vegetation
1137,502895.0,2599895.0,0.6291435956954956,0.046763136982917786,27.721485137939453,0.5,1876.932373046875,1328.8341064453125,320.0351257324219,0,4.140655517578125,cropland
1138,500135.0,2597015.0,-0.2053426057100296,-0.42091962695121765,26.231414794921875,0.5,1588.4425048828125,0.0,0.0,1,100.0,water
1139,500015.0,2599655.0,0.6092031598091125,-0.14666861295700073,27.183053970336914,4.53497314453125,1519.5885009765625,990.0,117.73738861083984,0,0.0,vegetation
1140,500495.0,2598785.0,0.6702231764793396,-0.1972121149301529,27.54465675354004,16.749189376831055,2129.163818359375,323.1098937988281,371.5038146972656,1,58.95757293701172,vegetation
1141,502025.0,2597045.0,0.5668134093284607,-0.09321809560060501,28.40979766845703,14.56480598449707,1576.7216796875,1504.7923583984375,665.1571655273438,0,4.2738752365112305,cropland
1142,500795.0,2597855.0,0.6921791434288025,-0.10166891664266586,28.110645294189453,10.067142486572266,1854.9976806640625,510.0,161.1910400390625,0,0.0,vegetation
1143,501185.0,2597705.0,0.7030460834503174,-0.1568007618188858,27.337438583374023,16.41283416748047,1721.540283203125,752.3961791992188,220.4237518310547,0,2.003310203552246,vegetation
1144,500555.0,2597735.0,0.645016074180603,-0.08511346578598022,28.68994140625,3.709345579147339,1806.0435791015625,408.04412841796875,217.735107421875,0,22.229650497436523,vegetation
1145,500705.0,2598665.0,0.6005259156227112,-0.15715289115905762,27.26093864440918,15.088658332824707,2182.42236328125,240.0,413.7656555175781,1,73.69961547851562,vegetation
1146,500405.0,2597645.0,0.6357624530792236,-0.11560402810573578,28.86418914794922,0.5,1777.4132080078125,234.3074951171875,187.6587677001953,1,44.074729919433594,vegetation
1147,502955.0,2597015.0,0.7300236821174622,-0.20478218793869019,27.18852424621582,17.498308181762695,1724.5701904296875,1411.2760009765625,355.68328857421875,0,6.307794570922852,vegetation
1148,500075.0,2598605.0,-0.2012433409690857,-0.4196782410144806,23.7331600189209,12.626790046691895,2175.120361328125,0.0,0.0,1,98.91146850585938,water
1149,501605.0,2597705.0,0.5201585292816162,-0.03454319015145302,29.753799438476562,20.542015075683594,1767.151611328125,957.183349609375,368.67950439453125,0,8.670631408691406,cropland
1150,501695.0,2598425.0,0.500152587890625,0.060597993433475494,30.253507614135742,17.621557235717773,2241.8291015625,417.8516540527344,1161.5936279296875,0,7.255787372589111,built_up
1151,500405.0,2599145.0,0.6076177954673767,-0.07027154415845871,28.866777420043945,15.250421524047852,1918.4110107421875,600.0,260.5939636230469,0,15.55778694152832,vegetation
1152,501545.0,2598335.0,0.5608693957328796,0.027582501992583275,29.502601623535156,17.905542373657227,2223.671630859375,445.9820556640625,798.5326538085938,0,3.3066554069519043,cropland
1153,500885.0,2597945.0,0.7342100143432617,-0.08174602687358856,27.85550880432129,12.082459449768066,1917.3013916015625,429.5346374511719,175.8107147216797,0,0.0,vegetation
1154,500135.0,2598305.0,0.7069557905197144,-0.18465100228786469,27.87528419494629,9.090086936950684,2153.209716796875,174.92855834960938,126.70477294921875,1,95.98724365234375,vegetation
1155,501575.0,2598185.0,0.4516538977622986,0.05828555300831795,30.33745765686035,19.931428909301758,2137.732666015625,573.149169921875,1320.16748046875,0,4.618215560913086,built_up
1156,500495.0,2598755.0,0.6730185151100159,-0.2183901071548462,27.48750877380371,16.534915924072266,2138.8955078125,295.4657287597656,367.76995849609375,1,68.09219360351562,vegetation
1157,502985.0,2597405.0,0.5081085562705994,-0.09504178166389465,29.459245681762695,16.46600341796875,1779.16162109375,1023.962890625,1055.8673095703125,0,10.198917388916016,cropland
1158,502145.0,2599685.0,0.5622808337211609,-0.08398762345314026,29.21465301513672,8.228667259216309,1919.96826171875,825.4089965820312,608.44970703125,0,35.38222122192383,built_up
1159,501455.0,2599145.0,0.6642274260520935,-0.11750421673059464,26.268686294555664,12.189371109008789,2195.888671875,218.40328979492188,160.7509765625,0,2.473639488220215,vegetation
1160,502445.0,2598095.0,0.35899752378463745,0.1315128356218338,31.75440216064453,17.3883056640625,1963.9517822265625,375.89892578125,1694.720947265625,1,38.76350402832031,built_up
1161,501785.0,2598095.0,0.3713201582431793,0.1759038269519806,31.282737731933594,21.914148330688477,2067.162109375,702.281982421875,1911.2950439453125,0,12.128539085388184,built_up
1162,501545.0,2597855.0,0.5013592839241028,-0.0548725500702858,29.927928924560547,20.94624137878418,1883.3104248046875,798.8116455078125,351.2539978027344,0,6.3457841873168945,cropland
1163,502595.0,2599895.0,0.5444309115409851,0.06929656863212585,28.91091537475586,2.9851856231689453,1883.72509765625,1194.3616943359375,381.8887634277344,0,7.2903337478637695,cropland
1164,501425.0,2598155.0,0.5198124051094055,-0.010984220542013645,29.124088287353516,18.60758399963379,2114.361083984375,488.3646240234375,579.5964965820312,0,0.0,cropland
1165,501485.0,2598575.0,0.6614958047866821,-0.1481064110994339,27.821918487548828,14.314543724060059,2303.708984375,228.4731903076172,329.21868896484375,0,11.928930282592773,vegetation
1166,501995.0,2597795.0,0.4835815131664276,0.13314831256866455,29.730207443237305,20.767864227294922,1872.790771484375,849.0582885742188,692.7546997070312,0,29.563522338867188,cropland
1167,502805.0,2598035.0,0.37325936555862427,0.14426568150520325,30.647232055664062,15.73190975189209,1924.5382080078125,390.0,1070.8890380859375,0,16.93830108642578,built_up
1168,502175.0,2597015.0,0.6927059292793274,-0.20779062807559967,27.96916961669922,13.796795845031738,1620.2769775390625,1480.067626953125,314.5943908691406,0,0.0,vegetation
1169,502775.0,2597915.0,0.37119221687316895,0.0947176069021225,30.709672927856445,15.426061630249023,1910.9674072265625,510.0,912.8280029296875,0,14.407455444335938,built_up
1170,500525.0,2598065.0,0.6258068680763245,-0.08444973081350327,29.08434295654297,7.534570693969727,2020.44775390625,300.0,250.9976043701172,0,61.05416488647461,vegetation
1171,500765.0,2598365.0,-0.19668526947498322,-0.38463345170021057,24.509241104125977,10.315421104431152,2156.859375,0.0,0.0,1,100.0,water
1172,501785.0,2599925.0,0.6837101578712463,0.028452735394239426,28.734745025634766,11.995684623718262,1934.228515625,990.0,1083.41845703125,1,64.67631530761719,cropland
1173,500855.0,2597375.0,0.6683595776557922,-0.20369160175323486,26.322999954223633,7.5932841300964355,1528.3126220703125,547.4486083984375,110.46812438964844,0,11.264749526977539,vegetation
1174,501425.0,2597165.0,0.7225503325462341,-0.16402967274188995,25.776920318603516,14.942312240600586,1421.15869140625,1086.646240234375,139.6820068359375,0,4.788599491119385,vegetation
1175,502235.0,2598065.0,0.357222318649292,0.13173717260360718,31.767501831054688,19.52997398376465,1987.8660888671875,496.5883483886719,1739.4605712890625,0,46.77666091918945,built_up
1176,501395.0,2598065.0,0.5144095420837402,-0.024173589423298836,29.060409545898438,18.94011116027832,2044.6602783203125,540.8327026367188,446.5361633300781,0,5.0751423835754395,cropland
1177,502625.0,2598845.0,0.4354974031448364,0.06838150322437286,31.695449829101562,11.121529579162598,1891.6689453125,300.0,540.2376708984375,0,26.85061264038086,built_up
1178,502835.0,2599865.0,0.5955082774162292,0.08036305755376816,28.02920913696289,0.8211044073104858,1878.158935546875,1274.5587158203125,297.2031555175781,0,11.89277458190918,cropland
1179,500585.0,2599295.0,0.5397254824638367,-0.03335631266236305,28.819692611694336,13.539850234985352,1851.077880859375,823.7717895507812,426.3109436035156,0,10.28834056854248,cropland
1180,502355.0,2599355.0,0.4759632349014282,0.01722051575779915,29.69706916809082,6.867560863494873,1925.0135498046875,603.7383422851562,1086.8477783203125,0,31.2208309173584,cropland
1181,500255.0,2597405.0,-0.18416154384613037,-0.44447943568229675,25.40724754333496,0.5,1673.0272216796875,0.0,0.0,1,94.9016342163086,water
1182,500555.0,2599055.0,0.5731416940689087,-0.08377968519926071,28.641597747802734,16.407405853271484,2004.035400390625,597.7457885742188,530.5221557617188,0,20.56477928161621,vegetation
1183,500015.0,2598425.0,0.6551351547241211,-0.1837189942598343,27.66024398803711,10.983680725097656,2182.09423828125,134.16407775878906,140.81533813476562,1,97.90895080566406,vegetation
1184,502505.0,2599085.0,0.49561893939971924,0.06965431571006775,30.811786651611328,8.508441925048828,1907.949951171875,432.6661682128906,572.271240234375,1,26.21235466003418,built_up
1185,501845.0,2598275.0,0.34038782119750977,0.17172789573669434,31.53847312927246,20.299076080322266,2152.246826171875,512.6401977539062,3395.378662109375,0,25.52884292602539,built_up
1186,502865.0,2599835.0,0.6119797825813293,0.08067193627357483,27.975563049316406,0.8497003316879272,1876.2535400390625,1261.784423828125,298.90673828125,0,11.698277473449707,cropland
1187,502895.0,2598725.0,0.4423552453517914,0.05037308484315872,30.49321937561035,12.9635009765625,1852.154296875,218.40328979492188,854.08349609375,0,26.992141723632812,built_up
1188,500015.0,2597525.0,-0.1737651377916336,-0.4324815571308136,26.31914710998535,0.5,1759.6632080078125,0.0,0.0,0,95.13935852050781,water
1189,501815.0,2598605.0,0.4988043010234833,0.18340250849723816,30.210783004760742,14.489194869995117,2243.970458984375,212.1320343017578,1203.8946533203125,0,38.14480972290039,built_up
1190,502895.0,2599085.0,0.5274063944816589,-0.016751645132899284,30.200965881347656,9.427862167358398,1831.1943359375,573.149169921875,557.6163330078125,0,26.894512176513672,built_up
1191,501575.0,2597885.0,0.49466192722320557,-0.027336839586496353,30.08599853515625,21.234176635742188,1911.069091796875,792.022705078125,386.57098388671875,0,4.312755107879639,cropland
1192,501455.0,2597885.0,0.5056508183479309,-0.05632975324988365,29.537458419799805,20.176006317138672,1899.854736328125,725.6032104492188,347.4437561035156,0,4.070492744445801,cropland
1193,502385.0,2598725.0,0.5078551769256592,0.20289844274520874,31.503896713256836,10.817291259765625,1987.879150390625,67.08203887939453,1007.48388671875,0,54.71815490722656,built_up
1194,500435.0,2599205.0,0.5812786817550659,-0.0570550262928009,28.924558639526367,14.452131271362305,1879.5357666015625,666.1080932617188,264.0923156738281,0,10.175568580627441,vegetation
1195,501245.0,2599655.0,0.5565291047096252,-0.10597611218690872,28.31414031982422,12.69323444366455,1939.831298828125,768.9603271484375,326.8037109375,0,26.52351951599121,cropland
1196,501965.0,2598725.0,0.4685755968093872,0.17609311640262604,30.784423828125,11.214473724365234,2183.173583984375,60.0,1534.5235595703125,0,74.42938995361328,built_up
1197,501545.0,2599895.0,0.5832329392433167,0.018815940245985985,29.02021026611328,12.993213653564453,1943.5721435546875,960.0,646.094482421875,0,75.18573760986328,cropland
1198,500645.0,2597975.0,0.6190692782402039,-0.06940994411706924,28.99070167541504,8.240457534790039,1953.7230224609375,390.0,232.96697998046875,0,26.91397476196289,vegetation
1199,500825.0,2598245.0,0.6040419936180115,-0.11608441174030304,28.324825286865234,11.294134140014648,2111.108642578125,123.69316864013672,360.48638916015625,1,67.16844177246094,vegetation
1200,502145.0,2599625.0,0.5488771796226501,-0.08125226944684982,29.196157455444336,8.075115203857422,1928.3687744140625,768.9603271484375,531.2937622070312,0,28.079683303833008,cropland
1201,501185.0,2599685.0,0.535209059715271,-0.08659196645021439,28.49167823791504,12.364745140075684,1909.74462890625,819.3900146484375,275.3167724609375,0,18.489458084106445,cropland
1202,500015.0,2598575.0,0.6589714288711548,-0.1636074334383011,27.333356857299805,12.489335060119629,2181.975830078125,30.0,126.55083465576172,1,93.41815185546875,vegetation
1203,500675.0,2597015.0,0.6706451177597046,-0.2319098263978958,26.455141067504883,1.659515142440796,1481.0308837890625,330.0,63.0156135559082,0,23.165512084960938,vegetation
1204,502055.0,2598755.0,-0.2342156171798706,-0.3970952332019806,27.694538116455078,9.736985206604004,2138.692138671875,0.0,0.0,1,93.86678314208984,water
1205,501965.0,2599445.0,0.5852158665657043,-0.06903834640979767,28.72503089904785,8.894392967224121,2003.47607421875,540.8327026367188,315.3305969238281,0,29.18536376953125,vegetation
1206,501515.0,2599955.0,0.5743494033813477,0.025143368169665337,29.13790512084961,13.062583923339844,1937.7764892578125,1020.0,609.1868896484375,0,69.38336181640625,cropland
1207,502805.0,2598425.0,-0.2079859972000122,-0.39346933364868164,26.59052848815918,13.248716354370117,1907.0826416015625,0.0,0.0,1,69.17278289794922,water
1208,501935.0,2597405.0,0.6144382953643799,0.015311348251998425,28.466785430908203,17.186172485351562,1643.7728271484375,1221.18798828125,714.8934936523438,0,9.609540939331055,cropland
1209,502835.0,2598365.0,0.479184091091156,0.24333040416240692,29.946502685546875,14.39313793182373,1911.1785888671875,60.0,3247.203125,1,39.33134841918945,built_up
1210,502265.0,2599115.0,0.48193326592445374,0.008888675831258297,30.569639205932617,8.03437328338623,1986.45068359375,349.85711669921875,1075.4769287109375,0,33.398277282714844,built_up
1211,501725.0,2598185.0,0.3626002371311188,0.12319356948137283,31.239032745361328,21.008312225341797,2127.489013671875,641.3267211914062,2408.417236328125,0,9.563749313354492,built_up
1212,502325.0,2599235.0,0.4610310196876526,0.011963186785578728,30.147926330566406,7.424661636352539,1947.67041015625,483.7354736328125,1053.0723876953125,1,36.04679870605469,cropland
1213,501875.0,2597765.0,0.4858504831790924,0.08103044331073761,29.844274520874023,21.188152313232422,1845.4219970703125,942.0191040039062,660.8760986328125,0,15.778514862060547,cropland
1214,501185.0,2597075.0,0.5177803635597229,-0.17182926833629608,25.470813751220703,11.765034675598145,1388.830078125,840.5355224609375,184.33375549316406,0,7.950686931610107,cropland
1215,501995.0,2599175.0,0.5748981237411499,0.02840469218790531,29.6501407623291,8.34482479095459,2075.821533203125,295.4657287597656,586.5919799804688,0,28.756685256958008,cropland
1216,501815.0,2599835.0,0.6821366548538208,0.013058890588581562,28.665077209472656,11.596701622009277,1939.7178955078125,900.4998779296875,1008.147705078125,0,58.26898193359375,cropland
1217,501905.0,2598125.0,0.3099272847175598,0.21563898026943207,31.707759857177734,21.73813819885254,2069.125244140625,630.7138671875,3017.291748046875,0,28.770092010498047,built_up
1218,501605.0,2598695.0,0.6404890418052673,-0.09445402026176453,28.243513107299805,12.991937637329102,2300.796142578125,161.55494689941406,656.7460327148438,0,23.2653751373291,cropland
1219,500015.0,2597465.0,-0.1775616705417633,-0.3858514726161957,26.332630157470703,0.5,1728.0372314453125,0.0,0.0,1,100.0,water
1220,500945.0,2597465.0,0.7055830359458923,-0.20584897696971893,26.21685028076172,10.36529541015625,1560.6611328125,655.2098999023438,137.2540283203125,0,8.054722785949707,vegetation
1221,502415.0,2598305.0,0.26956212520599365,0.23054319620132446,32.15287399291992,16.559078216552734,1993.484130859375,201.24612426757812,2701.649658203125,1,67.21153259277344,built_up
1222,500585.0,2599625.0,0.6220758557319641,-0.11337653547525406,27.59392738342285,8.52547550201416,1646.274169921875,1087.060302734375,312.0852966308594,0,0.0,vegetation
1223,501095.0,2599385.0,0.6399107575416565,-0.16922208666801453,27.374845504760742,13.799727439880371,1999.796875,591.6925048828125,411.915283203125,0,3.3729910850524902,vegetation
1224,500285.0,2598935.0,0.7258099913597107,-0.16006717085838318,27.941890716552734,16.91543960571289,2047.115966796875,361.2478332519531,184.95310974121094,0,24.663528442382812,vegetation
1225,502895.0,2598185.0,0.477557897567749,0.1426285356283188,29.95724105834961,15.885135650634766,1921.262451171875,240.0,1989.334228515625,0,12.208495140075684,built_up
1226,502055.0,2599715.0,0.6320131421089172,-0.08265616744756699,28.95467758178711,9.144412994384766,1927.659423828125,825.4089965820312,609.7686767578125,1,36.31596755981445,cropland
1227,500855.0,2597495.0,0.683702290058136,-0.20541860163211823,26.690410614013672,8.652375221252441,1593.614013671875,579.396240234375,136.28021240234375,0,9.155143737792969,vegetation
1228,500075.0,2599565.0,0.575732946395874,-0.10927856713533401,27.661575317382812,6.249823093414307,1574.0723876953125,900.4998779296875,144.33157348632812,0,0.0,cropland
1229,502385.0,2597465.0,0.6177698969841003,-0.10905322432518005,27.601076126098633,14.959006309509277,1759.21875,989.5453491210938,356.50567626953125,0,2.83307147026062,vegetation
1230,502685.0,2598455.0,-0.14850610494613647,-0.4127027094364166,27.25983428955078,12.9412260055542,1923.02734375,0.0,0.0,1,74.353271484375,water
1231,500765.0,2599235.0,0.5353764891624451,-0.0013818606967106462,28.555570602416992,14.79239273071289,1950.9005126953125,678.822509765625,625.2089233398438,0,3.8998701572418213,cropland
1232,501875.0,2599985.0,0.7378301620483398,-0.0010241182753816247,28.641071319580078,11.371230125427246,1924.0054931640625,1053.85009765625,1120.5390625,1,53.01242446899414,cropland
1233,502295.0,2597765.0,0.5074233412742615,0.017841216176748276,29.15484046936035,17.634849548339844,1869.19384765625,737.9024047851562,637.872314453125,0,15.46130084991455,vegetation
1234,501155.0,2598935.0,0.7094478011131287,-0.2464958280324936,26.321006774902344,14.021031379699707,2229.341796875,192.09373474121094,284.61248779296875,0,7.890895366668701,vegetation
1235,502475.0,2599055.0,0.5047541856765747,0.09280429035425186,30.895832061767578,8.696212768554688,1919.5391845703125,391.1521301269531,624.940673828125,0,22.441600799560547,built_up
1236,500495.0,2598905.0,0.6376017928123474,-0.14222508668899536,28.01340675354004,17.094083786010742,2078.578125,436.80657958984375,405.4927062988281,1,36.096702575683594,vegetation
1237,502595.0,2598485.0,-0.21155411005020142,-0.39471450448036194,27.698158264160156,12.707274436950684,1939.9571533203125,0.0,0.0,1,75.81077575683594,water
1238,502115.0,2599985.0,0.6873050928115845,0.07701855152845383,28.861177444458008,9.072879791259766,1901.473876953125,1100.63623046875,1072.961181640625,1,35.1781120300293,cropland
1239,502235.0,2599925.0,0.5664179921150208,0.032878175377845764,29.22281265258789,7.669422626495361,1894.3289794921875,1081.6654052734375,1364.3978271484375,0,31.697559356689453,cropland
1240,502955.0,2597465.0,0.530985951423645,-0.09283198416233063,29.639232635498047,16.092269897460938,1795.7752685546875,961.8731689453125,1093.470458984375,0,9.817625045776367,cropland
1241,502415.0,2598965.0,0.5470641255378723,0.16602447628974915,31.04477882385254,9.272331237792969,1949.35205078125,283.0194396972656,766.0850830078125,0,23.74881362915039,built_up
1242,502865.0,2598275.0,0.4837522804737091,0.20135144889354706,29.910945892333984,15.426664352416992,1917.7252197265625,150.0,2618.29541015625,0,21.488370895385742,cropland
1243,500465.0,2597945.0,0.6552172303199768,-0.08694007247686386,28.991039276123047,4.9383864402771,1956.5087890625,424.2640686035156,291.6563720703125,0,47.732521057128906,vegetation
1244,501365.0,2597105.0,0.6714664101600647,-0.15701833367347717,25.542600631713867,14.12178897857666,1400.267578125,1021.76318359375,140.26918029785156,0,8.630220413208008,vegetation
1245,500765.0,2599565.0,0.5513494610786438,-0.004617383237928152,28.03812599182129,10.649903297424316,1758.2525634765625,931.9334716796875,663.9387817382812,0,4.689956188201904,cropland
1246,502475.0,2599295.0,0.4592013359069824,0.053290966898202896,30.06749153137207,6.901273250579834,1902.39208984375,603.7383422851562,726.625244140625,1,27.408954620361328,cropland
1247,500045.0,2599835.0,0.631902813911438,-0.2774907648563385,26.31285285949707,2.6157684326171875,1441.1903076171875,1170.0,187.57102966308594,0,5.491086959838867,vegetation
1248,501875.0,2598485.0,0.44562578201293945,0.25552308559417725,30.86544418334961,16.847219467163086,2207.675048828125,308.868896484375,1622.0487060546875,1,32.5526008605957,built_up
1249,501035.0,2599445.0,0.6215459704399109,-0.11506294459104538,27.686670303344727,13.281949996948242,1945.3809814453125,674.1661376953125,536.0528564453125,0,5.271484851837158,vegetation
1250,501035.0,2599415.0,0.6277591586112976,-0.12417805939912796,27.63987922668457,13.522789001464844,1960.376708984375,648.9992065429688,527.1707153320312,0,2.41321063041687,vegetation
1251,501605.0,2599715.0,0.5781154036521912,-0.02125956118106842,28.48698616027832,12.479606628417969,1975.0594482421875,780.0,595.2710571289062,1,65.07085418701172,vegetation
1252,501365.0,2599865.0,0.5110251903533936,0.05336835980415344,29.291746139526367,12.816266059875488,1924.245361328125,942.0191040039062,473.1181640625,0,55.429725646972656,water
1253,501425.0,2599925.0,0.5382353663444519,0.043971240520477295,29.2904109954834,12.978900909423828,1929.2864990234375,994.08251953125,531.8289794921875,1,68.96844482421875,cropland
1254,500765.0,2597495.0,0.6547613739967346,-0.2117147445678711,27.142316818237305,6.491158485412598,1611.3223876953125,494.7726745605469,113.15757751464844,0,15.112191200256348,vegetation
1255,501065.0,2598545.0,-0.18376605212688446,-0.4013720750808716,22.309022903442383,11.296975135803223,2249.32763671875,0.0,0.0,1,96.91301727294922,water
1256,502865.0,2598785.0,0.4266597032546997,0.005395962856709957,30.783052444458008,12.4507474899292,1848.8487548828125,284.60498046875,759.9129028320312,1,30.76334571838379,built_up
1257,501695.0,2598695.0,0.5989835262298584,-0.015620577149093151,28.965110778808594,12.88949203491211,2282.376220703125,152.9705810546875,893.3789672851562,0,28.516855239868164,cropland
1258,502325.0,2599775.0,0.5160395503044128,-0.039205994457006454,29.446237564086914,6.512702465057373,1894.77978515625,979.4896850585938,827.9801635742188,1,28.420255661010742,cropland
1259,501395.0,2597315.0,0.737092137336731,-0.2001277059316635,26.10299301147461,15.684619903564453,1471.1754150390625,1080.4166259765625,174.08885192871094,0,8.413101196289062,vegetation
1260,500675.0,2597435.0,0.6404711604118347,-0.24044302105903625,27.360342025756836,3.697821855545044,1598.6290283203125,390.0,86.45036315917969,0,19.499372482299805,vegetation
1261,502535.0,2597675.0,0.4976288080215454,-0.0018756899517029524,28.990131378173828,15.337013244628906,1847.1949462890625,755.3806762695312,644.1458129882812,0,6.862931728363037,vegetation
1262,502985.0,2599295.0,0.4919550120830536,-0.00852169468998909,29.996910095214844,7.079809188842773,1833.367919921875,780.0,632.2498779296875,1,27.75480079650879,cropland
1263,501875.0,2598065.0,0.35529640316963196,0.22563426196575165,31.391937255859375,22.082868576049805,2040.01513671875,697.7822265625,2006.8447265625,0,20.9580135345459,built_up
1264,501845.0,2599085.0,0.6034196019172668,0.04587830603122711,29.03014373779297,8.940338134765625,2156.98974609375,161.55494689941406,599.8630981445312,0,34.734371185302734,cropland
1265,501695.0,2599745.0,0.6146989464759827,0.0022304034791886806,28.545888900756836,12.11108684539795,1964.7408447265625,810.0,711.5703735351562,1,65.88695526123047,vegetation
1266,501275.0,2598455.0,0.5959483981132507,-0.08223823457956314,26.81519317626953,13.870010375976562,2262.58203125,169.70562744140625,312.0999755859375,0,13.617658615112305,vegetation
1267,501095.0,2598875.0,0.7175658345222473,-0.24932217597961426,26.13662338256836,14.187360763549805,2232.14013671875,192.09373474121094,283.2471923828125,0,12.401178359985352,vegetation
1268,502385.0,2598785.0,0.5180655121803284,0.22097118198871613,31.44333839416504,10.558147430419922,1981.6044921875,123.69316864013672,872.2099609375,1,39.4022331237793,built_up
1269,500705.0,2597525.0,0.6361618041992188,-0.19440241158008575,27.557828903198242,5.249023914337158,1641.7431640625,445.9820556640625,106.48037719726562,0,14.935208320617676,vegetation
1270,502595.0,2598335.0,0.32771745324134827,0.18830081820487976,31.25882911682129,14.905548095703125,1951.3857421875,94.86833190917969,3036.7392578125,0,55.56782913208008,built_up
1271,501245.0,2597405.0,0.7416077256202698,-0.17212329804897308,25.849130630493164,14.84023380279541,1505.9197998046875,937.7099609375,136.714599609375,1,0.0,water
1272,500855.0,2597735.0,0.7688282132148743,-0.159455806016922,27.298397064208984,10.569119453430176,1758.8795166015625,632.8507080078125,138.66566467285156,0,3.4458158016204834,water
1273,502085.0,2599625.0,0.5862313508987427,-0.08159079402685165,29.027780532836914,8.58041763305664,1937.7342529296875,750.0,473.07196044921875,0,29.87220573425293,vegetation
1274,502085.0,2599295.0,0.5518811941146851,-0.03670139238238335,29.46080780029297,7.93867826461792,2011.7830810546875,442.9447021484375,572.366943359375,1,24.440858840942383,cropland
1275,502805.0,2598275.0,0.4586285650730133,0.21452076733112335,30.136301040649414,15.349117279052734,1923.5400390625,150.0,2331.30859375,0,28.79600715637207,built_up
1276,502055.0,2599385.0,0.5593007802963257,-0.050006937235593796,29.11396026611328,8.159299850463867,1997.2880859375,512.6401977539062,415.5232238769531,0,26.562685012817383,vegetation
1277,501335.0,2598155.0,0.5760318040847778,-0.05973971635103226,28.282093048095703,17.514572143554688,2107.593994140625,432.6661682128906,371.0894775390625,0,2.809250593185425,vegetation
1278,500075.0,2597705.0,0.5425268411636353,-0.16997334361076355,29.690773010253906,0.5,1860.0904541015625,67.08203887939453,243.10076904296875,1,72.47862243652344,cropland
1279,500945.0,2599895.0,0.43889421224594116,0.03228660300374031,28.9675350189209,9.761613845825195,1750.1746826171875,1113.6427001953125,130.20689392089844,0,30.13907814025879,cropland
1280,502715.0,2597705.0,0.5029637813568115,0.015008483082056046,29.800424575805664,15.03103256225586,1862.9044189453125,720.0,829.1531372070312,0,8.496068000793457,cropland
1281,501995.0,2599265.0,0.6022119522094727,-0.010686468333005905,29.195175170898438,8.351750373840332,2048.9384765625,379.47332763671875,437.3802490234375,0,26.396934509277344,cropland
1282,501455.0,2598335.0,0.5826685428619385,-0.005487692542374134,28.71502113342285,17.025789260864258,2225.021484375,381.8376770019531,501.0039978027344,0,0.0,cropland
1283,501995.0,2598365.0,0.35347914695739746,0.30048856139183044,31.702821731567383,18.77668571472168,2139.295166015625,375.89892578125,2992.851806640625,1,46.793861389160156,vegetation
1284,502115.0,2598995.0,0.48220643401145935,0.014976594597101212,30.85413360595703,8.56959342956543,2071.958740234375,182.48287963867188,1444.0213623046875,0,48.930320739746094,built_up
1285,500645.0,2599775.0,0.5671592950820923,-0.044843144714832306,27.683643341064453,7.495142459869385,1612.501220703125,1171.5374755859375,273.26922607421875,0,0.788040816783905,cropland
1286,501725.0,2599625.0,0.5872705578804016,-0.049570128321647644,28.243837356567383,11.474263191223145,1991.6611328125,690.0,493.2851867675781,0,49.40290069580078,vegetation
1287,500375.0,2597975.0,0.6403863430023193,-0.13757216930389404,29.001985549926758,4.1948113441467285,1986.4453125,417.8516540527344,273.578857421875,1,58.320335388183594,vegetation
1288,502085.0,2598935.0,0.464426189661026,0.0460730604827404,30.9823055267334,8.78396224975586,2097.614013671875,120.0,1566.8360595703125,0,70.19232177734375,built_up
1289,500615.0,2597585.0,0.6156951785087585,-0.14557865262031555,28.179513931274414,3.5199427604675293,1697.4931640625,390.0,119.40460968017578,0,22.405597686767578,vegetation
1290,501665.0,2597915.0,0.49012818932533264,0.048520155251026154,30.36562156677246,21.837305068969727,1941.495849609375,827.5868530273438,488.6839599609375,0,5.731631755828857,cropland
1291,501485.0,2597435.0,0.6495124101638794,-0.13386967778205872,27.668447494506836,17.452470779418945,1550.9591064453125,1127.297607421875,331.1451721191406,0,11.361082077026367,vegetation
1292,501005.0,2597735.0,0.8329795002937317,-0.17465852200984955,26.796367645263672,13.58176326751709,1746.9385986328125,664.0783081054688,146.74415588378906,0,7.231931209564209,built_up
1293,502595.0,2597525.0,0.5550602078437805,-0.007987306453287601,28.380027770996094,14.86430549621582,1802.421142578125,900.4998779296875,368.0926208496094,0,1.793005108833313,vegetation
1294,500555.0,2598515.0,0.6163307428359985,-0.22871066629886627,27.96719741821289,12.762578010559082,2172.497314453125,67.08203887939453,404.9522399902344,1,98.21038818359375,vegetation
1295,500915.0,2598275.0,0.6191496849060059,-0.08047498017549515,27.67115592956543,11.940460205078125,2133.924560546875,123.69316864013672,319.6112976074219,0,55.13212585449219,vegetation
1296,500615.0,2597375.0,0.6486184597015381,-0.242079958319664,27.363752365112305,1.7009581327438354,1584.2200927734375,313.2091979980469,85.6622085571289,1,26.06757354736328,vegetation
1297,501605.0,2597345.0,0.6391758322715759,-0.03224719688296318,27.91200828552246,17.21871566772461,1527.07373046875,1261.784423828125,353.07818603515625,0,10.54207992553711,cropland
1298,502235.0,2597375.0,0.6617516875267029,-0.07585898786783218,27.60601043701172,15.022987365722656,1702.4141845703125,1120.0892333984375,545.0818481445312,0,2.512235641479492,vegetation
1299,501935.0,2599865.0,0.7216578722000122,-0.022991681471467018,28.68764305114746,10.695661544799805,1923.90283203125,942.0191040039062,993.6483764648438,1,44.71747970581055,cropland
1300,500105.0,2598515.0,0.6516355872154236,-0.18797139823436737,27.494028091430664,11.828916549682617,2181.2236328125,30.0,136.39378356933594,1,99.36170959472656,vegetation
1301,502055.0,2598335.0,0.3109413981437683,0.32215431332588196,32.01302719116211,18.982431411743164,2111.49072265625,375.89892578125,3211.46484375,1,52.99519348144531,built_up
1302,502835.0,2598785.0,0.4105547368526459,0.010151522234082222,30.95995330810547,12.394006729125977,1853.03125,295.4657287597656,747.9307861328125,0,25.382970809936523,built_up
1303,501125.0,2599685.0,0.5289258360862732,-0.08008372783660889,28.462688446044922,12.05545425415039,1885.781494140625,845.3401489257812,258.8885803222656,0,23.258235931396484,cropland
1304,502745.0,2599355.0,0.5331305861473083,0.0832645446062088,29.866653442382812,6.011247634887695,1857.7413330078125,792.022705078125,593.1477661132812,0,29.895986557006836,cropland
1305,502775.0,2598305.0,0.44561994075775146,0.2225343883037567,30.236928939819336,15.066231727600098,1924.5145263671875,120.0,2525.304443359375,0,35.34083557128906,built_up
1306,502805.0,2598785.0,0.3972655236721039,0.013316157273948193,31.13539695739746,12.318961143493652,1857.7486572265625,300.0,733.6421508789062,0,32.898834228515625,built_up
1307,501395.0,2598035.0,0.5103190541267395,-0.024315785616636276,29.109514236450195,19.117258071899414,2020.6619873046875,566.0388793945312,423.0362243652344,0,5.483077049255371,cropland
1308,500555.0,2597705.0,0.6394236087799072,-0.09334614872932434,28.638708114624023,3.3490867614746094,1786.326171875,391.1521301269531,195.0750732421875,0,20.660491943359375,vegetation
1309,502595.0,2597375.0,0.6033134460449219,-0.062447816133499146,27.838069915771484,14.766146659851074,1758.8148193359375,1050.428466796875,261.3331298828125,0,1.1778619289398193,vegetation
1310,501245.0,2597195.0,0.6010613441467285,-0.19880551099777222,25.48011589050293,13.133404731750488,1412.9949951171875,912.4143676757812,132.91038513183594,0,7.8409318923950195,vegetation
1311,502355.0,2597585.0,0.59233158826828,-0.07093837112188339,27.937835693359375,15.83280086517334,1799.80615234375,882.3264770507812,389.4596862792969,0,2.5344088077545166,vegetation
1312,501035.0,2597735.0,0.8257358074188232,-0.17486704885959625,26.80758285522461,14.126985549926758,1745.80419921875,674.1661376953125,156.52838134765625,0,1.2046910524368286,vegetation
1313,501455.0,2599775.0,0.5547099709510803,-0.016770191490650177,28.832895278930664,12.928779602050781,1954.1375732421875,842.14013671875,558.1991577148438,0,64.27210235595703,cropland
1314,502655.0,2599535.0,0.48711496591567993,0.09791968762874603,29.6734619140625,4.419256210327148,1874.0316162109375,898.9994506835938,435.87841796875,1,21.94784164428711,cropland
1315,500675.0,2598125.0,0.579496443271637,-0.10911422222852707,29.11720848083496,9.844687461853027,2044.2294921875,240.0,279.7925109863281,1,54.14437484741211,vegetation
1316,502085.0,2598215.0,0.28236594796180725,0.26740896701812744,32.2271614074707,20.201274871826172,2068.433837890625,457.93011474609375,3316.123779296875,0,54.019412994384766,built_up
1317,501425.0,2599715.0,0.5646053552627563,-0.03860533982515335,28.55282211303711,12.891542434692383,1963.99365234375,785.1751098632812,525.0439453125,1,52.34445571899414,cropland
1318,501035.0,2598665.0,0.7049021124839783,-0.19247351586818695,25.672382354736328,12.828758239746094,2250.860595703125,84.85281372070312,229.43487548828125,1,52.6619758605957,vegetation
1319,500015.0,2599145.0,0.7853605151176453,-0.1134457141160965,27.91086196899414,14.135361671447754,1902.4066162109375,480.0,163.78651428222656,0,5.988074779510498,vegetation
1320,501185.0,2598725.0,0.6837678551673889,-0.2573228180408478,25.992835998535156,11.964439392089844,2281.470947265625,30.0,260.3522644042969,0,47.378047943115234,vegetation
1321,501695.0,2599115.0,0.6350597143173218,-0.05907207354903221,27.57288932800293,10.047480583190918,2187.324951171875,180.0,360.00286865234375,0,21.01803970336914,vegetation
1322,500405.0,2599085.0,0.6219692230224609,-0.09457902610301971,28.762706756591797,15.992623329162598,1960.55029296875,550.726806640625,284.5743713378906,0,15.906386375427246,vegetation
1323,500405.0,2599955.0,0.6235983371734619,-0.17829428613185883,26.683303833007812,4.407278537750244,1476.1680908203125,1339.2908935546875,260.2188720703125,0,2.203568935394287,vegetation
1324,502625.0,2598005.0,0.40995609760284424,0.14069940149784088,31.00312614440918,16.05265235900879,1931.9173583984375,420.0,1590.842529296875,0,25.13132667541504,built_up
1325,501515.0,2598395.0,0.6072900891304016,-0.021877707913517952,28.923816680908203,16.852705001831055,2251.595947265625,381.8376770019531,509.37890625,0,7.091886043548584,cropland
1326,501755.0,2599205.0,0.5887784957885742,-0.014643852598965168,27.939937591552734,9.820601463317871,2139.357421875,270.0,403.91070556640625,1,25.97576904296875,vegetation
1327,501665.0,2597705.0,0.5079810619354248,-0.001385559793561697,29.861852645874023,20.767908096313477,1776.0643310546875,990.4544677734375,399.5084228515625,0,10.175487518310547,built_up
1328,502175.0,2599835.0,0.5951065421104431,0.011970642022788525,29.17688751220703,8.256542205810547,1902.404052734375,977.1898193359375,986.7965087890625,0,31.049575805664062,cropland
1329,501605.0,2597855.0,0.5015166401863098,-0.027586767449975014,30.106952667236328,21.367944717407227,1889.0390625,834.0863037109375,367.6551513671875,0,6.694992542266846,cropland
1330,501305.0,2599205.0,0.6663495898246765,-0.13510280847549438,26.27721405029297,13.59762954711914,2150.74462890625,335.4101867675781,190.3215789794922,0,0.0,vegetation
1331,501395.0,2597945.0,0.5132583379745483,-0.038992613554000854,29.17471694946289,19.46377182006836,1945.639404296875,642.0280151367188,352.454833984375,0,0.0,cropland
1332,501725.0,2597465.0,0.5463964343070984,0.056176695972681046,29.00530242919922,18.489744186401367,1621.894287109375,1224.13232421875,511.1528015136719,0,7.7370710372924805,cropland
1333,501395.0,2598515.0,0.6368994116783142,-0.1311841458082199,27.40647315979004,14.357075691223145,2290.70703125,212.1320343017578,262.0032958984375,1,6.349126815795898,vegetation
1334,500825.0,2598095.0,0.6173861026763916,-0.10933730751276016,28.538862228393555,11.434256553649902,2024.011474609375,271.66156005859375,260.7355041503906,0,24.618276596069336,vegetation
1335,500435.0,2598155.0,0.5946857333183289,-0.1271897554397583,29.005586624145508,7.90565299987793,2075.173095703125,228.4731903076172,205.94862365722656,1,90.5176773071289,vegetation
1336,500495.0,2597465.0,0.5890579223632812,-0.18419724702835083,28.272314071655273,0.5,1655.9515380859375,228.4731903076172,119.2583999633789,0,47.060855865478516,vegetation
1337,500375.0,2599415.0,0.6037392020225525,-0.10851877927780151,28.191307067871094,10.513345718383789,1712.2928466796875,819.3900146484375,157.15187072753906,0,3.5253467559814453,vegetation
1338,501125.0,2598515.0,0.6326107382774353,-0.09880047291517258,25.981517791748047,11.789097785949707,2255.343994140625,30.0,288.7704772949219,1,65.83441925048828,vegetation
1339,501425.0,2598065.0,0.4994608759880066,-0.010190422646701336,29.312122344970703,19.29726791381836,2046.9437255859375,558.0322875976562,506.7587890625,0,6.172566890716553,cropland
1340,501605.0,2598875.0,-0.20357853174209595,-0.4288494288921356,24.109922409057617,9.800992965698242,2278.96484375,0.0,0.0,1,79.92172241210938,water
1341,500195.0,2598935.0,0.7567831873893738,-0.1764160543680191,27.736684799194336,16.671499252319336,2045.6905517578125,308.868896484375,147.8556365966797,0,26.8299617767334,vegetation
1342,500225.0,2599655.0,0.654794454574585,-0.1412469893693924,27.02733612060547,5.539429664611816,1529.4512939453125,1006.2305908203125,92.70225524902344,0,0.0,vegetation
1343,501155.0,2598365.0,0.5793488621711731,-0.01206210907548666,26.672168731689453,13.525938987731934,2210.352294921875,161.55494689941406,365.49932861328125,0,17.404338836669922,vegetation
1344,501245.0,2598185.0,0.6184225678443909,-0.07775406539440155,27.527809143066406,16.15107536315918,2119.5283203125,361.2478332519531,289.5284423828125,0,3.9440383911132812,vegetation
1345,500675.0,2598095.0,0.583635151386261,-0.09702970087528229,29.11423110961914,9.65442180633545,2026.8128662109375,270.0,258.0970764160156,0,46.652957916259766,vegetation
1346,502895.0,2598005.0,0.3691977560520172,0.09202037006616592,30.458192825317383,15.733139991760254,1917.355224609375,420.0,927.6246337890625,1,13.921140670776367,built_up
1347,501515.0,2597975.0,0.47733524441719055,0.00032415453460998833,29.958681106567383,20.67737579345703,1980.751708984375,684.105224609375,498.6106262207031,0,0.33416199684143066,cropland
1348,501275.0,2598215.0,0.6151211261749268,-0.06644339859485626,27.600120544433594,16.240232467651367,2142.8876953125,349.85711669921875,317.327880859375,0,1.4343719482421875,vegetation
1349,500615.0,2599355.0,0.5550349354743958,-0.04726435989141464,28.60853385925293,12.737180709838867,1819.9608154296875,870.0,457.488037109375,0,3.556110382080078,vegetation
1350,500945.0,2597225.0,0.6311296224594116,-0.17979177832603455,25.68700408935547,8.350854873657227,1450.343994140625,626.4183959960938,100.74970245361328,0,2.0425150394439697,vegetation
1351,501875.0,2597105.0,0.6172771453857422,-0.022458013147115707,28.022966384887695,15.50076675415039,1533.466796875,1516.1134033203125,1021.4478759765625,0,7.946987628936768,cropland
1352,501095.0,2597345.0,0.6614577770233154,-0.19290533661842346,25.6090030670166,12.078652381896973,1477.4649658203125,782.3042602539062,95.58943939208984,0,5.589112758636475,vegetation
1353,502175.0,2599715.0,0.5489549040794373,-0.07310198992490768,29.29627799987793,8.017404556274414,1912.7940673828125,863.7708129882812,688.4892578125,0,31.312458038330078,cropland
1354,502235.0,2597645.0,0.5626944899559021,-0.02478734403848648,28.309070587158203,17.252452850341797,1812.2481689453125,872.0665283203125,390.54852294921875,0,14.60565185546875,cropland
1355,501275.0,2598035.0,0.5793892741203308,-0.08810500055551529,28.174461364746094,17.599687576293945,2009.6849365234375,499.29949951171875,292.4490051269531,0,0.0,vegetation
1356,500795.0,2598905.0,0.5379993319511414,-0.12651365995407104,27.456438064575195,16.28789710998535,2136.974609375,424.2640686035156,448.2609558105469,0,21.10795783996582,vegetation
1357,500075.0,2597165.0,-0.19095483422279358,-0.43016231060028076,26.311004638671875,0.5,1611.643310546875,0.0,0.0,1,96.62451934814453,water
1358,502835.0,2598155.0,0.4398406147956848,0.16130897402763367,30.250856399536133,15.846513748168945,1926.41064453125,270.0,1568.07763671875,0,16.877899169921875,built_up
1359,501005.0,2599655.0,0.5164619088172913,-0.029104258865118027,28.288583755493164,11.483139991760254,1840.5740966796875,872.0665283203125,358.5651550292969,0,15.193758964538574,cropland
1360,500165.0,2599955.0,0.6756662726402283,-0.30874398350715637,25.95417594909668,2.6463708877563477,1424.435791015625,1295.5693359375,219.46278381347656,0,0.0,vegetation
1361,501785.0,2597645.0,0.47967758774757385,0.020162584260106087,29.702430725097656,20.300016403198242,1751.06982421875,1092.0164794921875,569.2559814453125,1,16.31281089782715,cropland
1362,501605.0,2598545.0,0.6134235262870789,-0.07381128519773483,28.928926467895508,15.346029281616211,2288.015869140625,305.941162109375,551.6630249023438,0,12.936667442321777,cropland
1363,500255.0,2599955.0,0.6996815800666809,-0.2588881254196167,26.021533966064453,3.229224443435669,1437.476318359375,1306.981201171875,204.0253448486328,0,4.030101776123047,vegetation
1364,502445.0,2598485.0,0.4083629846572876,0.1737145483493805,31.61908721923828,13.37005615234375,1983.8135986328125,30.0,4134.54296875,1,77.31317901611328,built_up
1365,501365.0,2599025.0,0.6611562967300415,-0.1307758390903473,26.46281623840332,12.559197425842285,2238.036865234375,150.0,223.58460998535156,0,7.616910457611084,vegetation
1366,501125.0,2597915.0,0.7688417434692383,-0.12091724574565887,27.2994384765625,15.919736862182617,1897.310791015625,536.6563110351562,233.65093994140625,0,0.0,vegetation
1367,501335.0,2598275.0,0.6008909344673157,-0.047985997051000595,27.853031158447266,16.359718322753906,2185.912841796875,339.4112548828125,379.971923828125,0,1.099236011505127,vegetation
1368,502295.0,2599505.0,0.48559892177581787,-0.024141520261764526,29.411529541015625,6.823204517364502,1920.376708984375,721.2489013671875,812.9638061523438,0,25.81243896484375,cropland
1369,501875.0,2597945.0,0.45312967896461487,0.22983379662036896,30.67556381225586,22.167123794555664,1965.85302734375,798.8116455078125,1004.1641235351562,1,11.885722160339355,built_up
1370,500585.0,2599445.0,0.5913833379745483,-0.08136360347270966,28.23566246032715,11.15920352935791,1750.3504638671875,948.6832885742188,380.0581970214844,0,5.514126777648926,vegetation
1371,500345.0,2599985.0,0.6642046570777893,-0.20183752477169037,26.346107482910156,3.8714370727539062,1456.6513671875,1353.6617431640625,235.9403839111328,0,4.410001754760742,vegetation
1372,502055.0,2597915.0,0.4370203912258148,0.22928667068481445,30.52144432067871,21.039030075073242,1941.39013671875,715.6116333007812,1024.7666015625,0,29.183311462402344,built_up
1373,501605.0,2599985.0,0.6015302538871765,0.0386834554374218,29.00720977783203,12.928439140319824,1940.3099365234375,1050.0,739.5263671875,1,75.26243591308594,cropland
1374,500765.0,2597105.0,0.6945050954818726,-0.2161591500043869,26.067089080810547,3.88114333152771,1464.6895751953125,424.2640686035156,88.34998321533203,0,5.7967400550842285,vegetation
1375,502865.0,2598455.0,-0.21333721280097961,-0.4142455756664276,26.3533935546875,13.207557678222656,1895.4205322265625,0.0,0.0,1,68.96463775634766,water
1376,501215.0,2599865.0,0.4601496756076813,0.0871603861451149,29.41678237915039,12.081647872924805,1880.9857177734375,977.1898193359375,279.6005554199219,1,46.91489791870117,cropland
1377,500285.0,2598905.0,0.7327179312705994,-0.1657373011112213,27.8070011138916,16.980466842651367,2063.91259765625,335.4101867675781,181.55740356445312,0,31.863750457763672,vegetation
1378,501995.0,2599355.0,0.5894191861152649,-0.050542157143354416,28.94529914855957,8.467048645019531,2022.0928955078125,465.7252502441406,359.45587158203125,0,20.852598190307617,vegetation
1379,502805.0,2597375.0,0.5381476879119873,-0.03051465004682541,28.80880355834961,15.773253440856934,1773.16650390625,1050.0,524.3992309570312,0,9.575078964233398,vegetation
1380,501335.0,2598065.0,0.5471471548080444,-0.056628137826919556,28.56094741821289,18.199228286743164,2039.4837646484375,510.0,352.60205078125,0,6.812250137329102,cropland
1381,500165.0,2598575.0,-0.2548767924308777,-0.3736138343811035,23.82760238647461,12.444273948669434,2174.80029296875,0.0,0.0,1,96.00096130371094,water
1382,500765.0,2598095.0,0.5873875617980957,-0.10243266820907593,28.864601135253906,10.719009399414062,2024.118408203125,270.0,258.3132019042969,1,29.3856143951416,vegetation
1383,501575.0,2597465.0,0.57774817943573,-0.055737730115652084,28.560285568237305,18.215930938720703,1587.4124755859375,1142.365966796875,416.57965087890625,1,10.895415306091309,cropland
1384,500435.0,2599685.0,0.6815117597579956,-0.1976533979177475,27.027692794799805,6.584958076477051,1561.62548828125,1092.0164794921875,151.5671844482422,0,3.6097676753997803,vegetation
1385,502685.0,2598125.0,0.40342387557029724,0.18796703219413757,30.87562370300293,15.97795295715332,1938.9259033203125,300.0,1279.4691162109375,0,26.311269760131836,built_up
1386,500855.0,2599865.0,0.45576536655426025,0.03413565456867218,28.59752655029297,8.986090660095215,1704.2098388671875,1127.69677734375,166.94813537597656,0,17.610553741455078,cropland
1387,502145.0,2598005.0,0.390744149684906,0.18026062846183777,31.26611328125,20.446365356445312,1977.517333984375,591.6925048828125,1521.2003173828125,0,42.57114028930664,built_up
1388,501065.0,2597405.0,0.7019229531288147,-0.1977052539587021,25.755544662475586,12.116080284118652,1511.396240234375,759.539306640625,110.314697265625,0,12.058186531066895,vegetation
1389,502655.0,2597615.0,0.522026777267456,0.018107404932379723,29.134973526000977,14.961902618408203,1834.32421875,810.0,595.5452880859375,0,6.547399044036865,built_up
1390,501635.0,2599505.0,0.5591554045677185,-0.059266719967126846,27.61277961730957,11.670486450195312,2038.72314453125,570.0,438.15960693359375,1,39.21043014526367,vegetation
1391,502085.0,2599565.0,0.5689941644668579,-0.06205394119024277,29.023481369018555,8.391823768615723,1948.9241943359375,692.603759765625,422.5773010253906,1,32.34905242919922,built_up
1392,502385.0,2597945.0,0.4446720778942108,0.054085344076156616,30.786415100097656,17.70151710510254,1934.0478515625,536.6563110351562,1880.1524658203125,0,30.687580108642578,built_up
1393,500615.0,2599265.0,0.5332621335983276,-0.01775588095188141,28.844860076904297,14.083846092224121,1880.661376953125,806.1017456054688,497.7552185058594,1,1.1691253185272217,cropland
1394,501605.0,2599775.0,0.5914847254753113,-0.002778607653453946,28.675533294677734,12.633380889892578,1962.1024169921875,840.0,668.3548583984375,1,72.91993713378906,cropland
1395,500765.0,2598035.0,0.6049549579620361,-0.08251223713159561,28.795166015625,10.492629051208496,1985.26025390625,330.0,216.61422729492188,0,18.752267837524414,vegetation
1396,500735.0,2598395.0,-0.1587236374616623,-0.4078802466392517,24.50160026550293,10.512918472290039,2163.538330078125,0.0,0.0,1,95.82820129394531,water
1397,500435.0,2597975.0,0.6477810144424438,-0.10588809847831726,29.005273818969727,4.991865634918213,1978.6461181640625,400.2499084472656,282.0044250488281,0,51.28412628173828,vegetation
1398,500645.0,2597525.0,0.6140660643577576,-0.18394339084625244,27.872861862182617,3.714454412460327,1654.935302734375,390.0,99.24454498291016,0,20.962839126586914,vegetation
1399,502985.0,2597015.0,0.7332853078842163,-0.20844542980194092,27.174592971801758,17.626497268676758,1723.4493408203125,1412.869384765625,372.68792724609375,0,4.303745746612549,vegetation
1400,502475.0,2597705.0,0.4964364767074585,-0.007170392666012049,28.994518280029297,15.76617431640625,1854.22314453125,735.4590454101562,706.5807495117188,0,13.715697288513184,cropland
1401,500285.0,2599475.0,0.6191672086715698,-0.13428917527198792,27.861066818237305,8.920125007629395,1653.176513671875,844.8076782226562,131.15927124023438,0,3.3473639488220215,vegetation
1402,500015.0,2599955.0,0.6019952297210693,-0.3119686543941498,26.089954376220703,1.9247633218765259,1419.5260009765625,1290.0,269.86407470703125,0,0.8989676833152771,vegetation
1403,501755.0,2599385.0,0.5516631007194519,-0.0592477023601532,27.864093780517578,10.32470989227295,2069.12744140625,450.0,412.20867919921875,0,33.16645050048828,vegetation
1404,500195.0,2597375.0,-0.17484968900680542,-0.41791483759880066,25.685636520385742,0.5,1668.2119140625,0.0,0.0,1,100.0,cropland
1405,500765.0,2599295.0,0.5437682271003723,-0.01595127582550049,28.528051376342773,14.105079650878906,1913.723876953125,721.2489013671875,677.2218017578125,0,0.0,cropland
1406,500915.0,2599925.0,0.4370027184486389,0.03733479231595993,28.928192138671875,9.400836944580078,1730.4144287109375,1154.123046875,120.7272720336914,0,30.137664794921875,cropland
1407,502775.0,2599385.0,0.5309645533561707,0.0784301683306694,29.815773010253906,5.639631748199463,1856.095703125,833.546630859375,622.430908203125,0,25.450265884399414,cropland
1408,502745.0,2599295.0,0.548822283744812,0.0808316096663475,29.924753189086914,6.697413921356201,1855.17529296875,740.9453125,562.025634765625,0,22.33529281616211,cropland
1409,501515.0,2599655.0,0.5686907172203064,-0.04044889658689499,28.203676223754883,12.678086280822754,1989.3653564453125,720.0,521.8028564453125,0,53.39315414428711,vegetation
1410,501875.0,2598635.0,0.4871157705783844,0.21555908024311066,30.44957733154297,13.777803421020508,2223.41748046875,174.92855834960938,1363.07421875,0,48.32199478149414,built_up
1411,501845.0,2599505.0,0.5909745097160339,-0.08455780893564224,28.295982360839844,10.04053783416748,2010.6781005859375,573.149169921875,355.03704833984375,0,39.23919677734375,vegetation
1412,500405.0,2597705.0,0.64728844165802,-0.09255173802375793,28.9216251373291,0.5,1814.6204833984375,276.5863342285156,201.80380249023438,0,36.0110969543457,vegetation
1413,500015.0,2597915.0,0.5854289531707764,-0.1711653769016266,29.2858943939209,0.5,1989.3155517578125,270.0,329.61578369140625,1,86.5508041381836,vegetation
1414,500285.0,2599805.0,0.7089999318122864,-0.23594067990779877,26.34905242919922,4.217166900634766,1473.8408203125,1164.9892578125,128.76922607421875,0,0.0,vegetation
1415,500705.0,2598875.0,0.547001302242279,-0.12037991732358932,27.623149871826172,16.60439109802246,2127.325927734375,445.9820556640625,524.845703125,0,32.59999084472656,vegetation
1416,502745.0,2599175.0,0.5399459004402161,0.06077943369746208,30.20874786376953,8.05389404296875,1851.9364013671875,642.0280151367188,469.72662353515625,0,29.909866333007812,built_up
1417,501965.0,2598965.0,0.5195263028144836,0.04642382264137268,30.415477752685547,8.604535102844238,2144.927001953125,94.86833190917969,1226.5604248046875,1,65.46652221679688,built_up
1418,502025.0,2597285.0,0.6074604392051697,-0.010156325064599514,28.281917572021484,15.607666969299316,1621.721923828125,1288.254638671875,932.4263916015625,1,5.024425029754639,cropland
1419,500855.0,2599025.0,0.5812371373176575,-0.11609166860580444,27.627901077270508,16.055740356445312,2100.49267578125,466.69049072265625,378.8756103515625,0,3.805722951889038,vegetation
1420,500345.0,2597375.0,0.5799685120582581,-0.24683652818202972,28.484664916992188,0.5,1644.133544921875,60.0,215.7926025390625,1,77.1661148071289,vegetation
1421,500105.0,2599265.0,0.7224535942077637,-0.09948708117008209,28.063209533691406,12.322831153869629,1804.128662109375,602.9925537109375,214.015869140625,0,0.0,vegetation
1422,501335.0,2599505.0,0.5851292014122009,-0.17012262344360352,27.350988388061523,13.095357894897461,2018.9765625,597.7457885742188,360.6777038574219,0,14.982681274414062,vegetation
1423,500585.0,2598575.0,0.622174084186554,-0.23969586193561554,27.722057342529297,14.023797988891602,2175.336669921875,134.16407775878906,451.4985046386719,1,92.10395812988281,vegetation
1424,500945.0,2597975.0,0.769330620765686,-0.0975865051150322,27.562618255615234,13.092999458312988,1939.7950439453125,417.8516540527344,204.1630859375,0,6.192275524139404,vegetation
1425,500405.0,2597885.0,0.6498140096664429,-0.09253233671188354,29.011348724365234,2.980959892272949,1928.087890625,403.6087341308594,276.94647216796875,1,45.52422332763672,vegetation
1426,502985.0,2598455.0,-0.1321476846933365,-0.3853021562099457,25.929447174072266,13.555428504943848,1885.366943359375,0.0,0.0,0,63.05820846557617,water
1427,502325.0,2599985.0,0.5149828195571899,-0.027880271896719933,29.329246520996094,6.55647087097168,1889.3450927734375,1170.0,1676.40380859375,0,28.447952270507812,cropland
1428,501275.0,2597555.0,0.6973636150360107,-0.13724994659423828,27.00731086730957,16.578638076782227,1607.0792236328125,926.1209716796875,231.1187744140625,0,3.304316759109497,vegetation
1429,502415.0,2599295.0,0.46230393648147583,0.03825955465435982,29.989412307739258,6.9970197677612305,1916.43017578125,577.0615234375,908.0073852539062,0,31.642677307128906,cropland
1430,502235.0,2598755.0,0.4160872995853424,0.15894562005996704,31.529104232788086,9.959403991699219,2051.89892578125,30.0,1359.5194091796875,1,81.83049011230469,built_up
1431,500345.0,2598275.0,0.6025683879852295,-0.1408066749572754,28.57078742980957,9.017125129699707,2129.80419921875,123.69316864013672,134.322265625,1,95.5735092163086,vegetation
1432,502865.0,2598125.0,0.43392059206962585,0.1395057886838913,30.225940704345703,15.88702392578125,1924.436279296875,300.0,1495.7388916015625,0,13.17263126373291,built_up
1433,502235.0,2597405.0,0.6570377945899963,-0.06936059147119522,27.60420036315918,15.240043640136719,1712.74853515625,1092.0164794921875,539.1090698242188,0,7.508246421813965,vegetation
1434,502715.0,2599595.0,0.524918794631958,0.07671700417995453,29.368480682373047,3.546471357345581,1871.9034423828125,979.4896850585938,384.254150390625,1,15.642396926879883,cropland
1435,500855.0,2598755.0,0.5903013944625854,-0.16741150617599487,26.664939880371094,15.173458099365234,2197.52880859375,276.5863342285156,315.7776184082031,0,38.54412078857422,vegetation
1436,502595.0,2599325.0,0.46530070900917053,0.07667270302772522,30.08544158935547,6.490222454071045,1878.0572509765625,684.7627563476562,525.2693481445312,0,30.990144729614258,cropland
1437,501245.0,2599955.0,0.46171459555625916,0.12559975683689117,29.607784271240234,12.200583457946777,1883.41162109375,1055.13037109375,330.8175048828125,1,57.708335876464844,cropland
1438,501875.0,2598035.0,0.37947386503219604,0.23385870456695557,31.229969024658203,22.167200088500977,2022.211181640625,724.9827880859375,1656.4921875,0,19.2705020904541,built_up
1439,501275.0,2598875.0,0.6715205311775208,-0.21658462285995483,26.47301483154297,12.507487297058105,2273.1884765625,84.85281372070312,326.4082336425781,0,26.50537872314453,vegetation
1440,501605.0,2598605.0,0.6223578453063965,-0.08378124237060547,28.64641761779785,14.416406631469727,2296.723876953125,247.38633728027344,570.7291259765625,0,20.064992904663086,cropland
1441,500195.0,2597855.0,0.5607213973999023,-0.13290071487426758,29.38944435119629,0.5,1938.6771240234375,256.3200988769531,229.28089904785156,1,65.11201477050781,vegetation
1442,501275.0,2597405.0,0.7473652958869934,-0.16823461651802063,25.94246482849121,15.212716102600098,1507.254150390625,967.470947265625,149.54306030273438,0,5.071145057678223,vegetation
1443,500495.0,2597615.0,0.6152591705322266,-0.1228611022233963,28.65316390991211,0.8885161876678467,1741.254150390625,295.4657287597656,148.97840881347656,0,34.04539489746094,vegetation
1444,501065.0,2599625.0,0.5433387756347656,-0.07982257008552551,28.18766212463379,12.055538177490234,1879.92138671875,818.8406372070312,336.1924133300781,0,12.742324829101562,cropland
1445,501185.0,2598875.0,0.6963052153587341,-0.25296226143836975,26.26011848449707,13.322827339172363,2254.867919921875,127.27922058105469,300.8582458496094,0,13.507896423339844,vegetation
1446,500165.0,2598245.0,0.7090790271759033,-0.17755824327468872,28.058012008666992,8.045246124267578,2133.40673828125,216.3330841064453,136.97483825683594,1,91.78073120117188,vegetation
1447,502595.0,2597765.0,0.4763353168964386,0.03342203050851822,29.76280975341797,15.405351638793945,1877.6431884765625,660.6814575195312,1075.7784423828125,0,6.014060974121094,cropland
1448,502745.0,2598455.0,-0.17202959954738617,-0.38187074661254883,26.938159942626953,12.990645408630371,1912.060791015625,0.0,0.0,1,70.08848571777344,water
1449,500435.0,2599715.0,0.6806854605674744,-0.20779110491275787,26.9525089263916,6.236340045928955,1548.1331787109375,1120.0892333984375,153.8373565673828,0,1.1859700679779053,vegetation
1450,500795.0,2598515.0,0.6791547536849976,-0.15179339051246643,27.096084594726562,12.574899673461914,2195.15966796875,84.85281372070312,311.0746154785156,1,84.67142486572266,vegetation
1451,501065.0,2597015.0,0.52470862865448,-0.16842004656791687,25.4385929107666,9.760254859924316,1394.88427734375,720.0,155.3495635986328,0,5.625802993774414,cropland
1452,502475.0,2598665.0,0.5088227391242981,0.17531919479370117,31.52520751953125,11.646825790405273,1958.8509521484375,67.08203887939453,1266.1572265625,0,48.20814895629883,built_up
1453,502685.0,2598875.0,0.4203798472881317,0.014707614667713642,31.555667877197266,11.074950218200684,1873.710693359375,361.2478332519531,505.777587890625,0,22.245075225830078,built_up
1454,501755.0,2598485.0,0.48737815022468567,0.12360411137342453,30.337814331054688,16.771053314208984,2244.51904296875,342.0526123046875,1177.8927001953125,0,14.433426856994629,built_up
1455,500675.0,2598005.0,0.604382336139679,-0.07257945090532303,29.010873794555664,8.981279373168945,1970.698974609375,360.0,222.65869140625,0,26.910390853881836,vegetation
1456,500975.0,2597885.0,0.8272746205329895,-0.10384225845336914,27.207185745239258,13.516958236694336,1868.872802734375,512.6401977539062,169.14405822753906,0,5.876596450805664,vegetation
1457,502175.0,2597045.0,0.6923264861106873,-0.19861745834350586,27.970748901367188,13.81769847869873,1621.185302734375,1451.5164794921875,326.5517578125,0,0.09145445376634598,vegetation
1458,500315.0,2599565.0,0.6496885418891907,-0.13454598188400269,27.421030044555664,7.487741470336914,1597.488525390625,939.6275634765625,112.68416595458984,0,0.0,vegetation
1459,501605.0,2599895.0,0.6036584973335266,0.030598120763897896,28.927194595336914,12.858949661254883,1944.9949951171875,960.0,737.4937133789062,0,76.89073181152344,cropland
1460,501425.0,2597225.0,0.729243814945221,-0.18651124835014343,25.929676055908203,15.28330135345459,1439.0419921875,1094.897216796875,153.20082092285156,0,6.510009765625,vegetation
1461,502715.0,2597495.0,0.5549903512001038,0.023646369576454163,28.856449127197266,15.091154098510742,1801.400390625,930.0,476.48016357421875,0,4.042706489562988,vegetation
1462,501455.0,2597975.0,0.4900655746459961,-0.014516170136630535,29.589693069458008,20.060258865356445,1976.2410888671875,648.9992065429688,436.8871154785156,0,7.293603897094727,water
1463,501125.0,2598005.0,0.7222606539726257,-0.13456448912620544,27.365264892578125,15.704890251159668,1971.80615234375,456.9463806152344,252.6919708251953,0,7.070592403411865,vegetation
1464,500375.0,2599985.0,0.6426582336425781,-0.18732909858226776,26.50978660583496,4.1166839599609375,1465.278564453125,1360.6248779296875,251.7656707763672,0,0.8452104926109314,vegetation
1465,502985.0,2599805.0,0.6314682960510254,0.07467833161354065,27.842267990112305,0.9972578883171082,1870.0416259765625,1290.0,307.9532165527344,0,6.237869739532471,cropland
1466,501845.0,2599445.0,0.5812512636184692,-0.07730626314878464,28.269027709960938,9.803064346313477,2030.116943359375,513.5172729492188,345.3418273925781,0,34.833961486816406,vegetation
1467,501905.0,2599685.0,0.6442312598228455,-0.06353917717933655,28.641807556152344,10.335627555847168,1953.9140625,759.539306640625,571.167236328125,0,44.60186004638672,vegetation
1468,502565.0,2599475.0,0.4357263147830963,0.12119230628013611,29.890947341918945,5.371268272399902,1882.203369140625,804.9844970703125,515.5155639648438,1,27.467388153076172,cropland
1469,500915.0,2598005.0,0.7310146689414978,-0.09854581207036972,27.80539321899414,12.632922172546387,1962.1368408203125,379.47332763671875,213.33493041992188,0,5.787527561187744,water
1470,500285.0,2598185.0,0.6439502835273743,-0.15830768644809723,28.568620681762695,7.381167411804199,2101.57763671875,228.4731903076172,154.60775756835938,1,89.22454071044922,vegetation
1471,501935.0,2597345.0,0.6202616691589355,0.010313930921256542,28.36958122253418,16.632902145385742,1617.9976806640625,1274.5587158203125,783.2844848632812,0,9.282586097717285,cropland
1472,501035.0,2598485.0,-0.18927453458309174,-0.4140632748603821,22.55132484436035,11.175484657287598,2231.285400390625,0.0,0.0,0,95.88702392578125,water
1473,500195.0,2599175.0,0.7295482158660889,-0.05865821614861488,28.24464988708496,14.233718872070312,1877.71337890625,531.6013793945312,149.58389282226562,0,9.051556587219238,vegetation
1474,501755.0,2597225.0,0.6878533363342285,0.03500078245997429,27.79054832458496,16.431087493896484,1521.3477783203125,1421.44287109375,613.1431884765625,0,13.182998657226562,cropland
1475,501515.0,2599865.0,0.5710123181343079,0.009978367015719414,29.0202693939209,12.996574401855469,1945.108154296875,930.0,612.0175170898438,0,66.7549819946289,cropland
1476,502715.0,2599925.0,0.5160387754440308,0.08261921256780624,28.56749153137207,1.5425158739089966,1882.1180419921875,1274.5587158203125,291.2355041503906,0,7.23126220703125,cropland
1477,501185.0,2599145.0,0.6858434081077576,-0.1913917064666748,26.553436279296875,14.38786506652832,2150.154052734375,342.0526123046875,220.7472381591797,0,2.3559141159057617,vegetation
1478,500135.0,2599535.0,0.581551730632782,-0.11200137436389923,27.750503540039062,7.055296897888184,1596.0294189453125,874.6427612304688,143.54698181152344,0,2.1424355506896973,water
1479,501305.0,2597285.0,0.7027612924575806,-0.20676392316818237,25.620027542114258,14.514278411865234,1448.2955322265625,989.5453491210938,132.5758514404297,0,6.130496501922607,vegetation
1480,501095.0,2597915.0,0.7971778512001038,-0.12066139280796051,27.193042755126953,15.466011047363281,1895.7940673828125,523.927490234375,224.90933227539062,0,0.0,vegetation
1481,502775.0,2599745.0,0.5924506187438965,0.11499511450529099,28.554262161254883,1.9022763967514038,1875.8502197265625,1140.3946533203125,281.433837890625,0,9.478543281555176,cropland
1482,502175.0,2598845.0,0.429682195186615,0.12095986306667328,31.322507858276367,9.217034339904785,2069.7529296875,67.08203887939453,1552.853515625,0,70.31209564208984,built_up
1483,502385.0,2598875.0,0.5442194938659668,0.21634675562381744,31.239398956298828,9.87485408782959,1971.4400634765625,192.09373474121094,845.7440185546875,0,33.06285858154297,built_up
1484,500555.0,2599625.0,0.6354225873947144,-0.13176365196704865,27.516822814941406,8.288463592529297,1634.0950927734375,1087.060302734375,272.0257263183594,0,0.0,vegetation
1485,501305.0,2598605.0,0.6349130272865295,-0.1611160784959793,26.615116119384766,12.637138366699219,2299.29052734375,84.85281372070312,256.591064453125,0,32.68690490722656,vegetation
1486,501725.0,2598635.0,0.5532882809638977,0.05711463466286659,29.493135452270508,14.00833511352539,2273.5556640625,210.0,945.734130859375,0,28.250865936279297,built_up
1487,502205.0,2597975.0,0.4166721701622009,0.12331655621528625,31.024503707885742,19.759305953979492,1958.84912109375,590.9314575195312,1357.9527587890625,1,38.716732025146484,built_up
1488,500795.0,2597645.0,0.7119664549827576,-0.17178253829479218,27.366548538208008,8.534700393676758,1702.0592041015625,577.0615234375,149.46310424804688,0,5.95617151260376,vegetation
1489,501005.0,2598905.0,0.6879647970199585,-0.2203158140182495,26.404632568359375,15.061284065246582,2197.18505859375,276.5863342285156,282.3734436035156,0,8.428311347961426,vegetation
1490,500615.0,2597705.0,0.6427893042564392,-0.10506503283977509,28.448976516723633,4.763692855834961,1774.981201171875,442.9447021484375,192.0043182373047,0,9.302111625671387,vegetation
1491,500645.0,2598605.0,0.6204276084899902,-0.20080320537090302,27.52318572998047,14.483202934265137,2179.67578125,180.0,459.5360412597656,1,87.50879669189453,vegetation
1492,502385.0,2599985.0,0.5142676830291748,-0.04697055369615555,29.296770095825195,5.7556681632995605,1887.464111328125,1194.3616943359375,1519.9881591796875,1,16.87108612060547,cropland
1493,502055.0,2598395.0,0.32936757802963257,0.3388643264770508,31.859302520751953,18.041406631469727,2124.4375,323.1098937988281,2775.973876953125,1,56.1126594543457,built_up
1494,500105.0,2599235.0,0.7420293688774109,-0.09249339252710342,28.047494888305664,12.892121315002441,1828.3958740234375,573.149169921875,195.40234375,0,6.027395248413086,vegetation
1495,502925.0,2597795.0,0.42718422412872314,-0.0659431591629982,30.35795021057129,15.335077285766602,1883.3243408203125,630.7138671875,579.841064453125,0,7.005429744720459,cropland
1496,502115.0,2599175.0,0.5101286172866821,-0.0258858073502779,30.136329650878906,7.990983963012695,2031.322509765625,349.85711669921875,860.1182861328125,0,31.11793327331543,water
1497,501485.0,2598065.0,0.4741569459438324,0.01318640448153019,29.788837432861328,19.976200103759766,2050.7470703125,595.4829711914062,647.2442626953125,0,6.558603763580322,cropland
1498,500585.0,2598725.0,0.6296527981758118,-0.20740917325019836,27.454273223876953,16.06417465209961,2155.7138671875,276.5863342285156,463.3241271972656,0,68.88375091552734,vegetation
1499,500375.0,2598035.0,0.6360927820205688,-0.1485908478498459,28.96398162841797,5.324252605438232,2020.25537109375,360.0,250.70481872558594,1,64.10824584960938,vegetation
1500,500255.0,2599805.0,0.7061617970466614,-0.238200843334198,26.31747055053711,4.0093674659729,1468.107666015625,1159.1807861328125,126.51185607910156,0,2.9726133346557617,vegetation
1501,500315.0,2599475.0,0.6223177909851074,-0.13116738200187683,27.86107635498047,9.079976081848145,1657.97900390625,853.81494140625,132.76934814453125,0,5.250399112701416,vegetation
1502,500045.0,2599205.0,0.770435631275177,-0.10326595604419708,27.9525146484375,13.23662281036377,1853.580810546875,540.0,196.90811157226562,0,5.896493911743164,vegetation
1503,500165.0,2598095.0,0.7134791612625122,-0.2067568153142929,28.4377498626709,4.805270671844482,2072.717529296875,351.1409912109375,235.68124389648438,1,84.03791809082031,vegetation
1504,500555.0,2597825.0,0.6548145413398743,-0.07101400941610336,28.827301025390625,4.839385509490967,1865.843505859375,466.69049072265625,274.4085388183594,0,22.172876358032227,vegetation
1505,500915.0,2597885.0,0.7860126495361328,-0.09457345306873322,27.49248504638672,12.461779594421387,1870.1790771484375,494.7726745605469,155.06883239746094,0,5.702707767486572,vegetation
1506,501845.0,2597675.0,0.47923341393470764,0.016971204429864883,29.650230407714844,20.46190071105957,1781.000732421875,1032.279052734375,618.808837890625,0,17.62668800354004,cropland
1507,500285.0,2598695.0,0.7308833599090576,-0.21778303384780884,27.25263214111328,15.70193099975586,2149.4716796875,161.55494689941406,165.88865661621094,0,78.2093734741211,cropland
1508,502415.0,2597075.0,0.699022650718689,-0.26923757791519165,27.76818084716797,13.75395679473877,1679.26513671875,1366.2357177734375,254.9258575439453,0,0.5935959815979004,vegetation
1509,500975.0,2598485.0,-0.206724613904953,-0.4156241714954376,22.68596839904785,11.130578994750977,2220.063720703125,0.0,0.0,1,98.35935974121094,water
1510,501275.0,2598125.0,0.5973175764083862,-0.08702931553125381,27.918825149536133,17.010400772094727,2079.90283203125,426.380126953125,298.2074279785156,0,2.080828905105591,vegetation
1511,501575.0,2597015.0,0.7024948000907898,0.013722251169383526,26.575904846191406,15.517973899841309,1432.618408203125,1230.0,283.0398864746094,0,9.631712913513184,vegetation
1512,501545.0,2597555.0,0.5532032251358032,-0.061525676399469376,28.946121215820312,18.943225860595703,1642.409912109375,1049.5712890625,441.6253662109375,0,5.847887992858887,vegetation
1513,501215.0,2597135.0,0.551591694355011,-0.18407632410526276,25.470273971557617,12.40655517578125,1397.782958984375,874.6427612304688,156.06968688964844,0,9.022320747375488,vegetation
1514,500495.0,2599715.0,0.6540595889091492,-0.18187835812568665,27.15923500061035,6.725552082061768,1569.061279296875,1142.365966796875,193.8311309814453,0,3.667717218399048,vegetation
1515,502295.0,2597075.0,0.7523705959320068,-0.25554341077804565,27.649871826171875,13.586869239807129,1653.5712890625,1389.7481689453125,251.41554260253906,0,0.3822246193885803,vegetation
1516,502985.0,2599835.0,0.6437011957168579,0.06604580581188202,27.712909698486328,0.7984517812728882,1871.259521484375,1320.0,314.0460205078125,0,9.325263023376465,cropland
1517,502805.0,2597495.0,0.5369184017181396,-0.0020911740139126778,29.34258460998535,15.399598121643066,1804.716552734375,930.0,694.5965576171875,0,8.508231163024902,cropland
1518,501545.0,2597465.0,0.5933461785316467,-0.08310455828905106,28.36835479736328,18.081172943115234,1581.227294921875,1127.69677734375,399.9503173828125,0,7.629944324493408,vegetation
1519,500195.0,2599445.0,0.6082221865653992,-0.13709838688373566,27.988101959228516,9.059406280517578,1664.9759521484375,794.2921142578125,163.45513916015625,0,5.404148101806641,vegetation
1520,502355.0,2597465.0,0.6271705627441406,-0.10348690301179886,27.575464248657227,15.070086479187012,1754.8232421875,997.2462158203125,381.06500244140625,0,4.287707805633545,vegetation
1521,500015.0,2598005.0,0.6540177464485168,-0.20051012933254242,28.83455467224121,1.8946608304977417,2038.8193359375,360.0,364.77398681640625,1,82.71844482421875,vegetation
1522,501395.0,2598875.0,-0.23756316304206848,-0.4071789085865021,23.293554306030273,10.81081771850586,2287.814453125,0.0,0.0,1,81.66635131835938,water
1523,500885.0,2598215.0,0.6123454570770264,-0.11403604596853256,28.064342498779297,11.972330093383789,2099.421142578125,174.92855834960938,324.839111328125,0,37.3293342590332,vegetation
1524,502235.0,2599175.0,0.4713591933250427,-0.01629793830215931,30.3362979888916,7.77198600769043,1987.104736328125,390.0,1059.161865234375,1,33.858821868896484,cropland
1525,502505.0,2598155.0,0.33343306183815,0.16272154450416565,31.743295669555664,16.802175521850586,1963.364990234375,295.4657287597656,1560.352783203125,1,45.54763412475586,built_up
1526,500045.0,2598905.0,0.7782764434814453,-0.1882258504629135,27.40886878967285,16.215789794921875,2066.382568359375,240.0,117.72935485839844,0,35.752044677734375,vegetation
1527,502835.0,2597105.0,0.6530004739761353,-0.1455410271883011,27.55356788635254,16.690717697143555,1728.7738037109375,1320.0,243.00653076171875,0,3.856078863143921,vegetation
1528,501815.0,2599985.0,0.7042285203933716,0.01759001798927784,28.710054397583008,11.835077285766602,1929.59033203125,1050.428466796875,1116.0140380859375,1,62.378353118896484,cropland
1529,502655.0,2597645.0,0.5119828581809998,0.017733117565512657,29.295000076293945,14.992812156677246,1843.5211181640625,780.0,666.6062622070312,0,7.39271354675293,cropland
1530,501035.0,2599775.0,0.47996658086776733,-0.0032658036798238754,28.768857955932617,11.00605583190918,1819.3211669921875,966.0745239257812,202.3959503173828,0,21.519371032714844,cropland
1531,501185.0,2598335.0,0.5868576765060425,-0.015229799784719944,26.836009979248047,14.102309226989746,2200.69091796875,201.24612426757812,357.86468505859375,0,16.047191619873047,vegetation
1532,501935.0,2598425.0,0.4053264856338501,0.2834581434726715,31.283288955688477,17.896560668945312,2174.36083984375,342.0526123046875,2247.156005859375,0,36.0865478515625,built_up
1533,501815.0,2599715.0,0.6367527842521667,-0.022108277305960655,28.557472229003906,11.18130111694336,1959.559326171875,780.5767211914062,685.1343383789062,0,61.06563949584961,vegetation
1534,500735.0,2599985.0,0.45957499742507935,0.04837798699736595,28.338106155395508,7.51635217666626,1625.3604736328125,1291.3946533203125,164.58062744140625,0,14.895238876342773,cropland
1535,501635.0,2597555.0,0.5215209126472473,0.0091952970251441,29.32379913330078,19.301671981811523,1659.7725830078125,1098.5899658203125,476.3222961425781,0,8.397920608520508,cropland
1536,501185.0,2599415.0,0.6295269727706909,-0.21232512593269348,27.1705379486084,13.601262092590332,2017.63720703125,577.0615234375,330.8543395996094,0,6.131169319152832,cropland
1537,501155.0,2597225.0,0.5814109444618225,-0.1942865550518036,25.467613220214844,12.056600570678711,1423.920654296875,829.7589721679688,106.73094940185547,0,6.319703102111816,vegetation
1538,500885.0,2599805.0,0.4644961357116699,0.023185046389698982,28.537813186645508,9.546274185180664,1732.852783203125,1060.66015625,220.58642578125,0,19.116348266601562,cropland
1539,500045.0,2599295.0,0.7098503708839417,-0.1113729178905487,28.018901824951172,11.520790100097656,1780.4447021484375,630.0,273.9405822753906,0,6.39268684387207,vegetation
1540,500315.0,2599265.0,0.6300544142723083,-0.067594513297081,28.562604904174805,13.061454772949219,1816.5093994140625,657.9513549804688,158.32620239257812,0,4.761260986328125,vegetation
1541,500285.0,2597255.0,-0.18800561130046844,-0.3802243769168854,25.080419540405273,0.5,1609.499755859375,0.0,0.0,1,92.98096466064453,cropland
1542,500015.0,2599595.0,0.5819085836410522,-0.11741176247596741,27.526824951171875,5.4938178062438965,1555.5489501953125,930.0,135.84910583496094,0,2.7162275314331055,vegetation
1543,501125.0,2599715.0,0.5167761445045471,-0.05793121084570885,28.60823631286621,11.91897964477539,1876.8284912109375,872.0665283203125,241.08053588867188,0,23.26785659790039,cropland
1544,500405.0,2598935.0,0.6686922311782837,-0.14051716029644012,28.146114349365234,17.06285285949707,2053.875,426.380126953125,287.1874084472656,0,28.761600494384766,vegetation
1545,501215.0,2599745.0,0.5111028552055359,-0.02547690086066723,28.835906982421875,12.320467948913574,1904.0748291015625,863.7708129882812,281.7355041503906,0,38.577510833740234,cropland
1546,500735.0,2598305.0,0.6174509525299072,-0.1243434026837349,28.480783462524414,10.596283912658691,2132.845947265625,60.0,421.2405700683594,1,91.41304779052734,vegetation
1547,502475.0,2597225.0,0.6234753131866455,-0.1933077722787857,27.7316837310791,14.166139602661133,1708.926025390625,1209.338623046875,275.1235046386719,0,0.9080882668495178,vegetation
1548,502205.0,2599445.0,0.5197583436965942,-0.03979218006134033,29.28127670288086,7.377002239227295,1946.878173828125,630.7138671875,739.7616577148438,0,21.5423526763916,cropland
1549,500705.0,2599175.0,0.5254838466644287,0.010612867772579193,28.669841766357422,15.357783317565918,1967.7027587890625,678.822509765625,605.213623046875,0,6.28501558303833,cropland
1550,501515.0,2599175.0,0.6703231334686279,-0.11894859373569489,26.33034896850586,11.770413398742676,2183.50634765625,240.0,177.17770385742188,0,4.440903663635254,vegetation
1551,502925.0,2597945.0,0.35500824451446533,0.03957435116171837,30.48514175415039,15.632607460021973,1909.540771484375,480.93658447265625,690.7850341796875,0,12.900908470153809,built_up
1552,502925.0,2598665.0,0.47033441066741943,0.10930723696947098,30.148483276367188,13.32589054107666,1857.0955810546875,152.9705810546875,980.62646484375,1,32.911720275878906,built_up
1553,500435.0,2599145.0,0.5952028632164001,-0.07144500315189362,28.90493392944336,15.314081192016602,1922.8521728515625,617.73779296875,299.6226501464844,0,11.612894058227539,vegetation
1554,500195.0,2598635.0,0.7137165665626526,-0.20247100293636322,27.212749481201172,14.191346168518066,2164.987060546875,67.08203887939453,135.78564453125,1,88.36077880859375,vegetation
1555,501695.0,2598485.0,0.527122437953949,0.04703138768672943,29.956863403320312,16.63435935974121,2258.8408203125,361.2478332519531,939.9973754882812,0,9.508878707885742,water
1556,502835.0,2597045.0,0.6833341121673584,-0.15895158052444458,27.39293098449707,16.7547664642334,1725.394287109375,1380.0,215.05068969726562,0,6.213048934936523,vegetation
1557,500735.0,2598425.0,-0.20496444404125214,-0.39745935797691345,24.3485050201416,10.772997856140137,2171.372314453125,0.0,0.0,1,100.0,water
1558,501875.0,2599595.0,0.6176818609237671,-0.07500866055488586,28.469472885131836,10.188944816589355,1979.5111083984375,666.1080932617188,413.43511962890625,1,46.95471954345703,vegetation
1559,500915.0,2599685.0,0.489321231842041,0.017546631395816803,28.30778694152832,10.596303939819336,1784.06396484375,941.541259765625,411.251953125,0,10.72950267791748,vegetation
1560,502385.0,2599955.0,0.5168868899345398,-0.04470811039209366,29.298078536987305,5.756868839263916,1887.5968017578125,1167.3045654296875,1462.94287109375,0,17.942989349365234,cropland
1561,501575.0,2598035.0,0.4567990303039551,0.0434022955596447,30.337482452392578,21.02229118347168,2031.3282470703125,678.822509765625,756.8858032226562,0,4.659605979919434,cropland
1562,500105.0,2599655.0,0.6177032589912415,-0.13986797630786896,27.14967918395996,4.907850742340088,1519.3876953125,991.8165283203125,106.76416778564453,0,3.7793173789978027,vegetation
1563,502865.0,2597705.0,0.5194311738014221,-0.05651749297976494,30.0596923828125,15.18066120147705,1863.256591796875,720.0,766.2988891601562,0,6.800992965698242,cropland
1564,502925.0,2598785.0,0.4592372179031372,-0.008878353983163834,30.467191696166992,12.597567558288574,1842.1419677734375,271.66156005859375,770.7144775390625,0,26.48019027709961,built_up
1565,500195.0,2599655.0,0.6432609558105469,-0.13761600852012634,27.06222915649414,5.367420673370361,1525.8338623046875,1001.2991333007812,94.16337585449219,0,3.7221617698669434,vegetation
1566,501815.0,2598125.0,0.3419482111930847,0.18009233474731445,31.467008590698242,21.778003692626953,2081.94384765625,664.0783081054688,2473.65234375,0,15.641274452209473,built_up
1567,500135.0,2598845.0,0.7795301675796509,-0.18532662093639374,27.2808780670166,16.378833770751953,2095.228515625,201.24612426757812,119.07424926757812,0,45.44454574584961,vegetation
1568,501815.0,2597765.0,0.4845125079154968,0.06243819743394852,29.966638565063477,21.35076904296875,1839.7584228515625,979.4896850585938,577.5567016601562,0,20.712203979492188,cropland
1569,501935.0,2599355.0,0.6032730937004089,-0.049754150211811066,28.682191848754883,8.85134506225586,2038.5350341796875,445.9820556640625,330.8846130371094,1,21.981870651245117,vegetation
1570,502205.0,2599325.0,0.5103848576545715,-0.029851365834474564,29.58654022216797,7.449930667877197,1968.7379150390625,523.927490234375,924.7359008789062,0,30.829206466674805,cropland
1571,502235.0,2597855.0,0.48331260681152344,0.07502662390470505,29.9111385345459,18.884002685546875,1906.9886474609375,684.7627563476562,843.1289672851562,0,27.00038719177246,built_up
1572,501995.0,2599925.0,0.7417010068893433,0.000202045266632922,28.682456970214844,10.252790451049805,1913.7330322265625,1012.0276489257812,1009.68310546875,0,45.76289367675781,cropland
1573,501485.0,2598485.0,0.6456990838050842,-0.10732442885637283,28.207571029663086,15.445426940917969,2283.799560546875,296.98486328125,329.1290588378906,0,10.45566177368164,cropland
1574,500135.0,2597195.0,-0.23228192329406738,-0.4223902225494385,26.09880828857422,0.5,1612.9364013671875,0.0,0.0,1,97.95783233642578,built_up
1575,501815.0,2598335.0,0.3822140097618103,0.16263756155967712,31.24661636352539,19.41423988342285,2183.398681640625,469.57427978515625,2587.14453125,0,22.821102142333984,built_up
1576,501845.0,2597945.0,0.46006566286087036,0.21339820325374603,30.65564727783203,22.225337982177734,1966.5379638671875,816.0882568359375,922.430419921875,0,16.600709915161133,built_up
1577,500225.0,2599895.0,0.7014262676239014,-0.2729685306549072,26.05095863342285,3.2209584712982178,1440.0367431640625,1243.1009521484375,177.60562133789062,0,1.5544180870056152,vegetation
1578,502415.0,2599475.0,0.4438767433166504,0.0701763853430748,29.68026351928711,6.166561603546143,1903.08984375,737.9024047851562,786.6578369140625,0,29.96714973449707,cropland
1579,500285.0,2599235.0,0.6551030874252319,-0.05818174034357071,28.51728630065918,13.495441436767578,1836.6097412109375,618.4658203125,154.7586212158203,0,0.3388630747795105,vegetation
1580,502925.0,2599775.0,0.6141180396080017,0.07777425646781921,28.04898452758789,1.1503896713256836,1871.3975830078125,1240.2015380859375,302.62066650390625,0,4.0269904136657715,cropland
1581,502775.0,2598395.0,0.45010772347450256,0.22271233797073364,30.217130661010742,13.808577537536621,1915.0791015625,30.0,3438.161376953125,1,53.91411209106445,built_up
1582,501065.0,2598845.0,0.7179388999938965,-0.2439914047718048,26.041784286499023,14.237078666687012,2232.17822265625,192.09373474121094,279.61187744140625,0,14.620226860046387,vegetation
1583,500525.0,2597975.0,0.648804247379303,-0.07196622341871262,29.011510848999023,6.319295883178711,1967.13037109375,390.0,277.138916015625,1,36.39632797241211,vegetation
1584,501995.0,2597825.0,0.48050761222839355,0.16744643449783325,29.900815963745117,20.994937896728516,1890.76123046875,823.7717895507812,753.044189453125,0,20.6141357421875,water
1585,501755.0,2599805.0,0.6540284752845764,0.023209476843476295,28.640485763549805,11.928614616394043,1949.400390625,870.0,908.2325439453125,1,71.41288757324219,cropland
1586,502535.0,2598515.0,-0.19783808290958405,-0.38486379384994507,27.887821197509766,12.462915420532227,1953.5252685546875,0.0,0.0,0,77.13090515136719,water
1587,502535.0,2597285.0,0.6150831580162048,-0.13665257394313812,27.683629989624023,14.476792335510254,1729.9412841796875,1143.547119140625,255.50616455078125,0,1.1952317953109741,vegetation
1588,501575.0,2599865.0,0.5926140546798706,0.0174524188041687,28.921188354492188,12.899837493896484,1947.811767578125,930.0,684.128662109375,1,71.2279052734375,cropland
1589,501605.0,2597375.0,0.619083046913147,-0.03321247547864914,28.116546630859375,17.480039596557617,1542.2357177734375,1235.4755859375,369.6002502441406,0,2.549445152282715,cropland
1590,502265.0,2599625.0,0.4904450476169586,-0.06277268379926682,29.44807243347168,7.048692226409912,1911.6083984375,818.8406372070312,639.2645874023438,0,36.31813049316406,cropland
1591,501815.0,2599685.0,0.6265804171562195,-0.034333065152168274,28.5100154876709,11.058396339416504,1966.0386962890625,750.5997314453125,604.4845581054688,1,62.5202522277832,vegetation
1592,500915.0,2597225.0,0.6449161171913147,-0.1847146898508072,25.7575740814209,7.738333225250244,1456.2357177734375,597.7457885742188,103.43461608886719,0,0.7399229407310486,vegetation
1593,501635.0,2599055.0,0.6587367653846741,-0.10466736555099487,27.245967864990234,10.257719993591309,2220.687255859375,120.0,310.42669677734375,1,23.317659378051758,vegetation
1594,501905.0,2599265.0,0.6179491877555847,0.005179191939532757,28.731992721557617,8.867019653320312,2076.857421875,351.1409912109375,381.83734130859375,0,19.027250289916992,water
1595,502535.0,2599895.0,0.5548667311668396,0.033729057759046555,29.02646255493164,3.7621660232543945,1884.7039794921875,1170.0,531.188720703125,1,12.522323608398438,cropland
1596,500105.0,2599895.0,0.6467723846435547,-0.3047235310077667,26.098554611206055,2.522261619567871,1427.92529296875,1231.4625244140625,213.126953125,0,0.0,vegetation
1597,501215.0,2598095.0,0.6226822137832642,-0.11169766634702682,27.65252685546875,16.448917388916016,2051.01611328125,416.7733154296875,265.3569030761719,0,1.4139950275421143,vegetation
1598,500885.0,2597345.0,0.6633775234222412,-0.18984143435955048,26.12672996520996,8.010499954223633,1508.1636962890625,573.149169921875,107.80946350097656,0,9.890329360961914,vegetation
1599,500705.0,2597495.0,0.6357073783874512,-0.21166947484016418,27.45655059814453,4.98060941696167,1624.276611328125,436.80657958984375,99.16387176513672,0,16.06427001953125,cropland
1600,501215.0,2598965.0,0.6978704333305359,-0.22313043475151062,26.394392013549805,13.727831840515137,2233.6220703125,189.73666381835938,283.018798828125,0,13.997540473937988,vegetation
1601,501635.0,2598095.0,0.42525649070739746,0.08614268898963928,30.722646713256836,21.183040618896484,2075.669189453125,678.822509765625,1237.085693359375,0,6.4627604484558105,built_up
1602,501665.0,2597675.0,0.5060504078865051,0.006181586068123579,29.790483474731445,20.514034271240234,1753.0816650390625,1015.1354370117188,421.5150146484375,0,12.598481178283691,cropland
1603,501725.0,2597795.0,0.4974730908870697,0.033963628113269806,30.110681533813477,21.56427001953125,1852.920654296875,956.713134765625,435.76397705078125,0,0.7898643016815186,water
1604,502325.0,2597375.0,0.6325260400772095,-0.11777091771364212,27.570453643798828,14.652990341186523,1719.868408203125,1092.0164794921875,409.7491149902344,0,6.347682476043701,vegetation
1605,501965.0,2598275.0,0.31804579496383667,0.2430865317583084,31.86479377746582,20.163837432861328,2121.568115234375,469.57427978515625,3878.59228515625,1,41.90556335449219,built_up
1606,502385.0,2599445.0,0.4582821726799011,0.04116347059607506,29.620481491088867,6.429807186126709,1910.2984619140625,697.7822265625,915.1624755859375,1,34.07929992675781,cropland
1607,501995.0,2597675.0,0.4941149055957794,0.013932320289313793,29.166385650634766,19.658098220825195,1801.0902099609375,952.9428100585938,560.07177734375,0,17.375425338745117,cropland
1608,500405.0,2599595.0,0.6708996295928955,-0.15739315748214722,27.30571746826172,7.596425533294678,1600.1885986328125,997.2462158203125,141.26466369628906,0,1.1659247875213623,vegetation
1609,500885.0,2598245.0,0.6134344339370728,-0.10245437920093536,27.96929359436035,11.885957717895508,2115.663330078125,150.0,331.0684509277344,0,52.5569953918457,cropland
1610,501305.0,2597225.0,0.6639129519462585,-0.2048121690750122,25.54432487487793,14.07143783569336,1425.1925048828125,976.729248046875,133.177490234375,0,11.948854446411133,vegetation
1611,502595.0,2598185.0,0.35743606090545654,0.18693959712982178,31.310035705566406,16.15232276916504,1952.1070556640625,241.86773681640625,1493.8521728515625,0,40.12784194946289,built_up
1612,501875.0,2598095.0,0.33468174934387207,0.21516399085521698,31.528461456298828,21.95549201965332,2057.19873046875,670.8203735351562,2418.15673828125,0,23.773347854614258,built_up
1613,501725.0,2599955.0,0.6488866806030273,0.04248636215925217,28.835281372070312,12.402193069458008,1937.2435302734375,1020.0,994.089111328125,1,68.3568115234375,cropland
1614,501785.0,2599355.0,0.5601246356964111,-0.04662323370575905,28.00934600830078,9.979899406433105,2074.71435546875,420.0,396.7971496582031,1,25.909605026245117,built_up
1615,502985.0,2598935.0,0.5257765054702759,-0.05786881968379021,30.239635467529297,11.378751754760742,1826.16943359375,420.0,657.3905029296875,1,21.211862564086914,built_up
1616,501545.0,2597645.0,0.5293973684310913,-0.06151212379336357,29.38496971130371,19.74786376953125,1710.34716796875,973.4988403320312,403.6787109375,0,8.025301933288574,cropland
1617,501185.0,2598695.0,-0.1370054930448532,-0.38952332735061646,22.463882446289062,11.457391738891602,2283.219482421875,0.0,0.0,1,85.53668975830078,water
1618,501515.0,2599565.0,0.5678567290306091,-0.04617243632674217,27.687362670898438,12.521854400634766,2018.633056640625,630.0,457.90606689453125,1,34.149471282958984,vegetation
1619,502235.0,2598665.0,-0.1769590973854065,-0.3621371388435364,28.077713012695312,10.856289863586426,2059.38037109375,0.0,0.0,1,91.39441680908203,water
1620,501965.0,2598665.0,0.4558369815349579,0.22482436895370483,30.853708267211914,12.668814659118652,2185.89013671875,108.16654205322266,1523.3250732421875,0,66.31927490234375,built_up
1621,500825.0,2599415.0,0.5717949271202087,-0.03841949626803398,28.212299346923828,12.846542358398438,1867.007080078125,774.2092895507812,781.3563842773438,0,4.332029342651367,vegetation
1622,502625.0,2597795.0,0.46675607562065125,0.04575492814183235,30.028244018554688,15.390960693359375,1886.4957275390625,630.0,1181.3074951171875,0,8.609817504882812,vegetation
1623,501815.0,2598305.0,0.36348944902420044,0.158079132437706,31.35799217224121,19.852569580078125,2171.6162109375,496.5883483886719,2902.374267578125,0,20.459596633911133,built_up
1624,501425.0,2598005.0,0.49700018763542175,-0.015549094416201115,29.371583938598633,19.615840911865234,1998.6639404296875,607.4536743164062,437.7800598144531,0,8.696483612060547,cropland
1625,501395.0,2598155.0,0.538673996925354,-0.027661070227622986,28.837182998657227,18.249343872070312,2112.422607421875,468.614990234375,493.7572937011719,0,0.0,cropland
1626,502685.0,2598335.0,0.38706815242767334,0.2030763179063797,30.709131240844727,14.72597885131836,1934.890869140625,90.0,2810.101806640625,1,50.34408950805664,built_up
1627,500045.0,2598335.0,0.7120217084884644,-0.18711219727993011,27.72319793701172,9.538538932800293,2165.83056640625,192.09373474121094,138.98057556152344,1,95.74397277832031,vegetation
1628,502205.0,2599895.0,0.58788001537323,0.04087470471858978,29.176359176635742,7.998827934265137,1897.1512451171875,1043.5516357421875,1202.6614990234375,0,32.83636474609375,cropland
1629,501095.0,2598665.0,0.6971684694290161,-0.20656605064868927,25.678613662719727,12.190971374511719,2264.662841796875,42.42640686035156,233.68446350097656,1,51.73390579223633,vegetation
1630,502955.0,2598425.0,0.5256136059761047,0.2785608172416687,29.511844635009766,14.072142601013184,1891.93798828125,30.0,2899.4384765625,0,40.31346893310547,built_up
1631,501935.0,2597435.0,0.6065300703048706,0.013569571077823639,28.53188133239746,17.483970642089844,1657.8822021484375,1194.3616943359375,685.2473754882812,0,5.200960636138916,built_up
1632,501815.0,2597345.0,0.6347642540931702,0.04659304767847061,28.36122703552246,17.177515029907227,1584.1005859375,1328.8341064453125,581.64599609375,0,11.546366691589355,cropland
1633,501215.0,2597825.0,0.6700701713562012,-0.11305218189954758,27.79996681213379,17.229103088378906,1825.4700927734375,657.9513549804688,241.8343963623047,0,0.0,vegetation
1634,501305.0,2597435.0,0.7464731931686401,-0.15336579084396362,26.257402420043945,15.842145919799805,1527.217529296875,1001.2991333007812,180.6977996826172,0,4.6478800773620605,vegetation
1635,500945.0,2597165.0,0.6290282011032104,-0.18701064586639404,25.58322525024414,7.992445945739746,1434.06640625,611.88232421875,107.60357666015625,0,9.258065223693848,vegetation
1636,500765.0,2597585.0,0.67545086145401,-0.17773640155792236,27.389894485473633,7.293083190917969,1666.92626953125,523.927490234375,136.12118530273438,0,4.008570194244385,vegetation
1637,500135.0,2599445.0,0.5999481081962585,-0.12676095962524414,28.004716873168945,8.796765327453613,1661.46728515625,785.1751098632812,203.89784240722656,0,0.0,vegetation
1638,502295.0,2597615.0,0.5823874473571777,-0.04626831039786339,28.082212448120117,16.487476348876953,1805.4329833984375,874.6427612304688,394.9644470214844,0,6.518852233886719,vegetation
1639,500075.0,2597525.0,-0.15036648511886597,-0.3909017741680145,26.220426559448242,0.5,1755.4346923828125,0.0,0.0,1,94.45934295654297,water
1640,502115.0,2597045.0,0.6294119358062744,-0.1518460214138031,28.22804832458496,14.079888343811035,1604.1199951171875,1471.2239990234375,436.45599365234375,0,2.435051918029785,vegetation
1641,502745.0,2597675.0,0.5227155685424805,0.004543248564004898,29.74216079711914,15.016845703125,1855.0018310546875,750.0,791.9279174804688,0,7.890390396118164,cropland
1642,501725.0,2597045.0,0.6648198366165161,0.0671624168753624,27.454252243041992,15.79610824584961,1478.1241455078125,1380.0,962.9219970703125,0,8.477636337280273,cropland
1643,501545.0,2597735.0,0.5184692740440369,-0.07875711470842361,29.675195693969727,20.41169548034668,1782.974853515625,900.0,343.47796630859375,0,10.726460456848145,cropland
1644,500285.0,2597345.0,-0.24947035312652588,-0.3750658929347992,25.209869384765625,0.5,1642.122314453125,0.0,0.0,1,94.5816879272461,water
1645,500285.0,2598545.0,0.690482497215271,-0.2473064512014389,27.485782623291016,12.675576210021973,2172.43994140625,30.0,161.12648010253906,1,99.54916381835938,vegetation
1646,500315.0,2599085.0,0.6704033613204956,-0.08512157201766968,28.564632415771484,15.82227897644043,1951.6436767578125,499.29949951171875,194.60350036621094,1,10.677753448486328,vegetation
1647,501815.0,2598965.0,0.651797354221344,-0.016473175957798958,29.031124114990234,8.69987964630127,2203.10546875,42.42640686035156,840.4689331054688,0,57.65188980102539,cropland
1648,501935.0,2597765.0,0.4868648648262024,0.09423115104436874,29.70563316345215,20.90654945373535,1850.4161376953125,906.9729614257812,686.275146484375,0,17.652883529663086,cropland
1649,500195.0,2599805.0,0.6902819871902466,-0.24586084485054016,26.308738708496094,3.62368106842041,1459.0367431640625,1149.8260498046875,130.6907958984375,0,0.0,vegetation
1650,502565.0,2599145.0,0.49882155656814575,0.04162187874317169,30.55762481689453,8.088031768798828,1888.2855224609375,516.1395263671875,493.9042663574219,0,28.620988845825195,built_up
1651,502055.0,2598005.0,0.37871551513671875,0.24903477728366852,31.23902130126953,21.268096923828125,1987.624267578125,642.0280151367188,1627.6783447265625,1,36.42039108276367,built_up
1652,501095.0,2598755.0,0.7151173949241638,-0.24763469398021698,25.791790008544922,13.202570915222168,2257.85693359375,108.16654205322266,257.1766357421875,0,34.183319091796875,vegetation
1653,501155.0,2599025.0,0.712861180305481,-0.23845712840557098,26.455488204956055,14.44734001159668,2195.453857421875,268.3281555175781,250.21865844726562,0,3.984132766723633,vegetation
1654,500105.0,2597825.0,0.5424347519874573,-0.14793245494365692,29.556968688964844,0.5,1929.9698486328125,189.73666381835938,238.8844757080078,1,71.53063201904297,cropland
1655,502235.0,2599835.0,0.5490974187850952,-0.003033256623893976,29.320152282714844,7.588673114776611,1897.8271484375,997.2462158203125,1080.0018310546875,1,31.800493240356445,cropland
1656,501905.0,2599205.0,0.6118780374526978,0.04001163691282272,28.965496063232422,8.790820121765137,2097.185791015625,295.4657287597656,443.170166015625,0,19.140281677246094,cropland
1657,502805.0,2598545.0,0.4439992606639862,0.19103236496448517,30.370332717895508,13.273725509643555,1889.6876220703125,60.0,2372.2978515625,0,48.74392318725586,built_up
1658,501395.0,2598965.0,0.6534295082092285,-0.12555424869060516,26.633012771606445,11.837355613708496,2262.146240234375,84.85281372070312,275.2347106933594,0,20.7927188873291,vegetation
1659,502715.0,2598365.0,0.4094711244106293,0.20396582782268524,30.53130531311035,14.283180236816406,1927.4185791015625,60.0,3205.935791015625,1,53.45254135131836,built_up
1660,500705.0,2599115.0,0.5303555727005005,-0.00636130990460515,28.537294387817383,15.906027793884277,2004.6243896484375,636.3961181640625,589.4769287109375,1,8.751632690429688,cropland
1661,500525.0,2598545.0,0.6212555170059204,-0.25750213861465454,27.863502502441406,13.397232055664062,2172.221435546875,90.0,376.9755554199219,1,97.49567413330078,vegetation
1662,501215.0,2598545.0,0.6183933019638062,-0.12046252191066742,26.231002807617188,12.413190841674805,2277.397216796875,67.08203887939453,270.9975280761719,0,45.426387786865234,vegetation
1663,501665.0,2598485.0,0.551768958568573,0.010979785583913326,29.729534149169922,16.529077529907227,2264.8271484375,364.96575927734375,819.9240112304688,0,8.455608367919922,built_up
1664,501065.0,2598785.0,0.7193158864974976,-0.24285057187080383,25.849327087402344,13.760778427124023,2245.48828125,150.0,265.9192199707031,1,25.91653823852539,vegetation
1665,501395.0,2598815.0,-0.21691489219665527,-0.40308907628059387,23.367507934570312,10.911703109741211,2300.11962890625,0.0,0.0,1,82.76119995117188,water
1666,502925.0,2598395.0,0.5147609114646912,0.2655229866504669,29.61351203918457,14.277853012084961,1898.5989990234375,42.42640686035156,3190.256591796875,1,32.57218551635742,built_up
1667,500195.0,2598785.0,0.7627471089363098,-0.1850420981645584,27.223337173461914,16.320571899414062,2120.705078125,189.73666381835938,127.49058532714844,0,60.817813873291016,vegetation
1668,500405.0,2597195.0,0.6552948355674744,-0.25247329473495483,27.576061248779297,0.5,1570.349853515625,90.0,137.51101684570312,1,75.70244598388672,vegetation
1669,501635.0,2599415.0,0.5517159700393677,-0.07211433351039886,27.318376541137695,11.40263557434082,2073.52490234375,480.0,424.6235656738281,0,22.471927642822266,vegetation
1670,501995.0,2598485.0,0.3926970064640045,0.3183678984642029,31.359081268310547,16.61297607421875,2162.462646484375,268.3281555175781,2036.5250244140625,1,51.28086853027344,built_up
1671,502205.0,2598485.0,0.3431554436683655,0.2902790904045105,31.92744255065918,15.503803253173828,2074.932861328125,169.70562744140625,2672.898681640625,1,70.53181457519531,built_up
1672,501455.0,2597075.0,0.7264013886451721,-0.10755164176225662,25.779027938842773,14.865056991577148,1409.6990966796875,1110.4052734375,135.0372314453125,0,8.818647384643555,vegetation
1673,500615.0,2597075.0,0.6583778262138367,-0.23588106036186218,26.72296714782715,0.5,1500.2188720703125,271.66156005859375,58.94940185546875,1,35.008426666259766,vegetation
1674,500555.0,2599685.0,0.6299082636833191,-0.13797777891159058,27.4049015045166,7.558103084564209,1605.560302734375,1140.3946533203125,248.8661651611328,0,3.6045007705688477,vegetation
1675,501815.0,2598515.0,0.47263777256011963,0.19997572898864746,30.51593017578125,16.290922164916992,2233.0703125,301.49627685546875,1304.37451171875,0,29.669662475585938,built_up
1676,500405.0,2598065.0,0.6274071931838989,-0.1336374580860138,28.988386154174805,6.187139511108398,2033.0494384765625,323.1098937988281,238.52603149414062,1,72.44706726074219,vegetation
1677,500015.0,2597645.0,-0.20025591552257538,-0.43121057748794556,26.25392723083496,0.5,1828.3358154296875,0.0,0.0,1,92.42092895507812,water
1678,502325.0,2599865.0,0.5233200192451477,-0.027706511318683624,29.368783950805664,6.535288333892822,1891.3140869140625,1060.23583984375,1233.15966796875,1,25.912811279296875,cropland
1679,502475.0,2599775.0,0.5747902989387512,0.06611611694097519,29.209732055664062,4.746898651123047,1886.908935546875,1036.1949462890625,472.052734375,0,18.52535057067871,cropland
1680,500765.0,2598665.0,0.6007508635520935,-0.1477246731519699,27.02233123779297,14.808530807495117,2192.37548828125,228.4731903076172,345.7830505371094,0,73.78201293945312,vegetation
1681,500855.0,2599985.0,0.4372231960296631,0.05023098364472389,28.781042098999023,8.729042053222656,1693.1678466796875,1234.3824462890625,118.32819366455078,0,23.510040283203125,cropland
1682,500735.0,2598455.0,0.6595157384872437,-0.13648584485054016,27.705528259277344,11.494647026062012,2177.93115234375,30.0,398.2899169921875,1,99.46809387207031,vegetation
1683,501185.0,2597615.0,0.7165701389312744,-0.16896356642246246,26.917261123657227,15.856695175170898,1648.9033203125,835.7033081054688,203.90924072265625,0,4.3385772705078125,vegetation
1684,501335.0,2599475.0,0.587734580039978,-0.1793009638786316,27.17698097229004,13.145126342773438,2031.5233154296875,569.2099609375,339.8128356933594,1,12.105023384094238,vegetation
1685,502985.0,2599265.0,0.4886367619037628,-0.01909147948026657,30.03448486328125,7.474941253662109,1831.392822265625,750.0,633.2276611328125,0,25.31643295288086,cropland
1686,502775.0,2599565.0,0.5116080045700073,0.04209839925169945,29.42192268371582,3.5724270343780518,1866.6019287109375,982.7003784179688,452.2296447753906,0,16.89602279663086,cropland
1687,501875.0,2597795.0,0.49003320932388306,0.11106700450181961,29.94486427307129,21.426450729370117,1865.7169189453125,918.3136596679688,680.1605224609375,1,16.25871467590332,cropland
1688,502595.0,2599805.0,0.5913474559783936,0.1437496840953827,28.911865234375,3.235654354095459,1882.9609375,1113.6427001953125,313.4912109375,0,10.495738983154297,cropland
1689,502385.0,2599385.0,0.4663941562175751,0.03469756618142128,29.689165115356445,6.650049209594727,1915.46337890625,644.1273193359375,1005.3502807617188,0,28.787151336669922,cropland
1690,500525.0,2597435.0,0.5974962711334229,-0.20086923241615295,28.044618606567383,0.5,1633.9375,247.38633728027344,106.7340316772461,1,40.60161590576172,vegetation
1691,501665.0,2597825.0,0.5044294595718384,0.0013028328539803624,30.142353057861328,21.558597564697266,1870.4239501953125,894.9860229492188,381.8205261230469,0,10.581930160522461,cropland
1692,500615.0,2598275.0,0.5905728340148926,-0.14545397460460663,28.895090103149414,10.080938339233398,2118.185546875,90.0,371.959716796875,1,90.7817611694336,water
1693,502925.0,2598305.0,0.5079768896102905,0.20281030237674713,29.679012298583984,15.340188980102539,1909.96826171875,123.69316864013672,3035.349609375,0,25.61412239074707,vegetation
1694,502865.0,2599025.0,0.5250813961029053,-0.016213277354836464,30.37930679321289,10.025480270385742,1834.5281982421875,517.8803100585938,530.3648681640625,1,27.856849670410156,built_up
1695,502295.0,2599385.0,0.49608275294303894,-0.0132835628464818,29.50826072692871,6.998497009277344,1935.4637451171875,607.4536743164062,1078.2747802734375,1,27.927413940429688,cropland
1696,500495.0,2597825.0,0.6602047085762024,-0.06672463566064835,28.896446228027344,3.6308681964874268,1875.703369140625,424.2640686035156,274.5954284667969,0,26.971494674682617,vegetation
1697,502565.0,2599595.0,0.5084707140922546,0.15970376133918762,29.540081024169922,4.569728851318359,1882.421142578125,912.4143676757812,366.88201904296875,1,17.837936401367188,cropland
1698,500645.0,2597015.0,0.6612971425056458,-0.23724408447742462,26.591453552246094,0.9591125249862671,1488.9044189453125,300.0,58.563133239746094,0,27.19884490966797,vegetation
1699,502175.0,2599805.0,0.5827057957649231,-0.012047559022903442,29.219192504882812,8.203548431396484,1904.5068359375,948.6832885742188,907.62109375,0,34.622493743896484,cropland
1700,502145.0,2599325.0,0.5279346704483032,-0.03806948661804199,29.49620819091797,7.6795830726623535,1986.2156982421875,496.5883483886719,714.944091796875,0,32.95718765258789,cropland
1701,502265.0,2599145.0,0.47187066078186035,0.0006644789827987552,30.475797653198242,7.884193420410156,1981.457763671875,375.89892578125,1059.9803466796875,1,32.397315979003906,cropland
1702,501335.0,2598605.0,0.6389815211296082,-0.15988729894161224,26.788724899291992,12.917580604553223,2302.547607421875,108.16654205322266,261.858154296875,0,23.57706642150879,vegetation
1703,501845.0,2598305.0,0.35759568214416504,0.1766117364168167,31.445667266845703,19.889175415039062,2164.514892578125,484.6648254394531,3115.3427734375,0,20.831445693969727,built_up
1704,501995.0,2597345.0,0.6165568232536316,-0.0015376224182546139,28.308183670043945,16.272239685058594,1634.43017578125,1247.798095703125,860.6099853515625,0,10.272679328918457,cropland
1705,502655.0,2599265.0,0.51534503698349,0.06423383206129074,30.10236167907715,7.0137038230896,1867.7642822265625,666.1080932617188,486.89642333984375,0,26.4722900390625,cropland
1706,501965.0,2597315.0,0.6128466129302979,-0.0007072535227052867,28.3356876373291,16.20725440979004,1614.9869384765625,1288.254638671875,866.8182983398438,0,5.928309440612793,cropland
1707,502085.0,2598035.0,0.36318936944007874,0.23024705052375793,31.469614028930664,21.02112579345703,1998.1435546875,600.0,1848.314453125,1,40.23703384399414,built_up
1708,502205.0,2599655.0,0.5175268650054932,-0.08215922117233276,29.359647750854492,7.616261959075928,1916.0218505859375,819.3900146484375,620.2350463867188,0,35.50642776489258,cropland
1709,502955.0,2598575.0,0.5065352320671082,0.2149069756269455,29.734600067138672,13.43457317352295,1868.156982421875,60.0,1401.696533203125,0,43.530731201171875,built_up
1710,501305.0,2598935.0,0.6701511144638062,-0.17666751146316528,26.515827178955078,12.609130859375,2261.116943359375,108.16654205322266,302.8973693847656,0,17.661897659301758,vegetation
1711,502295.0,2598605.0,0.451194703578949,0.1771080642938614,31.590606689453125,12.129405975341797,2035.73291015625,30.0,1959.99951171875,1,76.8686294555664,built_up
1712,502625.0,2597645.0,0.5071887969970703,0.014612562954425812,29.1722469329834,15.020674705505371,1842.1895751953125,780.0,634.5250244140625,0,5.949563980102539,cropland
1713,502445.0,2597045.0,0.686335563659668,-0.26739615201950073,27.815385818481445,13.850057601928711,1683.3521728515625,1391.6895751953125,245.7188720703125,0,2.139894485473633,vegetation
1714,500195.0,2599895.0,0.692635715007782,-0.28597748279571533,26.037395477294922,3.028141736984253,1435.7791748046875,1239.112548828125,182.7278289794922,0,1.144454836845398,vegetation
1715,502415.0,2598995.0,0.5385136008262634,0.14205552637577057,30.970815658569336,9.03450870513916,1946.0323486328125,308.868896484375,762.5398559570312,0,27.514692306518555,built_up
1716,500825.0,2597825.0,0.7266444563865662,-0.11611473560333252,27.815526962280273,10.491734504699707,1829.76953125,540.8327026367188,148.32911682128906,0,2.095508337020874,vegetation
1717,502505.0,2598485.0,-0.19848676025867462,-0.4001924693584442,27.978418350219727,12.795184135437012,1964.8519287109375,0.0,0.0,1,79.33200073242188,water
1718,501935.0,2597675.0,0.48942768573760986,0.015531551092863083,29.363815307617188,20.052743911743164,1793.476318359375,982.7003784179688,621.9522094726562,0,17.696931838989258,cropland
1719,502625.0,2597075.0,0.6062381267547607,-0.1512886881828308,27.85990333557129,15.019715309143066,1711.770263671875,1350.0,158.84278869628906,0,6.44144868850708,vegetation
1720,501935.0,2599055.0,0.5525800585746765,0.05607694759964943,29.911346435546875,8.589237213134766,2133.666748046875,161.55494689941406,828.0546264648438,0,42.05783462524414,cropland
1721,502145.0,2598575.0,0.38099905848503113,0.22764530777931213,31.61527442932129,13.950925827026367,2103.66552734375,123.69316864013672,2005.4720458984375,1,68.02347564697266,water
1722,500255.0,2599025.0,0.7193311452865601,-0.12369018793106079,28.219228744506836,16.303924560546875,1989.7913818359375,416.7733154296875,169.69894409179688,1,15.036458015441895,vegetation
1723,501305.0,2598125.0,0.5823760032653809,-0.07464249432086945,28.138713836669922,17.390565872192383,2082.862060546875,442.9447021484375,326.7650146484375,0,0.12120634317398071,vegetation
1724,501905.0,2598275.0,0.3296642303466797,0.20624718070030212,31.7000675201416,20.29208755493164,2137.65234375,494.7726745605469,3756.7109375,0,30.04617691040039,built_up
1725,502295.0,2597045.0,0.7620623707771301,-0.26863840222358704,27.63670539855957,13.554062843322754,1651.87109375,1418.9080810546875,239.98703002929688,0,7.996310234069824,vegetation
1726,500555.0,2599505.0,0.6181260347366333,-0.10532386600971222,27.93671989440918,10.022560119628906,1701.832763671875,982.7003784179688,316.1982421875,0,2.004403829574585,vegetation
1727,501245.0,2598695.0,-0.16206176578998566,-0.39557307958602905,22.740177154541016,11.367897033691406,2294.296630859375,0.0,0.0,0,93.19633483886719,water
1728,500975.0,2597045.0,0.603259801864624,-0.18900437653064728,25.435855865478516,8.163192749023438,1410.4925537109375,630.0,126.19512939453125,0,7.144373416900635,vegetation
1729,502775.0,2599205.0,0.5479723811149597,0.0645730122923851,30.082704544067383,7.760817050933838,1848.17333984375,684.105224609375,518.916748046875,0,26.92993927001953,cropland
1730,500075.0,2597285.0,-0.21055598556995392,-0.3780757784843445,26.21927833557129,0.5,1645.54833984375,0.0,0.0,1,95.30282592773438,water
1731,501215.0,2597525.0,0.7326350808143616,-0.15769246220588684,26.475177764892578,15.549118995666504,1582.5643310546875,930.4837646484375,179.67300415039062,0,5.371182918548584,vegetation
1732,500255.0,2597645.0,0.615789532661438,-0.1252182275056839,29.20135498046875,0.5,1803.0302734375,127.27922058105469,248.4256591796875,1,58.759334564208984,vegetation
1733,502235.0,2599895.0,0.5625215768814087,0.024807605892419815,29.249290466308594,7.648159027099609,1895.2197265625,1053.4229736328125,1283.309814453125,1,26.382400512695312,cropland
1734,500225.0,2598605.0,0.7042049169540405,-0.21985770761966705,27.291547775268555,13.797595977783203,2168.90185546875,60.0,147.29583740234375,0,98.26880645751953,vegetation
1735,502925.0,2599565.0,0.5163519978523254,0.0269998237490654,29.247875213623047,3.353271007537842,1857.8717041015625,1050.428466796875,439.3927307128906,0,9.97375774383545,cropland
1736,501125.0,2597615.0,0.7530702352523804,-0.18912175297737122,26.653982162475586,14.944906234741211,1648.68505859375,816.0882568359375,181.9364471435547,0,2.617175579071045,vegetation
1737,500435.0,2599895.0,0.623051643371582,-0.18331167101860046,26.83278465270996,4.848286151885986,1493.5782470703125,1290.3487548828125,240.7866668701172,0,0.0,vegetation
1738,501455.0,2598395.0,0.6105281114578247,-0.041446343064308167,28.414649963378906,16.2982177734375,2252.42822265625,339.4112548828125,393.3055114746094,0,11.585087776184082,cropland
1739,502325.0,2597135.0,0.7153578400611877,-0.23358096182346344,27.677433013916016,13.690580368041992,1666.280029296875,1324.4244384765625,278.4468078613281,0,2.2760496139526367,vegetation
1740,501905.0,2598725.0,0.5074197053909302,0.14937566220760345,30.4241886138916,11.605931282043457,2209.287841796875,84.85281372070312,1472.2672119140625,1,67.02046203613281,built_up
1741,502715.0,2598095.0,0.40031635761260986,0.1806328147649765,30.803403854370117,15.911232948303223,1934.6632080078125,330.0,1225.3709716796875,1,24.985200881958008,built_up
1742,501395.0,2599385.0,0.6001628041267395,-0.1450703889131546,26.632144927978516,12.986006736755371,2081.4677734375,465.7252502441406,278.74053955078125,0,12.08144474029541,vegetation
1743,500045.0,2598125.0,0.7361029982566833,-0.21426360309123993,28.225200653076172,4.984375953674316,2095.288330078125,375.89892578125,260.806396484375,1,84.97418212890625,vegetation
1744,501485.0,2597945.0,0.48828431963920593,-0.020077599212527275,29.76307487487793,20.443395614624023,1953.6466064453125,690.65185546875,422.6105041503906,0,1.0491060018539429,cropland
1745,501935.0,2597885.0,0.47482287883758545,0.2191285789012909,30.308218002319336,21.729440689086914,1926.6905517578125,810.5553588867188,901.3375244140625,0,20.001052856445312,built_up
1746,501665.0,2598035.0,0.4459833800792694,0.1007423847913742,30.702131271362305,21.695581436157227,2032.39306640625,742.7650756835938,941.5148315429688,0,9.14254093170166,built_up
1747,500945.0,2597555.0,0.7550139427185059,-0.21515105664730072,26.42947006225586,11.159868240356445,1618.0150146484375,684.105224609375,154.87657165527344,0,1.6124837398529053,vegetation
1748,501005.0,2598935.0,0.6852999329566956,-0.21829934418201447,26.525772094726562,15.186341285705566,2186.527099609375,296.98486328125,275.7332458496094,0,12.762382507324219,vegetation
1749,501815.0,2598755.0,0.5803021788597107,0.04678577557206154,29.6774959564209,11.172483444213867,2242.166748046875,67.08203887939453,1285.6688232421875,0,64.57329559326172,built_up
1750,502505.0,2598305.0,0.28608816862106323,0.19725565612316132,31.783143997192383,15.871452331542969,1971.3726806640625,161.55494689941406,2712.8681640625,0,56.840579986572266,built_up
1751,502055.0,2598425.0,0.33854570984840393,0.3391912281513214,31.777603149414062,17.516130447387695,2129.71533203125,295.4657287597656,2567.8310546875,0,53.566871643066406,built_up
1752,502595.0,2597585.0,0.528881847858429,0.0013477564789354801,28.6982479095459,14.949258804321289,1821.4444580078125,840.5355224609375,463.14434814453125,0,6.3109025955200195,cropland
1753,500615.0,2597615.0,0.6239076852798462,-0.1326320916414261,28.246746063232422,3.8195016384124756,1716.2491455078125,402.49224853515625,133.9755096435547,0,20.214426040649414,vegetation
1754,501005.0,2599805.0,0.4644618332386017,0.012061993591487408,28.836774826049805,10.62511920928955,1797.343994140625,1006.2305908203125,182.9138946533203,0,24.50120735168457,cropland
1755,500675.0,2598515.0,0.6322550177574158,-0.16958381235599518,27.727603912353516,12.84278392791748,2180.7509765625,90.0,443.28436279296875,1,95.8531494140625,vegetation
1756,501755.0,2599145.0,0.6073432564735413,-0.008877183310687542,28.05470848083496,9.664377212524414,2162.215087890625,210.0,422.75616455078125,0,28.01812171936035,vegetation
1757,502235.0,2599265.0,0.4849775433540344,-0.019617915153503418,29.90543556213379,7.476576805114746,1970.82080078125,474.3416442871094,1046.2548828125,0,37.13724899291992,cropland
1758,500975.0,2598245.0,0.6108446717262268,-0.0775417760014534,27.479290008544922,12.678025245666504,2124.711669921875,174.92855834960938,301.5343017578125,1,23.693788528442383,vegetation
1759,502355.0,2599055.0,0.514974057674408,0.08135150372982025,30.761781692504883,8.471729278564453,1961.238525390625,335.4101867675781,906.6900634765625,1,26.20729637145996,built_up
1760,500885.0,2597435.0,0.6753511428833008,-0.20147526264190674,26.38902473449707,8.79708480834961,1553.4337158203125,589.406494140625,126.08055877685547,1,6.573428630828857,vegetation
1761,500825.0,2598875.0,0.5460699200630188,-0.1459244340658188,27.21868133544922,16.048751831054688,2156.260986328125,381.8376770019531,406.16510009765625,0,23.640583038330078,cropland
1762,502325.0,2597615.0,0.5791020393371582,-0.05271734669804573,28.086069107055664,16.25398826599121,1808.6160888671875,863.7708129882812,401.36273193359375,0,6.887495517730713,vegetation
1763,501425.0,2599595.0,0.5803086757659912,-0.07526598125696182,27.831707000732422,12.850296020507812,2000.2916259765625,666.1080932617188,465.0030822753906,1,34.87799072265625,vegetation
1764,501095.0,2597825.0,0.8087829351425171,-0.1355288028717041,27.0948486328125,15.428994178771973,1820.06591796875,607.4536743164062,195.80445861816406,0,2.223410129547119,vegetation
1765,502235.0,2599085.0,0.49345263838768005,0.005471718497574329,30.636825561523438,8.1773681640625,2003.3299560546875,308.868896484375,1152.8585205078125,0,38.0261116027832,built_up
1766,502625.0,2597375.0,0.6027402877807617,-0.0464140884578228,27.923837661743164,14.882200241088867,1761.7896728515625,1050.0,270.0833435058594,0,3.694959878921509,vegetation
1767,502385.0,2597075.0,0.7184048891067505,-0.27262651920318604,27.719196319580078,13.669071197509766,1673.3170166015625,1371.1673583984375,253.559814453125,0,0.0,vegetation
1768,501125.0,2597645.0,0.7533061504364014,-0.18537810444831848,26.788908004760742,15.15195369720459,1672.031005859375,787.4642944335938,186.64315795898438,0,7.303057670593262,vegetation
1769,501545.0,2598425.0,0.6137404441833496,-0.03798002749681473,29.018558502197266,16.70926284790039,2261.569091796875,381.8376770019531,523.5082397460938,1,3.480344533920288,cropland
1770,501455.0,2599055.0,0.6538792848587036,-0.11742978543043137,26.508499145507812,11.76513957977295,2232.969482421875,134.16407775878906,191.39198303222656,0,10.98957347869873,vegetation
1771,502145.0,2598395.0,0.28479018807411194,0.3535914123058319,32.16327667236328,17.530887603759766,2090.583251953125,276.5863342285156,2821.42626953125,0,62.083343505859375,built_up
1772,501335.0,2597615.0,0.6199596524238586,-0.1296950876712799,27.892610549926758,17.750356674194336,1658.0601806640625,898.9994506835938,308.8621520996094,0,9.022844314575195,vegetation
1773,502385.0,2597375.0,0.6102889180183411,-0.13354171812534332,27.601146697998047,14.514951705932617,1730.274169921875,1077.079345703125,345.0220031738281,0,5.464846134185791,vegetation
1774,500285.0,2599895.0,0.702868640422821,-0.2445889711380005,26.15416717529297,3.6393651962280273,1451.1507568359375,1253.1959228515625,179.0408935546875,0,0.6274749040603638,vegetation
1775,501575.0,2599025.0,0.6571065783500671,-0.12372849136590958,26.994762420654297,10.524134635925293,2239.37109375,90.0,269.9205017089844,0,26.82221794128418,vegetation
1776,500555.0,2598875.0,0.6190930008888245,-0.1474006175994873,27.83510971069336,16.990962982177734,2100.4541015625,421.070068359375,479.3086242675781,0,38.46463394165039,vegetation
1777,501845.0,2599115.0,0.6007115840911865,0.04967319592833519,28.925710678100586,8.990540504455566,2147.0224609375,189.73666381835938,542.7444458007812,0,29.35825538635254,cropland
1778,502055.0,2599805.0,0.6705179214477539,-0.03436411917209625,28.902420043945312,9.42160701751709,1916.5130615234375,910.93359375,811.8989868164062,1,43.12096405029297,cropland
1779,502955.0,2597315.0,0.5101944208145142,-0.10154901444911957,28.932628631591797,16.745622634887695,1759.630615234375,1111.6204833984375,809.1611328125,0,11.424907684326172,cropland
1780,500105.0,2597045.0,-0.2349308431148529,-0.3838554620742798,26.342565536499023,0.5,1592.572998046875,0.0,0.0,1,99.9709701538086,water
1781,501455.0,2598005.0,0.48667553067207336,-0.006209503393620253,29.59006118774414,19.953935623168945,2001.0203857421875,624.2595825195312,479.62738037109375,0,8.6032133102417,cropland
1782,501665.0,2597585.0,0.5069624185562134,0.02453579008579254,29.5178279876709,19.66750717163086,1686.80224609375,1090.779541015625,485.2864074707031,0,9.616243362426758,cropland
1783,500075.0,2597585.0,-0.11293473094701767,-0.4162570536136627,26.208112716674805,0.5,1789.039794921875,0.0,0.0,1,89.92172241210938,water
1784,500975.0,2598395.0,0.6534625887870789,-0.04912690445780754,26.69986343383789,11.546004295349121,2193.623291015625,42.42640686035156,292.3221435546875,0,72.6065673828125,vegetation
1785,501485.0,2597285.0,0.7189115881919861,-0.15854182839393616,26.6162052154541,16.15878677368164,1472.822509765625,1164.9892578125,211.92901611328125,0,2.5350611209869385,vegetation
1786,502415.0,2599685.0,0.5178739428520203,0.049090899527072906,29.463756561279297,5.593003273010254,1892.5040283203125,930.4837646484375,488.4629211425781,0,19.759971618652344,cropland
1787,502715.0,2597075.0,0.624496340751648,-0.12399299442768097,27.692991256713867,15.770238876342773,1720.466552734375,1350.0,145.86572265625,0,7.077498435974121,vegetation
1788,502415.0,2599595.0,0.46894779801368713,0.07880323380231857,29.599794387817383,5.790105819702148,1896.32373046875,846.9356689453125,538.4804077148438,0,16.715545654296875,cropland
1789,501515.0,2598875.0,-0.21545100212097168,-0.3828721046447754,23.70233917236328,10.233288764953613,2288.497802734375,0.0,0.0,1,86.27626037597656,water
1790,502775.0,2598005.0,0.36741533875465393,0.14320440590381622,30.755359649658203,15.673763275146484,1923.370849609375,420.0,1044.8604736328125,0,16.822599411010742,built_up
1791,500945.0,2597015.0,0.6326881051063538,-0.19835816323757172,25.44516372680664,7.553140163421631,1415.0540771484375,600.0,122.4724349975586,0,10.224113464355469,vegetation
1792,502025.0,2599835.0,0.6971262097358704,-0.024594921618700027,28.81375503540039,9.790228843688965,1916.8734130859375,931.4505004882812,875.6681518554688,1,43.70386505126953,built_up
1793,501425.0,2597585.0,0.5868657231330872,-0.11648168414831161,28.359405517578125,18.38078498840332,1645.329345703125,966.0745239257812,381.81549072265625,0,10.127218246459961,cropland
1794,500255.0,2599835.0,0.7075485587120056,-0.2489745169878006,26.22372817993164,3.776552200317383,1459.0216064453125,1188.69677734375,141.88157653808594,0,2.1458754539489746,vegetation
1795,500375.0,2598605.0,0.6813408136367798,-0.2710610330104828,27.498476028442383,14.497024536132812,2166.1474609375,120.0,220.45254516601562,1,98.13607788085938,vegetation
1796,501695.0,2598455.0,0.5149726867675781,0.05315712094306946,30.103744506835938,17.133939743041992,2250.9140625,390.0,1033.2509765625,0,13.528074264526367,built_up
1797,502565.0,2597975.0,0.43035635352134705,0.10555455833673477,30.952640533447266,16.292278289794922,1930.3946533203125,453.9823913574219,1944.973388671875,0,25.461990356445312,built_up
1798,501395.0,2599265.0,0.6483016014099121,-0.12663088738918304,26.212209701538086,12.960550308227539,2136.85888671875,351.1409912109375,190.1204071044922,0,4.657007217407227,water
1799,501095.0,2598695.0,0.704658567905426,-0.22392672300338745,25.69658660888672,12.584869384765625,2263.65185546875,67.08203887939453,238.73646545410156,0,46.838775634765625,vegetation
1800,501515.0,2599265.0,0.6399784088134766,-0.11586540192365646,26.36077308654785,12.014015197753906,2143.76171875,330.0,219.16062927246094,0,8.711760520935059,built_up
1801,501065.0,2598095.0,0.6962271332740784,-0.13816994428634644,27.327350616455078,14.505475044250488,2036.38720703125,349.85711669921875,259.5419006347656,1,3.929558038711548,vegetation
1802,502355.0,2599475.0,0.46596232056617737,0.019860032945871353,29.537111282348633,6.5049729347229,1913.0093994140625,713.0918579101562,888.3062133789062,0,27.006860733032227,cropland
1803,501575.0,2597045.0,0.7042276263237,0.008884912356734276,26.59103012084961,15.543985366821289,1433.972900390625,1230.0,282.2732238769531,0,12.24277114868164,vegetation
1804,502835.0,2597315.0,0.5409356951713562,-0.06733815371990204,28.60657501220703,16.142663955688477,1760.2396240234375,1110.0,506.14410400390625,0,10.082257270812988,cropland
1805,501545.0,2599745.0,0.5718696117401123,-0.02350294217467308,28.627410888671875,12.76115894317627,1967.43212890625,810.0,598.212890625,1,63.61635208129883,cropland
1806,500105.0,2598125.0,0.7332695126533508,-0.21057625114917755,28.25759506225586,5.212705612182617,2091.20751953125,349.85711669921875,237.2833709716797,1,79.83367919921875,vegetation
1807,502625.0,2599235.0,0.5088386535644531,0.05201293155550957,30.203866958618164,7.3031086921691895,1873.0621337890625,624.2595825195312,475.6600341796875,1,25.24972915649414,cropland
1808,502625.0,2599505.0,0.4645043909549713,0.10811175405979156,29.795461654663086,4.8336944580078125,1875.967041015625,859.0692749023438,464.4562683105469,1,19.228200912475586,cropland
1809,502085.0,2599415.0,0.5467836260795593,-0.04547758400440216,29.142332077026367,8.030974388122559,1981.898681640625,551.5432739257812,448.35577392578125,0,26.574237823486328,cropland
1810,501635.0,2599895.0,0.6140533685684204,0.0370192714035511,28.886751174926758,12.757746696472168,1944.7503662109375,960.0,794.5896606445312,0,69.24436950683594,cropland
1811,500495.0,2597855.0,0.6614060997962952,-0.06787976622581482,28.91999626159668,4.068844795227051,1895.1707763671875,445.9820556640625,287.5799560546875,1,29.792865753173828,vegetation
1812,502895.0,2598305.0,0.49758920073509216,0.21123915910720825,29.775775909423828,15.236605644226074,1912.29931640625,120.0,2980.736083984375,0,28.33835792541504,built_up
1813,500285.0,2599535.0,0.6308311820030212,-0.12927694618701935,27.590373992919922,7.825275897979736,1611.68310546875,902.4965209960938,115.5970458984375,0,6.79391622543335,vegetation
1814,502055.0,2597645.0,0.5133431553840637,-0.009283049032092094,28.82626724243164,18.87687873840332,1791.573974609375,952.9428100585938,476.8889465332031,0,20.455406188964844,cropland
1815,501425.0,2597195.0,0.7259867787361145,-0.17658540606498718,25.844499588012695,15.1011962890625,1429.4376220703125,1090.366943359375,145.493408203125,0,8.560665130615234,vegetation
1816,500045.0,2599715.0,0.6320892572402954,-0.18921007215976715,26.834653854370117,3.8235044479370117,1487.5245361328125,1050.0,121.08326721191406,0,0.6914577484130859,vegetation
1817,500765.0,2597855.0,0.6729092001914978,-0.10075296461582184,28.27362632751465,9.469819068908691,1857.94580078125,510.0,173.91029357910156,0,9.496332168579102,vegetation
1818,501515.0,2598995.0,0.6491011381149292,-0.12317667156457901,26.855670928955078,10.707720756530762,2254.201904296875,60.0,262.1988525390625,1,32.7139778137207,water
1819,501095.0,2597165.0,0.551694393157959,-0.1768960952758789,25.45047378540039,10.727224349975586,1411.27783203125,759.539306640625,115.29997253417969,0,9.252175331115723,vegetation
1820,501575.0,2599565.0,0.5635602474212646,-0.04135682061314583,27.75918197631836,12.22185230255127,2019.586669921875,630.0,456.1106262207031,1,44.842323303222656,vegetation
1821,502295.0,2597015.0,0.767707884311676,-0.276271790266037,27.62283706665039,13.537988662719727,1651.045654296875,1448.1021728515625,233.36241149902344,0,1.7183767557144165,vegetation
1822,501245.0,2597555.0,0.7102319002151489,-0.1466636061668396,26.83376693725586,16.204248428344727,1605.3695068359375,913.8927612304688,210.6024932861328,0,6.303015232086182,vegetation
1823,502265.0,2597075.0,0.7497522830963135,-0.24193115532398224,27.679311752319336,13.61652660369873,1646.368408203125,1397.17578125,260.6208190917969,0,0.08649291843175888,vegetation
1824,501575.0,2599655.0,0.5661452412605286,-0.034486014395952225,28.228317260742188,12.4522066116333,1991.0126953125,720.0,521.032470703125,1,60.770626068115234,vegetation
1825,500105.0,2599385.0,0.6337410807609558,-0.12340103834867477,28.06936264038086,9.898221969604492,1707.3150634765625,722.4956665039062,256.7521667480469,0,0.0,vegetation
1826,500015.0,2598245.0,0.7545012831687927,-0.19034603238105774,27.822566986083984,7.688865661621094,2143.018310546875,283.0194396972656,167.25872802734375,1,84.23092651367188,water
1827,501035.0,2598425.0,0.6343658566474915,-0.0468992181122303,26.37105369567871,11.74277400970459,2213.992919921875,42.42640686035156,306.3021240234375,1,65.54557800292969,vegetation
1828,500705.0,2598275.0,0.5995835661888123,-0.13345010578632355,28.726730346679688,10.526490211486816,2119.2783203125,90.0,414.87042236328125,1,93.37128448486328,vegetation
1829,501005.0,2599475.0,0.6025164127349854,-0.08236048370599747,27.823097229003906,12.941412925720215,1917.52490234375,715.6116333007812,584.961669921875,0,5.559741497039795,vegetation
1830,502085.0,2599715.0,0.6146690249443054,-0.08033908158540726,29.036123275756836,8.868889808654785,1923.7249755859375,835.7033081054688,621.6497802734375,0,34.93627166748047,water
1831,500465.0,2597975.0,0.6503466367721558,-0.09144056588411331,29.00629997253418,5.417411804199219,1974.74755859375,394.58837890625,283.3711242675781,0,43.35186767578125,built_up
1832,500015.0,2597675.0,0.5393946766853333,-0.19379542768001556,29.74062156677246,0.5,1846.2208251953125,30.0,265.17950439453125,1,79.11967468261719,cropland
1833,500285.0,2598815.0,0.7456148266792297,-0.17870499193668365,27.446672439575195,16.801816940307617,2107.815673828125,258.06976318359375,168.72506713867188,0,50.6139030456543,built_up
1834,500375.0,2598965.0,0.6728053689002991,-0.13842561841011047,28.25989532470703,16.920555114746094,2034.3670654296875,432.6661682128906,257.96160888671875,0,27.36477279663086,vegetation
1835,502685.0,2597465.0,0.5683810710906982,0.01353527046740055,28.54601287841797,15.03579330444336,1791.0401611328125,960.0,388.6836242675781,0,0.0,vegetation
1836,502565.0,2598515.0,-0.1888812631368637,-0.3918222486972809,27.810625076293945,12.445393562316895,1944.9605712890625,0.0,0.0,1,77.88703155517578,water
1837,502415.0,2599955.0,0.5237725973129272,-0.043545931577682495,29.252601623535156,5.349555492401123,1886.840576171875,1180.7200927734375,1298.4066162109375,0,23.276487350463867,cropland
1838,502505.0,2599625.0,0.5130285024642944,0.1524965763092041,29.504371643066406,4.912539005279541,1887.0689697265625,912.4143676757812,382.1353454589844,0,14.199385643005371,cropland
1839,502565.0,2598425.0,0.35774505138397217,0.1538490504026413,31.330556869506836,13.678656578063965,1952.7799072265625,30.0,4568.28173828125,1,71.83799743652344,water
1840,502325.0,2598515.0,0.4181567430496216,0.221562922000885,31.731491088867188,13.990133285522461,2026.430908203125,84.85281372070312,3042.533935546875,1,64.02506256103516,built_up
1841,500105.0,2598995.0,0.7621618509292603,-0.16517138481140137,27.79398536682129,16.1177921295166,2008.8724365234375,335.4101867675781,134.5127716064453,1,17.137710571289062,vegetation
1842,501125.0,2598725.0,0.7034437656402588,-0.24718067049980164,25.793684005737305,12.59319019317627,2268.4013671875,67.08203887939453,249.94110107421875,0,42.202056884765625,vegetation
1843,502835.0,2597675.0,0.5381579995155334,-0.040426209568977356,29.925386428833008,15.138012886047363,1855.6182861328125,750.0,809.8037719726562,0,0.4146811366081238,cropland
1844,502325.0,2599055.0,0.513931930065155,0.06886973977088928,30.74007797241211,8.431199073791504,1972.6160888671875,323.1098937988281,987.8796997070312,0,28.900270462036133,built_up
1845,500315.0,2597495.0,0.6124137043952942,-0.18983754515647888,28.820499420166016,0.5,1707.815673828125,84.85281372070312,250.36196899414062,0,71.39376068115234,vegetation
1846,502505.0,2598395.0,0.32994505763053894,0.17770400643348694,31.622365951538086,14.6963529586792,1969.9508056640625,84.85281372070312,4309.6484375,0,68.23519897460938,built_up
1847,501815.0,2598845.0,-0.18395456671714783,-0.375743567943573,25.85500717163086,9.167121887207031,2230.052734375,0.0,0.0,1,90.00005340576172,water
1848,501995.0,2598065.0,0.3324548304080963,0.2554214298725128,31.59844970703125,21.636493682861328,2024.8538818359375,632.8507080078125,2323.074951171875,0,38.0477294921875,built_up
1849,501185.0,2599775.0,0.49273112416267395,0.0007375362329185009,28.982046127319336,12.074427604675293,1885.9635009765625,902.4965209960938,250.58445739746094,1,33.30656051635742,cropland
1850,500885.0,2597195.0,0.6592193245887756,-0.19473595917224884,25.777385711669922,6.92294454574585,1453.9708251953125,560.4462280273438,106.8102798461914,0,6.706908702850342,vegetation
1851,500015.0,2597795.0,0.5430203080177307,-0.16773419082164764,29.640283584594727,0.5,1918.616943359375,150.0,242.83041381835938,1,75.74212646484375,vegetation
1852,500585.0,2598785.0,0.6225820183753967,-0.17713400721549988,27.52423858642578,16.551176071166992,2138.935546875,335.4101867675781,476.33563232421875,1,59.87983703613281,vegetation
1853,502715.0,2598695.0,0.3881290853023529,0.07850558310747147,31.387413024902344,12.757575035095215,1885.5711669921875,210.0,1072.105224609375,0,30.237483978271484,built_up
1854,500225.0,2599175.0,0.7112903594970703,-0.052315711975097656,28.34298324584961,14.325060844421387,1878.9869384765625,540.8327026367188,149.62774658203125,0,4.813910007476807,vegetation
1855,501515.0,2599775.0,0.5679307579994202,-0.018394649028778076,28.765928268432617,12.878077507019043,1959.6048583984375,840.0,597.8553466796875,1,63.7743034362793,cropland
1856,502385.0,2597795.0,0.48743003606796265,0.015072605572640896,29.49574851989746,16.954145431518555,1883.30029296875,674.1661376953125,1017.4847412109375,0,18.645421981811523,cropland
1857,501635.0,2599685.0,0.5782108306884766,-0.026098651811480522,28.375783920288086,12.248931884765625,1981.754150390625,750.0,565.2174072265625,0,64.60315704345703,vegetation
1858,501605.0,2599235.0,0.634213387966156,-0.10271640866994858,26.741485595703125,11.182775497436523,2152.3427734375,300.0,270.57830810546875,0,12.336043357849121,vegetation
1859,502985.0,2598035.0,0.40904495120048523,0.06797683984041214,30.127077102661133,16.045795440673828,1914.97021484375,400.2499084472656,1024.4154052734375,0,13.300049781799316,built_up
1860,501185.0,2597675.0,0.7052375674247742,-0.16307024657726288,27.220285415649414,16.25015640258789,1696.8212890625,780.0,216.884765625,0,0.0,vegetation
1861,500735.0,2599505.0,0.5720970034599304,-0.032344624400138855,28.097185134887695,11.204363822937012,1775.7069091796875,900.0,672.1504516601562,0,11.984246253967285,vegetation
1862,501185.0,2597525.0,0.7397913932800293,-0.16959233582019806,26.361385345458984,15.130309104919434,1582.0594482421875,902.4965209960938,168.62619018554688,0,4.515728950500488,vegetation
1863,502295.0,2599835.0,0.5249012112617493,-0.024468259885907173,29.39063262939453,6.889040946960449,1893.967041015625,1020.4411010742188,1111.7550048828125,1,25.252824783325195,cropland
1864,501335.0,2598545.0,0.6264636516571045,-0.13498646020889282,26.9173526763916,13.532986640930176,2293.167236328125,150.0,255.53355407714844,0,13.079022407531738,vegetation
1865,501845.0,2598215.0,0.3181994557380676,0.17065271735191345,31.64655876159668,21.015342712402344,2125.020751953125,569.2099609375,3562.38525390625,1,22.214645385742188,built_up
1866,500795.0,2597165.0,0.6864951252937317,-0.21115268766880035,26.030431747436523,4.787892818450928,1467.8787841796875,465.7252502441406,98.6517333984375,0,11.353185653686523,vegetation
1867,502655.0,2597405.0,0.5916043519973755,-0.01911631040275097,28.13636016845703,14.985458374023438,1772.260498046875,1020.0,303.18670654296875,0,2.779252529144287,vegetation
1868,502835.0,2598485.0,-0.16229069232940674,-0.4200095236301422,26.53937530517578,12.949295043945312,1894.4857177734375,0.0,0.0,1,68.41387176513672,water
1869,500615.0,2598845.0,0.5950595736503601,-0.14491917192935944,27.661739349365234,16.773841857910156,2122.0234375,400.2499084472656,519.7275390625,0,44.78783416748047,cropland
1870,500045.0,2597555.0,-0.2061353176832199,-0.4324319064617157,26.27324867248535,0.5,1774.31640625,0.0,0.0,1,94.05252075195312,water
1871,501215.0,2599775.0,0.49598485231399536,0.005382954142987728,29.001893997192383,12.24697208404541,1897.032958984375,891.964111328125,278.36260986328125,0,41.151607513427734,cropland
1872,500555.0,2599985.0,0.5142107605934143,-0.07081635296344757,27.581140518188477,5.739309310913086,1533.6439208984375,1392.012939453125,283.71722412109375,0,0.45269066095352173,cropland
1873,502385.0,2599595.0,0.4680841267108917,0.04603182524442673,29.578487396240234,6.039676189422607,1899.6138916015625,835.7033081054688,583.7886962890625,0,28.963069915771484,cropland
1874,502445.0,2597675.0,0.5137792229652405,-0.02515948936343193,28.697675704956055,15.798513412475586,1841.824951171875,771.297607421875,569.1029052734375,0,9.407299995422363,cropland
1875,500225.0,2599235.0,0.6902848482131958,-0.06419821828603745,28.334630966186523,13.296204566955566,1831.9395751953125,597.7457885742188,153.1500701904297,0,2.9505510330200195,vegetation
1876,502385.0,2598905.0,0.5507630109786987,0.2028687596321106,31.155460357666016,9.642117500305176,1967.925048828125,216.3330841064453,850.8251953125,1,30.092241287231445,built_up
1877,500165.0,2599685.0,0.6464847326278687,-0.15568774938583374,26.923349380493164,4.782535552978516,1506.8892822265625,1027.0345458984375,97.79273223876953,0,1.4027349948883057,vegetation
1878,502055.0,2597825.0,0.4741334617137909,0.1562371551990509,29.834182739257812,20.514808654785156,1892.1658935546875,792.5906982421875,696.5451049804688,0,29.169675827026367,cropland
1879,501695.0,2598845.0,0.6731176376342773,-0.1095472127199173,28.28679084777832,10.085504531860352,2266.76416015625,30.0,786.0731811523438,0,52.4212646484375,cropland
1880,501695.0,2597975.0,0.4715094566345215,0.10683567076921463,30.592330932617188,21.995847702026367,1988.33642578125,806.1017456054688,700.3964233398438,0,9.327144622802734,built_up
1881,501095.0,2599505.0,0.6064570546150208,-0.14504386484622955,27.70890235900879,12.990713119506836,1942.4288330078125,697.7822265625,419.8384094238281,0,6.7926812171936035,vegetation
1882,501905.0,2599355.0,0.6017580032348633,-0.04795658215880394,28.550432205200195,9.057629585266113,2046.4393310546875,436.80657958984375,332.1827392578125,0,22.644229888916016,vegetation
1883,502925.0,2599085.0,0.5269275307655334,-0.03132326528429985,30.15542984008789,9.514920234680176,1828.40478515625,570.7889404296875,579.3255615234375,0,23.70172691345215,built_up
1884,501815.0,2597975.0,0.44831445813179016,0.2032332569360733,30.78746223449707,22.275062561035156,1987.366943359375,804.9844970703125,977.1088256835938,0,14.13895320892334,built_up
1885,502295.0,2598365.0,0.27205556631088257,0.30896511673927307,32.31229782104492,16.82308006286621,2033.371826171875,212.1320343017578,3108.83740234375,0,70.01300048828125,built_up
1886,502955.0,2599355.0,0.5030797719955444,0.01956879533827305,29.89645004272461,6.189013481140137,1839.5093994140625,840.0,624.1692504882812,0,17.175729751586914,cropland
1887,502745.0,2597525.0,0.5471331477165222,0.021661587059497833,29.15094566345215,15.133355140686035,1811.4019775390625,900.0,582.99853515625,0,1.6500964164733887,cropland
1888,502685.0,2599505.0,0.48338356614112854,0.0784812793135643,29.734954833984375,4.551032066345215,1870.4417724609375,885.889404296875,486.65032958984375,0,16.751209259033203,cropland
1889,500075.0,2597405.0,-0.19162732362747192,-0.4192841351032257,26.20824432373047,0.5,1694.61376953125,0.0,0.0,1,95.88255310058594,water
1890,501095.0,2598275.0,0.5859189033508301,-0.023873990401625633,27.021432876586914,13.674452781677246,2156.613037109375,201.24612426757812,311.4592590332031,1,17.436542510986328,vegetation
1891,502745.0,2599925.0,0.5249522924423218,0.08099724352359772,28.433629989624023,1.2564793825149536,1881.5601806640625,1288.254638671875,290.02264404296875,0,8.92707633972168,cropland
1892,500075.0,2598215.0,0.7494804263114929,-0.19388623535633087,27.939014434814453,7.17567777633667,2129.3330078125,283.0194396972656,174.669677734375,1,84.93257141113281,vegetation
1893,501095.0,2598245.0,0.5975551605224609,-0.04186330363154411,27.106874465942383,13.91482162475586,2139.49560546875,228.4731903076172,295.55712890625,1,18.365604400634766,vegetation
1894,502295.0,2598335.0,0.25473594665527344,0.30620628595352173,32.398738861083984,17.213594436645508,2030.685302734375,234.3074951171875,2876.321044921875,1,67.3618392944336,built_up
1895,500585.0,2598605.0,0.6253873109817505,-0.2440345734357834,27.627647399902344,14.523808479309082,2174.03564453125,161.55494689941406,455.1212158203125,1,96.23638916015625,vegetation
1896,500585.0,2598215.0,0.5848671197891235,-0.13922376930713654,29.063798904418945,9.628521919250488,2093.34765625,150.0,308.9388427734375,1,87.16442108154297,vegetation
1897,501755.0,2597165.0,0.6881280541419983,0.03470657765865326,27.645713806152344,16.11231231689453,1505.304443359375,1415.09716796875,751.5768432617188,0,13.422012329101562,cropland
1898,502235.0,2599385.0,0.5129488706588745,-0.030259745195508003,29.42032241821289,7.255082607269287,1950.0032958984375,589.406494140625,942.3270874023438,0,21.105844497680664,cropland
1899,501605.0,2599025.0,0.6588498950004578,-0.11933758109807968,27.152156829833984,10.300548553466797,2235.766357421875,90.0,300.70654296875,0,23.868038177490234,vegetation
1900,500975.0,2597405.0,0.68352210521698,-0.19243410229682922,25.971370697021484,10.430086135864258,1522.18505859375,670.8203735351562,116.7393798828125,0,7.403944492340088,vegetation
1901,500615.0,2599925.0,0.5102489590644836,-0.024883436039090157,27.797748565673828,6.418332576751709,1566.0433349609375,1308.0137939453125,244.10768127441406,0,6.542811870574951,cropland
1902,500015.0,2597495.0,-0.24451954662799835,-0.3978486657142639,26.329416275024414,0.5,1743.5792236328125,0.0,0.0,1,96.45712280273438,water
1903,500765.0,2599055.0,0.5442276000976562,-0.049354471266269684,28.135433197021484,16.212177276611328,2057.0048828125,551.5432739257812,510.3996276855469,0,9.462172508239746,cropland
1904,502505.0,2597975.0,0.4346126317977905,0.0848221704363823,30.99024772644043,16.709552764892578,1934.1021728515625,465.7252502441406,2129.81884765625,0,30.93088722229004,built_up
1905,501515.0,2597495.0,0.5946271419525146,-0.09743434190750122,28.36622428894043,18.206605911254883,1595.013671875,1087.060302734375,404.7220458984375,0,12.369926452636719,vegetation
1906,502535.0,2597645.0,0.5085026025772095,-0.01047051977366209,28.798181533813477,15.231339454650879,1837.18017578125,785.1751098632812,550.3521728515625,0,5.07930850982666,cropland
1907,502535.0,2597075.0,0.6254726052284241,-0.2106282263994217,27.909679412841797,14.355565071105957,1699.8739013671875,1352.9967041015625,211.46067810058594,0,0.0,vegetation
1908,500315.0,2597135.0,-0.24548064172267914,-0.3984527587890625,24.574949264526367,0.5,1575.0062255859375,0.0,0.0,1,98.78506469726562,water
1909,502115.0,2598935.0,0.46655967831611633,0.047861527651548386,31.021432876586914,8.757699966430664,2083.680419921875,123.69316864013672,1593.9095458984375,1,65.32357025146484,built_up
1910,502385.0,2598935.0,0.5531837940216064,0.18416261672973633,31.072921752929688,9.412322044372559,1964.3858642578125,241.86773681640625,853.345458984375,1,24.27208137512207,built_up
1911,502835.0,2597855.0,0.3864370882511139,0.027371186763048172,30.553756713867188,15.278078079223633,1898.369140625,570.0,697.0426635742188,0,11.708502769470215,built_up
1912,501665.0,2599685.0,0.5858532190322876,-0.024449804797768593,28.382652282714844,12.083660125732422,1980.3585205078125,750.0,575.695068359375,1,67.65103912353516,vegetation
1913,502895.0,2599385.0,0.5179678797721863,0.04720016196370125,29.817813873291016,5.669352054595947,1845.8231201171875,872.0665283203125,633.949462890625,1,19.487680435180664,cropland
1914,502985.0,2599595.0,0.5277137160301208,0.027583975344896317,29.053268432617188,3.0946483612060547,1856.979736328125,1080.0,394.80328369140625,0,10.212714195251465,cropland
1915,501635.0,2598665.0,0.6182028651237488,-0.0631704330444336,28.615942001342773,13.549093246459961,2295.46484375,201.24612426757812,701.5050048828125,0,18.199825286865234,cropland
1916,500135.0,2597915.0,0.5832332968711853,-0.16278862953186035,29.257986068725586,0.5,1980.2369384765625,284.60498046875,281.3822326660156,0,73.73615264892578,vegetation
1917,500105.0,2599535.0,0.5752667188644409,-0.10927053540945053,27.77327537536621,6.922015190124512,1594.931396484375,872.0665283203125,155.49563598632812,0,3.6667401790618896,vegetation
1918,502865.0,2598665.0,0.43337345123291016,0.11557617038488388,30.481616973876953,13.287179946899414,1863.67138671875,174.92855834960938,1069.6153564453125,0,31.362503051757812,built_up
1919,501545.0,2597825.0,0.506996750831604,-0.06805846095085144,29.872467041015625,20.858078002929688,1858.0863037109375,823.7717895507812,335.9804992675781,0,3.0434346199035645,cropland
1920,502415.0,2598725.0,0.5177455544471741,0.20623797178268433,31.510581970214844,11.020461082458496,1975.6646728515625,84.85281372070312,951.508056640625,0,41.73295593261719,built_up
1921,501875.0,2599655.0,0.6316299438476562,-0.06122962757945061,28.553672790527344,10.45357608795166,1964.780517578125,725.6032104492188,515.4705810546875,1,46.113868713378906,vegetation
1922,500045.0,2597945.0,0.606019139289856,-0.17866526544094086,29.145265579223633,0.5270367860794067,2004.416748046875,300.0,343.74700927734375,1,81.43385314941406,vegetation
1923,501035.0,2599355.0,0.6300092339515686,-0.13855361938476562,27.574678421020508,13.988195419311523,1991.34814453125,600.0,468.8921203613281,0,8.901619911193848,water
1924,502085.0,2599445.0,0.5470473766326904,-0.04454571381211281,29.100311279296875,8.08483600616455,1974.797119140625,579.396240234375,428.8412170410156,0,32.1366081237793,cropland
1925,502115.0,2597495.0,0.6137543320655823,-0.040576059371232986,28.041505813598633,16.843555450439453,1725.6990966796875,1060.23583984375,560.8287353515625,0,1.9553190469741821,vegetation
1926,501005.0,2598185.0,0.6377509236335754,-0.10872071236371994,27.460277557373047,13.324551582336426,2092.279296875,241.86773681640625,283.5265197753906,0,20.311073303222656,vegetation
1927,500405.0,2598155.0,0.5978941321372986,-0.13407717645168304,28.953123092651367,7.700753211975098,2077.79443359375,240.0,194.74598693847656,0,86.04927062988281,vegetation
1928,502475.0,2599895.0,0.5516926050186157,-0.003704187460243702,29.141611099243164,4.563906669616699,1885.874267578125,1148.259521484375,775.5933227539062,0,15.386733055114746,cropland
1929,500825.0,2598635.0,0.6359831094741821,-0.15870152413845062,26.68816375732422,14.130245208740234,2205.593994140625,182.48287963867188,278.35455322265625,0,71.43640899658203,vegetation
1930,502475.0,2599205.0,0.47320884466171265,0.036526404321193695,30.353113174438477,7.5279860496521,1907.9869384765625,523.927490234375,674.9922485351562,1,31.166950225830078,cropland
1931,502865.0,2597495.0,0.53467857837677,-0.04246422275900841,29.565732955932617,15.627961158752441,1805.3695068359375,930.0,879.643310546875,0,10.925850868225098,cropland
1932,500165.0,2598665.0,0.7275962829589844,-0.1874096393585205,27.13902473449707,14.457022666931152,2159.705322265625,67.08203887939453,123.40107727050781,1,89.6181640625,vegetation
1933,502055.0,2597975.0,0.39909055829048157,0.247665137052536,31.0072021484375,21.22824478149414,1972.638671875,666.1080932617188,1388.2291259765625,0,36.9964485168457,built_up
1934,502115.0,2598515.0,0.3524037003517151,0.2907453775405884,31.716060638427734,15.46243953704834,2114.9521484375,189.73666381835938,2222.627197265625,1,65.87450408935547,built_up
1935,502115.0,2598095.0,0.3310015797615051,0.2146855592727661,31.871156692504883,20.661224365234375,2018.762451171875,534.1348266601562,2280.010986328125,1,45.965091705322266,built_up
1936,500135.0,2599055.0,0.7623466849327087,-0.126272514462471,27.975727081298828,15.691834449768066,1967.121337890625,400.2499084472656,140.1556854248047,1,8.5536470413208,vegetation
1937,502205.0,2597675.0,0.5427183508872986,-0.009117234498262405,28.542131423950195,17.799135208129883,1823.2554931640625,859.0692749023438,398.0614013671875,0,19.56405258178711,cropland
1938,502325.0,2599955.0,0.5164924263954163,-0.02706669457256794,29.33302879333496,6.553669452667236,1889.537841796875,1142.365966796875,1621.934326171875,0,26.87102508544922,cropland
1939,502475.0,2598215.0,0.2920132875442505,0.1859506517648697,31.956636428833008,16.805164337158203,1973.9537353515625,256.3200988769531,1749.46337890625,1,49.98780059814453,built_up
1940,502415.0,2598365.0,0.29895177483558655,0.22975625097751617,32.01725387573242,15.827044486999512,1995.5537109375,150.0,3628.85400390625,1,68.03717041015625,built_up
1941,500555.0,2598755.0,0.6425991058349609,-0.2049979865550995,27.488826751708984,16.40580940246582,2144.49169921875,301.49627685546875,442.2413024902344,1,68.9266586303711,vegetation
1942,501215.0,2597465.0,0.7442336082458496,-0.16358813643455505,26.08717155456543,15.004905700683594,1541.927001953125,917.823486328125,150.3854217529297,0,1.7871830463409424,vegetation
1943,501845.0,2599925.0,0.7164781093597412,0.00795163307338953,28.671550750732422,11.557849884033203,1928.8375244140625,991.8165283203125,1112.86083984375,0,57.25128936767578,cropland
1944,500375.0,2599295.0,0.5943008661270142,-0.07006444782018661,28.650806427001953,12.738396644592285,1802.00390625,711.1961669921875,176.40817260742188,0,7.4173102378845215,vegetation
1945,500015.0,2599025.0,0.7621610164642334,-0.1594751477241516,27.812393188476562,15.606339454650879,1991.515380859375,360.0,133.17999267578125,1,12.196150779724121,vegetation
1946,502175.0,2599205.0,0.4911354184150696,-0.03241844102740288,30.11661148071289,7.778295040130615,2002.64599609375,400.2499084472656,952.95849609375,0,29.34453773498535,cropland
1947,502535.0,2598365.0,0.3152523934841156,0.1809716373682022,31.546022415161133,14.909234046936035,1963.453369140625,94.86833190917969,3772.7705078125,1,63.642250061035156,built_up
1948,500135.0,2598995.0,0.7605499029159546,-0.16096539795398712,27.835636138916016,16.20897102355957,2008.3995361328125,342.0526123046875,138.23350524902344,1,22.828153610229492,vegetation
1949,502085.0,2597675.0,0.5085341930389404,0.005057912785559893,28.871074676513672,18.924455642700195,1811.404052734375,912.4143676757812,450.7012634277344,0,17.781360626220703,cropland
1950,501995.0,2597585.0,0.5361072421073914,-0.021936748176813126,28.791181564331055,18.700302124023438,1749.3521728515625,1033.1505126953125,555.9713134765625,0,11.026135444641113,cropland
1951,502685.0,2599745.0,0.5985928177833557,0.16353850066661835,28.787410736083984,2.594774007797241,1879.0472412109375,1100.227294921875,266.2369689941406,0,9.404253959655762,cropland
1952,502175.0,2598605.0,0.3951597213745117,0.19381247460842133,31.598331451416016,13.035826683044434,2089.740234375,84.85281372070312,1900.9066162109375,0,75.157470703125,built_up
1953,502865.0,2597825.0,0.4047369062900543,-0.010423886589705944,30.466259002685547,15.254542350769043,1891.5277099609375,600.0,636.4004516601562,0,8.868452072143555,built_up
1954,500375.0,2597495.0,0.6054312586784363,-0.18329542875289917,28.670902252197266,0.5,1696.7415771484375,134.16407775878906,196.0443878173828,0,65.15990447998047,vegetation
1955,500945.0,2599565.0,0.5378992557525635,-0.010879646055400372,28.09246063232422,11.84044075012207,1847.30615234375,823.7717895507812,595.8762817382812,0,12.344775199890137,cropland
1956,502535.0,2598665.0,0.4893225431442261,0.14850379526615143,31.536773681640625,12.105077743530273,1938.2425537109375,108.16654205322266,1280.3321533203125,0,39.13093185424805,built_up
1957,502355.0,2598755.0,0.4962518811225891,0.20485056936740875,31.48198890686035,10.591514587402344,1997.50390625,84.85281372070312,996.7705078125,0,55.4126091003418,built_up
1958,502265.0,2597135.0,0.7291969060897827,-0.2031756341457367,27.68143081665039,13.740900993347168,1652.416015625,1339.2908935546875,302.68609619140625,0,1.9836314916610718,vegetation
1959,501365.0,2599745.0,0.5433840751647949,-0.019378678873181343,28.774547576904297,12.842183113098145,1946.171142578125,823.7717895507812,468.4156188964844,1,47.43876647949219,cropland
1960,502265.0,2598995.0,0.526607871055603,0.07638808339834213,30.84784698486328,8.713666915893555,2005.859619140625,241.86773681640625,1236.7252197265625,1,31.878427505493164,built_up
1961,502625.0,2597195.0,0.6144822835922241,-0.12219517678022385,27.7710018157959,14.973225593566895,1724.4219970703125,1230.0,210.89926147460938,0,2.112122058868408,built_up
1962,500975.0,2599085.0,0.6554903984069824,-0.1901257485151291,27.229448318481445,15.497828483581543,2111.123779296875,424.2640686035156,256.8772277832031,0,5.30070161819458,vegetation
1963,500915.0,2597315.0,0.6535248756408691,-0.17986704409122467,25.954500198364258,8.408219337463379,1489.1473388671875,600.74951171875,103.4820785522461,0,7.912714004516602,vegetation
1964,501065.0,2597795.0,0.8255113959312439,-0.14796684682369232,26.97102928161621,14.86933708190918,1794.60302734375,626.4183959960938,175.51806640625,0,1.4894436597824097,vegetation
1965,500885.0,2599235.0,0.5818857550621033,-0.0678061917424202,28.110517501831055,14.891761779785156,1996.691650390625,595.4829711914062,486.4779357910156,0,0.4213748276233673,vegetation
1966,501755.0,2597015.0,0.6573841571807861,0.05789750814437866,27.54703140258789,15.73470687866211,1486.5697021484375,1410.0,1116.4576416015625,0,13.030242919921875,cropland
1967,501725.0,2598785.0,0.6412039995193481,-0.05944112315773964,28.782621383666992,10.950179100036621,2267.935791015625,60.0,970.6991577148438,1,52.850467681884766,cropland
1968,500975.0,2598335.0,0.6207011938095093,-0.039459217339754105,27.075037002563477,12.070789337158203,2169.59326171875,94.86833190917969,305.43603515625,0,60.7941780090332,vegetation
1969,501695.0,2598815.0,0.6621523499488831,-0.09778658300638199,28.406322479248047,10.522128105163574,2271.822265625,42.42640686035156,839.8699951171875,0,50.23291778564453,cropland
1970,500645.0,2599595.0,0.5966507196426392,-0.07248448580503464,27.793766021728516,9.379941940307617,1687.1781005859375,1026.1578369140625,430.0028991699219,0,2.6519100666046143,vegetation
1971,501815.0,2599625.0,0.6105472445487976,-0.05872892588376999,28.396404266357422,10.800771713256836,1980.6854248046875,690.65185546875,478.70599365234375,1,52.54950714111328,vegetation
1972,502865.0,2598035.0,0.3784613013267517,0.11845201998949051,30.477108001708984,15.763605117797852,1921.228759765625,390.0,1060.9903564453125,0,10.743664741516113,built_up
1973,502535.0,2599025.0,0.4931495785713196,0.09602739661931992,31.07955551147461,9.1123685836792,1903.331787109375,402.49224853515625,517.5305786132812,0,22.066627502441406,built_up
1974,500195.0,2599205.0,0.7192407846450806,-0.06102832406759262,28.250682830810547,13.729731559753418,1854.1689453125,560.4462280273438,153.50965881347656,0,0.027552185580134392,vegetation
1975,500945.0,2598635.0,0.6889519691467285,-0.17033955454826355,25.96579933166504,13.339415550231934,2230.677001953125,127.27922058105469,226.41941833496094,0,55.55106735229492,vegetation
1976,500735.0,2599325.0,0.5473193526268005,-0.023025352507829666,28.54138946533203,13.637798309326172,1883.3878173828125,763.6753540039062,674.1307983398438,0,4.884181022644043,cropland
1977,502355.0,2598875.0,0.5349975824356079,0.20732927322387695,31.217477798461914,9.746112823486328,1983.882568359375,174.92855834960938,942.177490234375,1,35.23568344116211,built_up
1978,502745.0,2599415.0,0.512061595916748,0.07588807493448257,29.820531845092773,5.326065540313721,1860.6551513671875,840.5355224609375,596.1533813476562,0,23.314769744873047,cropland
1979,500075.0,2599355.0,0.6576098203659058,-0.11782011389732361,28.062088012695312,10.404303550720215,1731.238525390625,690.65185546875,285.811279296875,0,0.0,vegetation
1980,500615.0,2597855.0,0.6471114754676819,-0.079007089138031,28.78511619567871,6.427648544311523,1876.836669921875,510.0,261.5082702636719,1,19.37023162841797,vegetation
1981,501665.0,2598665.0,0.6012585163116455,-0.03183411434292793,28.86410140991211,13.49189567565918,2289.385009765625,189.73666381835938,784.0398559570312,0,29.888553619384766,cropland
1982,502535.0,2597015.0,0.6264457702636719,-0.21687281131744385,27.930679321289062,14.34842586517334,1697.6903076171875,1412.869384765625,200.04083251953125,0,0.0,vegetation
1983,501305.0,2598815.0,0.6634309887886047,-0.21930567920207977,26.5489559173584,11.689962387084961,2290.909423828125,30.0,346.468994140625,0,37.01983642578125,vegetation
1984,501185.0,2599325.0,0.6420990228652954,-0.1878616213798523,26.89075469970703,13.993263244628906,2061.4599609375,496.5883483886719,279.23614501953125,0,1.4920172691345215,vegetation
1985,501785.0,2597705.0,0.47852638363838196,0.02590448595583439,29.86423683166504,20.878314971923828,1793.3372802734375,1044.844482421875,541.736572265625,0,16.810256958007812,cropland
1986,501125.0,2597675.0,0.7551557421684265,-0.1798551082611084,26.906946182250977,15.337870597839355,1695.9185791015625,758.9466552734375,189.83706665039062,0,2.3184139728546143,vegetation
1987,501485.0,2597765.0,0.5136682391166687,-0.10419892519712448,29.521528244018555,20.128067016601562,1800.2421875,840.5355224609375,332.1347961425781,0,3.2127957344055176,cropland
1988,501725.0,2597945.0,0.48011910915374756,0.11953981220722198,30.54230499267578,22.115467071533203,1966.5506591796875,848.5281372070312,643.2605590820312,0,8.943248748779297,water
1989,500165.0,2599445.0,0.6039023399353027,-0.13266758620738983,27.996715545654297,8.925946235656738,1662.92138671875,789.1767578125,181.6094970703125,1,0.34619128704071045,vegetation
1990,500375.0,2597465.0,0.599334180355072,-0.1994626373052597,28.5999698638916,0.5,1681.0914306640625,123.69316864013672,195.3091278076172,1,65.76560974121094,vegetation
1991,501305.0,2598155.0,0.5919889211654663,-0.07259996980428696,28.033138275146484,17.143810272216797,2104.77685546875,416.7733154296875,330.8684387207031,0,4.216426372528076,vegetation
1992,502025.0,2597105.0,0.5708189010620117,-0.07558070123195648,28.403404235839844,14.686638832092285,1581.9326171875,1449.965576171875,737.396728515625,0,0.9166967272758484,cropland
1993,502925.0,2597765.0,0.458524614572525,-0.0785723403096199,30.271591186523438,15.31544303894043,1876.575927734375,660.6814575195312,620.4165649414062,0,12.480573654174805,cropland
1994,501305.0,2597615.0,0.640079915523529,-0.13443095982074738,27.668716430664062,17.41448974609375,1655.330078125,885.889404296875,282.4132080078125,0,11.692331314086914,vegetation
1995,500795.0,2598845.0,0.5374124646186829,-0.13922345638275146,27.250926971435547,16.094005584716797,2159.0302734375,381.8376770019531,424.5875244140625,1,28.55771827697754,cropland
1996,500465.0,2599925.0,0.5867235064506531,-0.15419290959835052,27.03219985961914,5.006446838378906,1500.2647705078125,1328.1566162109375,272.1664733886719,0,0.0,vegetation
1997,500195.0,2597345.0,-0.26420044898986816,-0.44207966327667236,25.6893310546875,0.5,1655.54833984375,0.0,0.0,1,96.86742401123047,water
1998,501605.0,2598275.0,0.48059260845184326,0.06310156732797623,30.288862228393555,19.19438934326172,2189.429443359375,530.754150390625,1414.9942626953125,0,2.073265790939331,built_up
1999,502385.0,2599025.0,0.5298330783843994,0.1128913015127182,30.857046127319336,8.741250991821289,1953.7279052734375,323.1098937988281,835.7601928710938,1,31.293880462646484,built_up
2000,502805.0,2597585.0,0.5522679090499878,-0.013384220190346241,29.599523544311523,15.187694549560547,1830.26416015625,840.0,789.2311401367188,0,4.92411470413208,cropland
2001,501185.0,2599085.0,0.7032926082611084,-0.2128874510526657,26.476938247680664,14.357762336730957,2177.8330078125,296.98486328125,231.42225646972656,0,3.050269842147827,vegetation
2002,501215.0,2598575.0,0.6296770572662354,-0.14263877272605896,26.16789436340332,12.062232971191406,2282.402587890625,42.42640686035156,257.07208251953125,1,47.993804931640625,vegetation
2003,502325.0,2598755.0,0.4764484763145447,0.1935274600982666,31.492904663085938,10.395463943481445,2010.5948486328125,67.08203887939453,1082.909423828125,1,60.678165435791016,built_up
2004,502595.0,2598605.0,0.4464559853076935,0.11362592875957489,31.382667541503906,12.636053085327148,1926.77490234375,84.85281372070312,2144.52392578125,0,45.6808967590332,built_up
2005,502985.0,2598095.0,0.4569222927093506,0.08250647038221359,29.921642303466797,16.166704177856445,1917.1796875,342.0526123046875,1409.2406005859375,1,13.787955284118652,vegetation
2006,500615.0,2597315.0,0.6701415777206421,-0.2390434443950653,27.106294631958008,1.2936134338378906,1559.1705322265625,301.49627685546875,85.37904357910156,0,27.747249603271484,vegetation
2007,502415.0,2598575.0,-0.20731540024280548,-0.3711797595024109,28.04100799560547,11.898514747619629,1988.9114990234375,0.0,0.0,0,83.24372100830078,water
2008,501125.0,2599445.0,0.629774272441864,-0.18254715204238892,27.436508178710938,13.43635082244873,1982.0125732421875,630.7138671875,397.4410705566406,0,5.232822418212891,vegetation
2009,500885.0,2597525.0,0.709877073764801,-0.20575730502605438,26.616615295410156,9.600788116455078,1607.0093994140625,618.4658203125,147.16407775878906,0,4.665082931518555,vegetation
2010,501575.0,2598365.0,0.5653481483459473,0.01900126039981842,29.601531982421875,17.769861221313477,2235.4755859375,445.9820556640625,821.28955078125,0,8.724832534790039,built_up
2011,501035.0,2597135.0,0.568202793598175,-0.17426617443561554,25.45130157470703,9.543805122375488,1412.188232421875,695.8447875976562,116.34370422363281,0,5.8050665855407715,vegetation
2012,501965.0,2599775.0,0.6787188649177551,-0.057330172508955,28.77181625366211,10.166423797607422,1930.6207275390625,859.0692749023438,771.6531982421875,1,39.912471771240234,cropland
2013,502865.0,2598365.0,0.4915747046470642,0.2478993535041809,29.83223533630371,14.45011043548584,1907.998779296875,60.0,3271.6357421875,1,37.73794937133789,built_up
2014,502925.0,2597525.0,0.5564044713973999,-0.08833426237106323,29.723594665527344,15.744462966918945,1812.9434814453125,900.4998779296875,1047.1251220703125,0,8.719887733459473,cropland
2015,502265.0,2598005.0,0.4015623927116394,0.09337508678436279,31.30182456970215,19.16834831237793,1963.790771484375,536.6563110351562,1577.977294921875,0,31.565401077270508,built_up
2016,501125.0,2597315.0,0.6429754495620728,-0.19499735534191132,25.544031143188477,12.301527976989746,1461.1468505859375,810.5553588867188,94.12517547607422,0,11.980605125427246,vegetation
2017,501665.0,2597195.0,0.6973944902420044,0.03061036393046379,27.416845321655273,16.287137985229492,1485.477783203125,1328.495361328125,467.4161376953125,1,9.01809024810791,cropland
2018,502835.0,2599055.0,0.5223228931427002,0.004658883903175592,30.398067474365234,9.610033988952637,1838.073486328125,553.1726684570312,494.0633850097656,0,25.766984939575195,built_up
2019,502925.0,2598335.0,0.5094850659370422,0.22581233084201813,29.652597427368164,15.04037857055664,1906.489501953125,94.86833190917969,3189.38720703125,0,29.28312873840332,built_up
2020,500825.0,2597765.0,0.7421289086341858,-0.1441870927810669,27.579442977905273,10.120606422424316,1784.7259521484375,600.74951171875,145.4476776123047,0,5.686687469482422,vegetation
2021,502445.0,2599415.0,0.442833811044693,0.07614059746265411,29.790435791015625,6.283029079437256,1901.65673828125,697.7822265625,808.2526245117188,0,32.794368743896484,cropland
2022,502205.0,2599865.0,0.5800032019615173,0.025673696771264076,29.213607788085938,7.9661478996276855,1898.439208984375,1015.1354370117188,1124.0555419921875,0,30.598915100097656,cropland
2023,500615.0,2598125.0,0.5937432050704956,-0.10552745312452316,29.146270751953125,9.210915565490723,2046.9219970703125,240.0,271.00213623046875,1,64.33160400390625,vegetation
2024,501245.0,2598845.0,0.6766588091850281,-0.24409237504005432,26.37384605407715,12.419196128845215,2274.895751953125,67.08203887939453,318.39666748046875,1,26.623607635498047,vegetation
2025,500735.0,2599835.0,0.506808340549469,0.02242111973464489,28.093345642089844,7.95558500289917,1643.29345703125,1164.9892578125,228.80531311035156,0,10.786343574523926,cropland
2026,501065.0,2598125.0,0.6746084690093994,-0.12881609797477722,27.322345733642578,14.35549259185791,2057.972900390625,323.1098937988281,262.8866882324219,0,0.15742705762386322,vegetation
2027,502865.0,2599745.0,0.5973435640335083,0.07959159463644028,28.315767288208008,1.4877777099609375,1872.3798828125,1183.385009765625,299.9292907714844,0,2.690138578414917,cropland
2028,502505.0,2598455.0,0.3793295919895172,0.15578480064868927,31.515541076660156,13.53836727142334,1966.8935546875,30.0,4659.58642578125,1,72.2584457397461,built_up
2029,500075.0,2598875.0,0.7846189141273499,-0.18657712638378143,27.307880401611328,16.259780883789062,2081.743408203125,212.1320343017578,114.75765991210938,0,36.327999114990234,vegetation
2030,502235.0,2598905.0,0.49133098125457764,0.1195177361369133,31.126949310302734,9.18506908416748,2032.947021484375,150.0,1413.39013671875,1,53.662681579589844,built_up
2031,500225.0,2598335.0,0.6726523637771606,-0.1819470077753067,28.006338119506836,9.608455657958984,2154.624267578125,108.16654205322266,112.75469970703125,1,94.00221252441406,vegetation
2032,501425.0,2598545.0,0.6508604884147644,-0.14472153782844543,27.507247924804688,14.261675834655762,2298.5263671875,212.1320343017578,271.4573669433594,1,10.344148635864258,vegetation
2033,502145.0,2599535.0,0.5359863042831421,-0.05322093889117241,29.164939880371094,7.866028785705566,1943.340087890625,685.4195556640625,502.07464599609375,0,27.139089584350586,cropland
2034,501635.0,2597975.0,0.4733198881149292,0.05807599052786827,30.449378967285156,21.661495208740234,1986.9373779296875,763.6753540039062,618.757080078125,0,3.9382495880126953,cropland
2035,501395.0,2599835.0,0.525070309638977,0.02678166702389717,29.15474510192871,12.894896507263184,1934.3929443359375,907.9647827148438,504.0240173339844,0,63.108489990234375,built_up
2036,500795.0,2599475.0,0.5658363103866577,-0.024277029559016228,28.15424156188965,11.95373249053955,1819.7608642578125,840.5355224609375,766.947998046875,0,7.279865741729736,cropland
2037,502805.0,2599895.0,0.5696815848350525,0.0787486657500267,28.138381958007812,0.8736337423324585,1879.749755859375,1288.254638671875,295.43798828125,0,0.0,cropland
2038,500015.0,2597345.0,-0.16377270221710205,-0.40845417976379395,26.301895141601562,0.5,1672.6207275390625,0.0,0.0,1,100.0,water
2039,501215.0,2599265.0,0.6519352793693542,-0.16678152978420258,26.635751724243164,14.06961727142334,2100.11279296875,429.5346374511719,233.516845703125,0,4.838935375213623,vegetation
2040,501305.0,2597375.0,0.7460706830024719,-0.17986449599266052,25.908266067504883,15.287973403930664,1492.2294921875,994.08251953125,152.6282196044922,0,6.157942295074463,vegetation
2041,502685.0,2599805.0,0.5861148834228516,0.1567109376192093,28.67466926574707,2.2657389640808105,1880.676513671875,1154.123046875,267.2331237792969,0,11.211471557617188,cropland
2042,501905.0,2597495.0,0.5749832987785339,0.016933375969529152,28.791770935058594,18.276897430419922,1681.623779296875,1154.123046875,636.601318359375,1,10.198420524597168,cropland
2043,501725.0,2598335.0,0.42108842730522156,0.10181447863578796,30.869741439819336,19.141416549682617,2202.69775390625,494.7726745605469,1961.4742431640625,0,9.490862846374512,built_up
2044,501335.0,2598905.0,0.6620043516159058,-0.1663626879453659,26.60169792175293,12.023296356201172,2274.2197265625,67.08203887939453,328.8255615234375,0,25.75326156616211,vegetation
2045,500645.0,2598725.0,0.6008414626121521,-0.17069661617279053,27.39578628540039,15.92892074584961,2163.3798828125,295.4657287597656,474.0361022949219,0,66.79622650146484,built_up
2046,500765.0,2598785.0,0.5455567836761475,-0.1356336623430252,27.197065353393555,15.906837463378906,2170.1806640625,342.0526123046875,415.7410583496094,0,44.75574493408203,cropland
2047,502565.0,2597705.0,0.4877157211303711,0.013439619913697243,29.292644500732422,15.324234962463379,1858.3587646484375,722.4956665039062,785.3569946289062,1,9.564241409301758,cropland
2048,501095.0,2597765.0,0.7974795699119568,-0.15788309276103973,27.013158798217773,15.272274017333984,1769.735595703125,664.0783081054688,184.1457061767578,0,4.120951175689697,built_up
2049,501275.0,2598935.0,0.6773434281349182,-0.19592782855033875,26.46722984313965,12.94113826751709,2256.04931640625,127.27922058105469,301.21209716796875,1,11.408124923706055,built_up
2050,501035.0,2597825.0,0.8419328331947327,-0.1340688019990921,26.981067657470703,14.437973976135254,1819.49169921875,589.406494140625,169.8480224609375,0,2.089694023132324,vegetation
2051,501995.0,2599295.0,0.601201057434082,-0.025952039286494255,29.088947296142578,8.378068923950195,2039.9268798828125,408.04412841796875,405.4972839355469,0,21.765766143798828,cropland
2052,500045.0,2598875.0,0.7868601083755493,-0.1856665462255478,27.28327178955078,16.162643432617188,2082.91162109375,210.0,112.06768798828125,0,39.823387145996094,vegetation
2053,500045.0,2598665.0,-0.19348889589309692,-0.4166327118873596,23.55236053466797,13.230711936950684,2164.76025390625,0.0,0.0,1,100.0,water
2054,500735.0,2598275.0,0.6030091047286987,-0.128590926527977,28.625442504882812,10.67529582977295,2120.335693359375,90.0,410.8623046875,1,87.09042358398438,vegetation
2055,502145.0,2599715.0,0.5712432861328125,-0.0750093013048172,29.21192741394043,8.305630683898926,1916.2572021484375,853.81494140625,663.713623046875,1,34.57472610473633,cropland
2056,500075.0,2598125.0,0.7354386448860168,-0.21285118162631989,28.236743927001953,5.091200828552246,2093.351806640625,362.49139404296875,250.3466339111328,1,80.11552429199219,vegetation
2057,502145.0,2597495.0,0.621385395526886,-0.04233888164162636,27.93445587158203,16.613422393798828,1731.3427734375,1046.5657958984375,538.5208129882812,0,11.671533584594727,vegetation
2058,501875.0,2599355.0,0.5947352051734924,-0.0459442101418972,28.420320510864258,9.273788452148438,2054.09619140625,429.5346374511719,341.76739501953125,0,22.362096786499023,vegetation
2059,500285.0,2597045.0,-0.22008514404296875,-0.3831150233745575,24.81648826599121,0.5,1569.5989990234375,0.0,0.0,1,100.0,water
2060,502685.0,2597945.0,0.3983798027038574,0.12339365482330322,30.8064022064209,15.669398307800293,1919.1920166015625,480.0,1309.5743408203125,0,18.293787002563477,built_up
2061,502295.0,2599025.0,0.5251927375793457,0.07346926629543304,30.786043167114258,8.580294609069824,1988.796875,283.0194396972656,1102.243896484375,0,30.894580841064453,built_up
2062,502925.0,2597435.0,0.5154638886451721,-0.07790568470954895,29.52585792541504,16.101831436157227,1788.7259521484375,990.4544677734375,1000.6891479492188,1,10.914834976196289,cropland
2063,502685.0,2597675.0,0.5085192918777466,0.01747937686741352,29.56204605102539,15.010579109191895,1853.58984375,750.0,764.6845092773438,0,5.892185211181641,cropland
2064,501305.0,2599055.0,0.6795067191123962,-0.15441958606243134,26.37360954284668,13.265392303466797,2217.55859375,201.24612426757812,222.57839965820312,0,5.771909713745117,water
2065,500525.0,2599655.0,0.647018313407898,-0.15418803691864014,27.36536407470703,7.667295455932617,1607.516845703125,1100.227294921875,227.3238983154297,0,0.0,vegetation
2066,500165.0,2597855.0,0.5539727210998535,-0.13895592093467712,29.43244743347168,0.5,1942.024658203125,241.86773681640625,235.82643127441406,1,72.29586029052734,vegetation
2067,502355.0,2597135.0,0.7016688585281372,-0.24294431507587433,27.704317092895508,13.706877708435059,1672.7406005859375,1317.9530029296875,275.12408447265625,0,0.4992462694644928,vegetation
2068,502805.0,2599535.0,0.5063475966453552,0.037486400455236435,29.502290725708008,3.817660093307495,1862.8397216796875,973.4988403320312,503.8074645996094,0,14.484795570373535,cropland
2069,502595.0,2599775.0,0.6004855036735535,0.16161248087882996,28.940248489379883,3.3509860038757324,1882.5902099609375,1087.060302734375,297.61871337890625,0,15.039762496948242,cropland
2070,501245.0,2597765.0,0.6380613446235657,-0.12509998679161072,27.931930541992188,17.49825668334961,1775.6177978515625,724.9827880859375,251.76893615722656,0,8.991747856140137,vegetation
2071,502955.0,2597345.0,0.503212571144104,-0.0953795462846756,29.131853103637695,16.61709213256836,1766.146240234375,1081.6654052734375,888.8951416015625,0,14.516042709350586,water
2072,500885.0,2598755.0,0.6138514876365662,-0.17947447299957275,26.47702980041504,14.958745956420898,2204.744140625,254.55844116210938,296.810791015625,0,42.34006881713867,vegetation
2073,502835.0,2598035.0,0.37423741817474365,0.13219864666461945,30.564865112304688,15.738887786865234,1922.8675537109375,390.0,1061.63232421875,0,16.348913192749023,built_up
2074,502415.0,2597525.0,0.600241482257843,-0.09458364546298981,27.773759841918945,15.165620803833008,1784.2725830078125,924.17529296875,352.00286865234375,0,2.5041863918304443,cropland
2075,502085.0,2599025.0,0.4838925004005432,0.0075994934886693954,30.7274112701416,8.481749534606934,2078.81884765625,201.24612426757812,1291.10986328125,0,48.62284851074219,built_up
2076,500255.0,2597345.0,-0.15203134715557098,-0.39092499017715454,25.367145538330078,0.5,1646.9227294921875,0.0,0.0,1,92.80287170410156,water
2077,500315.0,2597975.0,0.6349416971206665,-0.16333676874637604,28.992319107055664,3.449275493621826,1994.13232421875,416.7733154296875,264.05279541015625,1,63.477935791015625,vegetation
2078,502115.0,2599775.0,0.6181751489639282,-0.04172515869140625,29.085006713867188,8.752662658691406,1913.0316162109375,902.4965209960938,772.7571411132812,1,32.87803268432617,cropland
2079,501725.0,2599895.0,0.651629626750946,0.041405897587537766,28.778623580932617,12.327269554138184,1940.8824462890625,960.0,980.9701538085938,1,73.88277435302734,cropland
2080,501095.0,2599625.0,0.5482897162437439,-0.100073903799057,28.1865291595459,12.214828491210938,1893.259521484375,804.9844970703125,314.58038330078125,0,15.86752700805664,cropland
2081,501125.0,2598755.0,0.7081910371780396,-0.2570410668849945,25.847251892089844,12.873723030090332,2265.06005859375,84.85281372070312,260.2405090332031,0,26.22142791748047,vegetation
2082,502625.0,2598785.0,0.4319099187850952,0.08013741672039032,31.72024154663086,11.687830924987793,1897.6636962890625,254.55844116210938,656.4129638671875,0,25.41537857055664,built_up
2083,500375.0,2598545.0,0.6641291379928589,-0.26330921053886414,27.66146469116211,13.134521484375,2170.42529296875,60.0,205.07199096679688,1,92.62747192382812,vegetation
2084,501695.0,2599265.0,0.5793742537498474,-0.05939299240708351,27.42487907409668,10.48493766784668,2127.57080078125,330.0,378.93304443359375,0,21.863542556762695,vegetation
2085,501515.0,2598035.0,0.4672182500362396,0.018842272460460663,29.998071670532227,20.455354690551758,2028.890625,637.8087768554688,640.8204956054688,0,8.18609619140625,cropland
2086,502235.0,2598845.0,0.4527927041053772,0.14878720045089722,31.3310489654541,9.471619606018066,2041.3314208984375,94.86833190917969,1381.4930419921875,0,64.05866241455078,built_up
2087,500165.0,2597105.0,-0.22216551005840302,-0.3820264935493469,26.01009178161621,0.5,1592.2418212890625,0.0,0.0,1,98.74635314941406,water
2088,501155.0,2598335.0,0.5806847214698792,-0.008464536629617214,26.79006004333496,13.822933197021484,2196.358154296875,189.73666381835938,355.3159484863281,0,22.8980712890625,vegetation
2089,500525.0,2597135.0,0.6797322630882263,-0.24237079918384552,26.99689483642578,0.5,1530.902099609375,201.24612426757812,72.04017639160156,0,51.680511474609375,vegetation
2090,500675.0,2597735.0,0.6573473811149597,-0.11835169047117233,28.28533172607422,6.489132881164551,1784.687255859375,510.0,198.81822204589844,0,7.41676139831543,vegetation
2091,500525.0,2599625.0,0.6477351784706116,-0.14732146263122559,27.43902587890625,8.053566932678223,1622.5240478515625,1073.3126220703125,236.1920623779297,0,1.4067165851593018,vegetation
2092,501245.0,2597345.0,0.7135077714920044,-0.19227509200572968,25.63019371032715,14.291781425476074,1473.358154296875,931.9334716796875,120.96825408935547,0,1.3729368448257446,vegetation
2093,500345.0,2597765.0,0.6362528800964355,-0.08365415036678314,29.07752227783203,0.5,1862.5306396484375,276.5863342285156,214.24148559570312,0,50.8819465637207,vegetation
2094,501515.0,2598635.0,0.661831796169281,-0.1405509114265442,27.82170867919922,13.663990020751953,2309.075927734375,189.73666381835938,421.1098327636719,0,9.344881057739258,vegetation
2095,500495.0,2599025.0,0.6021634936332703,-0.1116691306233406,28.58136749267578,16.626285552978516,2011.9102783203125,550.726806640625,437.01971435546875,1,15.599366188049316,vegetation
2096,500225.0,2599775.0,0.6950777769088745,-0.22342565655708313,26.42470932006836,4.084049701690674,1473.7200927734375,1124.4998779296875,114.05419158935547,0,2.0925533771514893,built_up
2097,500915.0,2597975.0,0.746979832649231,-0.0904606357216835,27.739017486572266,12.617300987243652,1939.6436767578125,408.04412841796875,196.60626220703125,0,3.5212578773498535,vegetation
2098,502115.0,2597885.0,0.45374929904937744,0.17505203187465668,30.248388290405273,20.336164474487305,1923.6728515625,711.1961669921875,857.605712890625,1,25.14952850341797,cropland
2099,502745.0,2599055.0,0.5009363889694214,0.03137678653001785,30.678993225097656,9.375731468200684,1852.0845947265625,540.8327026367188,413.57757568359375,0,26.21678924560547,built_up
2100,501365.0,2597555.0,0.6466866135597229,-0.12276189774274826,27.649927139282227,17.5703067779541,1615.099365234375,966.0745239257812,314.16302490234375,0,9.018718719482422,vegetation
2101,500525.0,2597315.0,0.6431856155395508,-0.23027805984020233,27.493419647216797,0.5,1581.1290283203125,212.1320343017578,105.90445709228516,1,49.78676986694336,vegetation
2102,502655.0,2599025.0,0.4734991192817688,0.04635511711239815,31.049345016479492,9.442106246948242,1871.4915771484375,468.614990234375,402.6309509277344,0,22.846921920776367,cropland
2103,500075.0,2598485.0,0.6424306631088257,-0.184528186917305,27.571575164794922,11.607096672058105,2182.7265625,60.0,138.38851928710938,1,98.52623748779297,vegetation
2104,502415.0,2597885.0,0.46951621770858765,0.036304622888565063,30.27810287475586,17.151613235473633,1914.0430908203125,579.396240234375,1745.64013671875,0,27.249649047851562,cropland
2105,502055.0,2598725.0,0.4165661036968231,0.17721770703792572,31.210947036743164,10.6581392288208,2141.2998046875,30.0,1576.634033203125,1,78.09220123291016,built_up
2106,500615.0,2599895.0,0.5247067809104919,-0.03122899681329727,27.74860954284668,6.5152812004089355,1569.917724609375,1284.0560302734375,243.62017822265625,0,0.611153781414032,cropland
2107,501185.0,2599745.0,0.5078403949737549,-0.029807794839143753,28.818979263305664,12.160514831542969,1893.0904541015625,874.6427612304688,256.5256042480469,1,24.306230545043945,cropland
2108,502115.0,2599415.0,0.5385056138038635,-0.04187711328268051,29.20307159423828,7.857548713684082,1974.3011474609375,563.6488037109375,515.3222045898438,0,28.19263458251953,cropland
2109,500165.0,2598515.0,-0.2065296471118927,-0.406307190656662,23.980167388916016,11.527533531188965,2178.251220703125,0.0,0.0,1,93.63780975341797,water
2110,500885.0,2599265.0,0.5798341631889343,-0.06364736706018448,28.14424705505371,14.630950927734375,1979.4130859375,618.4658203125,536.9327392578125,0,9.173076629638672,vegetation
2111,502295.0,2597165.0,0.7103521227836609,-0.20153029263019562,27.6675968170166,13.78305721282959,1663.714599609375,1302.49755859375,309.066650390625,0,0.26668688654899597,vegetation
2112,502565.0,2599175.0,0.49800023436546326,0.038517922163009644,30.4405517578125,7.819655895233154,1887.096435546875,540.8327026367188,502.9768981933594,0,33.27293395996094,water
2113,501875.0,2597285.0,0.6385332345962524,0.008494794368743896,28.2264461517334,16.454635620117188,1577.945556640625,1355.3228759765625,737.9048461914062,0,4.962512016296387,cropland
2114,500045.0,2599565.0,0.5729705095291138,-0.10931780189275742,27.672697067260742,6.129265785217285,1574.2596435546875,900.0,151.23182678222656,0,1.2190395593643188,vegetation
2115,502085.0,2599355.0,0.5503289103507996,-0.04470297321677208,29.26678466796875,7.958779811859131,1996.60009765625,496.5883483886719,502.4764099121094,0,26.5838623046875,cropland
2116,500555.0,2597075.0,0.6704554557800293,-0.2504671812057495,26.879840850830078,0.5,1515.43408203125,212.1320343017578,59.20530319213867,0,51.726261138916016,vegetation
2117,502025.0,2597255.0,0.5997114777565002,-0.016772301867604256,28.306720733642578,15.39984130859375,1612.6849365234375,1314.87646484375,934.1375732421875,0,6.855460166931152,cropland
2118,502175.0,2599625.0,0.5307590961456299,-0.08094361424446106,29.27231788635254,7.820822238922119,1923.9346923828125,780.0,565.5708618164062,0,33.117618560791016,cropland
2119,501905.0,2599025.0,0.5716947913169861,0.04918432608246803,29.77361297607422,8.652128219604492,2153.731201171875,123.69316864013672,868.9979858398438,0,47.98306655883789,cropland
2120,501965.0,2599715.0,0.6560813784599304,-0.07600440829992294,28.763818740844727,9.946783065795898,1939.8848876953125,800.4998168945312,617.8489990234375,0,48.74893569946289,cropland
2121,502445.0,2597825.0,0.48026517033576965,0.02329082041978836,29.819799423217773,16.58880615234375,1894.2579345703125,626.4183959960938,1408.878173828125,0,24.43436622619629,cropland
2122,501575.0,2599955.0,0.5933976769447327,0.031388647854328156,29.03666877746582,12.989265441894531,1940.6549072265625,1020.0,688.1338500976562,1,72.2295913696289,cropland
2123,502655.0,2599745.0,0.6015790104866028,0.17367962002754211,28.85699462890625,2.8728933334350586,1880.08251953125,1087.060302734375,267.6582336425781,0,12.181395530700684,cropland
2124,501845.0,2599565.0,0.6045182943344116,-0.07894237339496613,28.35872459411621,10.297643661499023,1992.6761474609375,632.8507080078125,391.78125,1,45.406246185302734,vegetation
2125,501785.0,2598665.0,0.537588894367218,0.10928930342197418,29.802764892578125,13.293089866638184,2256.40478515625,161.55494689941406,1152.254638671875,1,37.072303771972656,built_up
2126,500735.0,2597645.0,0.6759554147720337,-0.15569978952407837,27.712461471557617,7.091152191162109,1712.3763427734375,523.927490234375,151.4578094482422,0,6.695347785949707,vegetation
2127,501845.0,2597405.0,0.6072000861167908,0.04957947880029678,28.599079132080078,17.624378204345703,1620.173828125,1261.784423828125,608.1723022460938,0,9.073921203613281,cropland
2128,501995.0,2599685.0,0.64348304271698,-0.08613552153110504,28.80623435974121,9.569212913513184,1940.8912353515625,778.8452758789062,541.8648071289062,1,37.11766052246094,cropland
2129,502235.0,2598995.0,0.5178328156471252,0.057076066732406616,30.85091209411621,8.663994789123535,2018.7733154296875,228.4731903076172,1328.02880859375,0,38.450862884521484,built_up
2130,500675.0,2597405.0,0.653246283531189,-0.2506946325302124,27.218584060668945,3.4535975456237793,1583.66455078125,379.47332763671875,84.67413330078125,0,16.83769416809082,vegetation
2131,500105.0,2599865.0,0.6505589485168457,-0.2925652861595154,26.171363830566406,2.6841256618499756,1434.3055419921875,1201.4990234375,192.80247497558594,0,0.0,cropland
2132,501245.0,2598485.0,0.5980024933815002,-0.08838237822055817,26.55185890197754,13.274641036987305,2267.774169921875,127.27922058105469,303.280029296875,0,23.653152465820312,vegetation
2133,500225.0,2597315.0,-0.1694919764995575,-0.4125520884990692,25.526771545410156,0.5,1639.583740234375,0.0,0.0,1,96.11589813232422,water
2134,501965.0,2598125.0,0.30021077394485474,0.23525865375995636,31.8317813873291,21.543964385986328,2059.0078125,600.0,3168.818359375,0,33.52599334716797,built_up
2135,501725.0,2598725.0,0.6028150916099548,-0.00894099846482277,29.065954208374023,12.239097595214844,2273.2822265625,120.0,997.4940185546875,0,40.11626052856445,cropland
2136,502565.0,2599985.0,0.5247914791107178,0.006031156983226538,28.983858108520508,3.2826359272003174,1884.3453369140625,1264.63427734375,511.6363830566406,0,12.20689582824707,cropland
2137,501005.0,2597645.0,0.807034969329834,-0.20700958371162415,26.550827026367188,13.053288459777832,1676.7430419921875,750.0,154.27352905273438,0,0.004166980739682913,vegetation
2138,501365.0,2599985.0,0.5182348489761353,0.08069922775030136,29.44146156311035,12.812139511108398,1915.686279296875,1060.66015625,483.5234069824219,0,67.65767669677734,cropland
2139,502595.0,2599535.0,0.4710906147956848,0.12982475757598877,29.72671127319336,4.764873504638672,1879.3438720703125,872.0665283203125,430.427001953125,0,24.879501342773438,cropland
2140,500645.0,2599685.0,0.5861114263534546,-0.06567897647619247,27.675745010375977,8.321592330932617,1645.2801513671875,1098.5899658203125,344.4201965332031,0,4.499813556671143,vegetation
2141,500855.0,2599805.0,0.47064509987831116,0.025043390691280365,28.446577072143555,9.266312599182129,1716.2103271484375,1075.4068603515625,231.94143676757812,0,20.245162963867188,cropland
2142,501845.0,2599655.0,0.6251130700111389,-0.0533381812274456,28.50358772277832,10.694732666015625,1969.068603515625,722.4956665039062,526.4166259765625,1,48.818092346191406,vegetation
2143,500045.0,2597165.0,-0.2477467954158783,-0.4399436116218567,26.352867126464844,0.5,1613.8892822265625,0.0,0.0,1,100.0,water
2144,501515.0,2598305.0,0.5516064167022705,0.029988856986165047,29.39571762084961,17.997417449951172,2209.605224609375,445.9820556640625,767.2805786132812,0,4.804868698120117,cropland
2145,502475.0,2599415.0,0.4353260099887848,0.09057452529668808,29.857397079467773,6.161382675170898,1896.45556640625,711.1961669921875,725.24462890625,1,31.991355895996094,cropland
2146,502445.0,2599175.0,0.47287696599960327,0.03817245736718178,30.456775665283203,7.735544681549072,1918.5164794921875,483.7354736328125,726.5765380859375,0,29.37040901184082,built_up
2147,500435.0,2598605.0,0.6600055694580078,-0.28461408615112305,27.594552993774414,14.57931900024414,2166.734619140625,134.16407775878906,277.4740905761719,1,91.23655700683594,vegetation
2148,500435.0,2597405.0,0.5921580791473389,-0.21840503811836243,28.23889923095703,0.5,1639.5679931640625,152.9705810546875,152.050048828125,1,62.78539276123047,vegetation
2149,502835.0,2599925.0,0.5819887518882751,0.0531824454665184,27.96550178527832,0.6055327653884888,1879.38525390625,1328.495361328125,310.9768371582031,0,8.121288299560547,cropland
2150,501875.0,2597705.0,0.48040205240249634,0.03183070570230484,29.656845092773438,20.648435592651367,1805.1392822265625,990.4544677734375,639.726318359375,1,18.377918243408203,cropland
2151,501065.0,2599505.0,0.6036179065704346,-0.1197371557354927,27.761608123779297,12.900776863098145,1929.80712890625,711.1961669921875,461.7120361328125,0,9.495043754577637,vegetation
2152,501695.0,2599955.0,0.6340497732162476,0.04589337483048439,28.876689910888672,12.562296867370605,1938.9486083984375,1020.0,931.1293334960938,0,77.08568572998047,cropland
2153,502595.0,2597255.0,0.6194359064102173,-0.11517507582902908,27.723608016967773,14.760939598083496,1731.3399658203125,1170.384521484375,237.7391357421875,0,6.117001056671143,vegetation
2154,500855.0,2597705.0,0.7673203349113464,-0.17016686499118805,27.198999404907227,10.366063117980957,1736.5277099609375,657.9513549804688,140.80831909179688,0,8.933355331420898,vegetation
2155,500225.0,2599505.0,0.6069124341011047,-0.12863928079605103,27.777538299560547,8.047844886779785,1624.0599365234375,859.0692749023438,129.17529296875,0,0.0,vegetation
2156,502685.0,2599025.0,0.4765159487724304,0.03664105013012886,30.985511779785156,9.525960922241211,1864.7655029296875,483.7354736328125,397.4665222167969,0,26.359251022338867,cropland
2157,501215.0,2598755.0,0.6787325739860535,-0.26518726348876953,26.15300750732422,11.933984756469727,2284.52197265625,30.0,280.9580383300781,1,42.511558532714844,vegetation
2158,500225.0,2599145.0,0.7184368371963501,-0.05711621418595314,28.33141326904297,14.79149341583252,1902.06689453125,512.6401977539062,149.806396484375,0,9.613349914550781,vegetation
2159,502685.0,2599175.0,0.5297430157661438,0.05389142781496048,30.300344467163086,7.9596333503723145,1862.084716796875,607.4536743164062,441.04833984375,0,23.15797996520996,built_up
2160,500705.0,2597915.0,0.6311924457550049,-0.07907003909349442,28.72823143005371,8.757253646850586,1907.0401611328125,450.0,205.74905395507812,0,11.871810913085938,vegetation
2161,500405.0,2597015.0,0.7186429500579834,-0.28011947870254517,27.240509033203125,0.5,1546.272705078125,60.0,96.84654998779297,1,85.38600158691406,vegetation
2162,502655.0,2598005.0,0.4019439220428467,0.14832620322704315,30.959257125854492,15.932924270629883,1930.04296875,420.0,1443.97802734375,0,18.624042510986328,cropland
2163,502205.0,2599025.0,0.5061208605766296,0.021396422758698463,30.781681060791016,8.464219093322754,2026.551025390625,241.86773681640625,1328.79736328125,0,43.76673889160156,built_up
2164,501455.0,2598515.0,0.6507013440132141,-0.13107866048812866,27.838977813720703,14.842957496643066,2292.151611328125,254.55844116210938,289.255126953125,0,12.327654838562012,vegetation
2165,502685.0,2599655.0,0.5650036334991455,0.12671233713626862,29.130823135375977,3.225263833999634,1876.0941162109375,1020.0,308.7248229980469,0,9.855117797851562,cropland
2166,500825.0,2597195.0,0.6794041395187378,-0.20643168687820435,25.969642639160156,5.613974571228027,1467.7659912109375,502.8916320800781,103.70255279541016,0,0.8779444694519043,vegetation
2167,502925.0,2599895.0,0.646681547164917,0.040485870093107224,27.616436004638672,0.5,1875.796875,1343.3167724609375,325.666015625,0,7.2140727043151855,cropland
2168,500765.0,2598185.0,0.5785809755325317,-0.1267262101173401,28.80963706970215,10.905305862426758,2076.99658203125,180.0,340.6375427246094,1,64.18795013427734,vegetation
2169,502715.0,2599505.0,0.4911792278289795,0.0656273141503334,29.700090408325195,4.429861545562744,1867.8582763671875,900.4998779296875,505.3812561035156,1,20.638608932495117,cropland
2170,500555.0,2598035.0,0.629798948764801,-0.073540598154068,29.07808494567871,7.5458903312683105,2000.1103515625,330.0,254.6319122314453,1,44.3531494140625,vegetation
2171,502325.0,2599535.0,0.4718800485134125,-0.00573619082570076,29.48489761352539,6.591579437255859,1912.2691650390625,758.9466552734375,753.274169921875,1,26.16522789001465,cropland
2172,500555.0,2597555.0,0.5968526601791382,-0.1506248414516449,28.35518455505371,1.712581753730774,1692.42529296875,323.1098937988281,113.68080139160156,0,31.583839416503906,vegetation
2173,502925.0,2598965.0,0.5258616209030151,-0.045560307800769806,30.322542190551758,10.86092472076416,1829.5640869140625,450.9989013671875,617.9100341796875,1,28.987083435058594,built_up
2174,500375.0,2597105.0,0.6895644068717957,-0.2547636926174164,27.511672973632812,0.5,1559.2581787109375,60.0,130.19985961914062,1,91.67434692382812,vegetation
2175,501965.0,2597735.0,0.48519882559776306,0.06545504927635193,29.509946823120117,20.45529556274414,1834.1453857421875,915.8602294921875,638.9840087890625,0,21.99301528930664,cropland
2176,502655.0,2597555.0,0.5429509282112122,0.019158493727445602,28.820920944213867,14.92963981628418,1815.853515625,870.0,475.3656005859375,0,5.544387340545654,cropland
2177,502655.0,2598875.0,0.42744532227516174,0.03761027008295059,31.616378784179688,10.953194618225098,1881.0772705078125,342.0526123046875,500.5463562011719,0,20.395130157470703,built_up
2178,501215.0,2597315.0,0.6766617298126221,-0.1996324062347412,25.537330627441406,13.630449295043945,1458.3388671875,900.4998779296875,109.53547668457031,0,4.471677780151367,vegetation
2179,501185.0,2598065.0,0.6454979181289673,-0.12505942583084106,27.56920051574707,16.242021560668945,2024.81005859375,429.5346374511719,259.3949890136719,0,2.8801794052124023,vegetation
2180,501965.0,2598395.0,0.3806018531322479,0.2926025986671448,31.493526458740234,18.371000289916992,2156.970947265625,362.49139404296875,2627.270263671875,0,38.39252471923828,built_up
2181,500045.0,2597525.0,-0.18760690093040466,-0.40610644221305847,26.285259246826172,0.5,1757.734619140625,0.0,0.0,1,92.29476928710938,water
2182,502175.0,2599055.0,0.495125412940979,-0.004296465776860714,30.702350616455078,8.307649612426758,2033.6781005859375,256.3200988769531,1272.527099609375,1,37.30000686645508,built_up
2183,500705.0,2599355.0,0.554874837398529,-0.03411329165101051,28.513980865478516,13.120104789733887,1852.800048828125,806.1017456054688,636.958984375,0,5.501558303833008,vegetation
2184,500585.0,2599325.0,0.5461457371711731,-0.04232359305024147,28.735240936279297,13.075801849365234,1830.5169677734375,849.0582885742188,410.7148132324219,0,5.445599555969238,cropland
2185,501215.0,2599625.0,0.561305582523346,-0.13515450060367584,28.163232803344727,12.70328140258789,1940.0135498046875,752.3961791992188,313.4917907714844,0,23.701684951782227,cropland
2186,502235.0,2598425.0,0.303547739982605,0.32297125458717346,32.14994430541992,16.387895584106445,2059.46142578125,201.24612426757812,3011.5322265625,1,65.59093475341797,built_up
2187,502385.0,2598005.0,0.4098990559577942,0.07916644960641861,31.28598403930664,17.88215446472168,1951.18017578125,483.7354736328125,1906.184814453125,0,36.03988265991211,built_up
2188,500075.0,2598035.0,0.6813358664512634,-0.20750786364078522,28.6663875579834,2.8873345851898193,2050.506591796875,391.1521301269531,329.8654479980469,1,80.10050201416016,vegetation
2189,500465.0,2597525.0,0.5944332480430603,-0.1573353260755539,28.54438591003418,0.5,1694.8016357421875,228.4731903076172,137.94166564941406,1,49.01013946533203,vegetation
2190,500465.0,2597165.0,0.6835795640945435,-0.24897079169750214,27.218860626220703,0.5,1550.6356201171875,150.0,96.67076873779297,0,70.69278717041016,vegetation
2191,502265.0,2597795.0,0.5025194883346558,0.03786986321210861,29.387914657592773,18.160430908203125,1881.126953125,724.9827880859375,676.9630126953125,0,20.66388702392578,cropland
2192,502235.0,2598305.0,0.23941464722156525,0.3202376961708069,32.49730682373047,18.102649688720703,2045.94921875,296.98486328125,2682.27978515625,1,63.63032913208008,built_up
2193,502085.0,2597075.0,0.6037498712539673,-0.11768649518489838,28.318490982055664,14.279549598693848,1597.224853515625,1453.9945068359375,537.7235107421875,0,0.0,vegetation
2194,502895.0,2598905.0,0.49018988013267517,-0.04359131306409836,30.553218841552734,11.398311614990234,1835.3485107421875,394.58837890625,648.0776977539062,0,29.874258041381836,built_up
2195,502235.0,2597465.0,0.6461010575294495,-0.059848636388778687,27.640928268432617,15.706717491149902,1735.1422119140625,1036.1949462890625,497.9945373535156,0,0.5057743191719055,vegetation
2196,500615.0,2599205.0,0.5318824648857117,-0.009089324623346329,28.878446578979492,14.89424991607666,1921.0653076171875,755.3806762695312,534.5313110351562,0,6.005025386810303,cropland
2197,501695.0,2599685.0,0.5944825410842896,-0.023443570360541344,28.394428253173828,11.90392017364502,1978.370849609375,750.0,587.06494140625,0,55.315616607666016,vegetation
2198,501965.0,2597345.0,0.6169202327728271,0.0037040456663817167,28.348718643188477,16.457622528076172,1626.29736328125,1261.427734375,828.2243041992188,0,8.605398178100586,cropland
2199,500705.0,2599205.0,0.5249104499816895,0.011167334392666817,28.703298568725586,15.038415908813477,1948.7843017578125,700.3570556640625,613.0330810546875,0,11.970916748046875,cropland
2200,500555.0,2598365.0,-0.19840110838413239,-0.3546614348888397,25.08513641357422,9.880435943603516,2147.98291015625,0.0,0.0,1,98.75001525878906,water
2201,501035.0,2597045.0,0.5492656826972961,-0.17351223528385162,25.430015563964844,9.26762866973877,1400.3929443359375,690.0,140.53074645996094,0,3.7963650226593018,cropland
2202,501305.0,2597765.0,0.5826167464256287,-0.11758937686681747,28.387006759643555,18.26461410522461,1780.4010009765625,751.7978515625,279.5766296386719,0,5.062770366668701,vegetation
2203,501335.0,2597525.0,0.6885104179382324,-0.12672413885593414,27.163915634155273,16.998371124267578,1590.05908203125,979.4896850585938,264.8371276855469,0,4.727606773376465,vegetation
2204,501665.0,2597975.0,0.473092257976532,0.0813555121421814,30.526817321777344,21.843372344970703,1987.775390625,785.1751098632812,656.1456298828125,0,8.315675735473633,cropland
2205,500435.0,2599265.0,0.5707629323005676,-0.05624294653534889,28.848854064941406,13.48365592956543,1835.3331298828125,715.6116333007812,231.61764526367188,0,2.4686598777770996,vegetation
2206,501215.0,2598125.0,0.6228196024894714,-0.10374312847852707,27.571929931640625,16.241046905517578,2073.551513671875,391.1521301269531,266.30902099609375,0,4.080236911773682,vegetation
2207,501335.0,2597705.0,0.5731898546218872,-0.13089211285114288,28.415321350097656,18.345518112182617,1731.866943359375,818.8406372070312,306.9843444824219,1,0.0,vegetation
2208,500975.0,2599265.0,0.6136316657066345,-0.12447808682918549,27.750539779663086,14.653322219848633,2015.605224609375,566.0388793945312,406.9113464355469,0,1.716939926147461,vegetation
2209,501335.0,2599235.0,0.658870279788971,-0.13151749968528748,26.239404678344727,13.393945693969727,2142.13427734375,349.85711669921875,187.23623657226562,0,1.4562453031539917,vegetation
2210,500585.0,2599235.0,0.5358570218086243,-0.02153925411403179,28.912185668945312,14.421503067016602,1892.33056640625,774.2092895507812,467.22760009765625,0,7.7628984451293945,cropland
2211,500105.0,2597525.0,-0.19025780260562897,-0.4477083086967468,26.12943458557129,0.5,1752.7347412109375,0.0,0.0,1,93.38148498535156,water
2212,500345.0,2597495.0,0.6098694801330566,-0.18781976401805878,28.742273330688477,0.5,1702.4290771484375,108.16654205322266,222.04637145996094,1,64.2252426147461,vegetation
2213,500555.0,2597045.0,0.6700398921966553,-0.2565770447254181,26.867351531982422,0.5,1513.107177734375,210.0,56.66698455810547,1,44.07172393798828,vegetation
2214,500615.0,2598755.0,0.6105852127075195,-0.17647425830364227,27.454435348510742,16.257366180419922,2151.798095703125,313.2091979980469,483.15185546875,1,65.77433013916016,vegetation
2215,501845.0,2597585.0,0.5079095959663391,0.015338074415922165,29.335420608520508,19.519060134887695,1722.0809326171875,1106.751953125,624.9080200195312,0,19.18570899963379,cropland
2216,500015.0,2598635.0,-0.20561914145946503,-0.40701696276664734,23.631269454956055,12.810014724731445,2172.80322265625,0.0,0.0,1,99.88690185546875,water
2217,500795.0,2599265.0,0.5461615920066833,-0.016515053808689117,28.466732025146484,14.514384269714355,1943.783203125,678.822509765625,641.1365966796875,1,0.22577042877674103,cropland
2218,501185.0,2598935.0,0.7019305229187012,-0.2400040179491043,26.346704483032227,13.764742851257324,2236.8544921875,174.92855834960938,290.4034118652344,0,5.733943939208984,vegetation
2219,502265.0,2599805.0,0.5268176794052124,-0.028235988691449165,29.400554656982422,7.215057373046875,1897.33837890625,980.866943359375,988.8198852539062,0,26.712879180908203,vegetation
2220,500045.0,2597885.0,0.5674685835838318,-0.16405682265758514,29.40365219116211,0.5,1970.16015625,240.0,298.289794921875,1,78.98199462890625,vegetation
2221,500105.0,2598005.0,0.6582415103912354,-0.19719861447811127,28.822717666625977,2.304539203643799,2032.6461181640625,364.96575927734375,322.9253234863281,1,79.78622436523438,vegetation
2222,500315.0,2598155.0,0.6325229406356812,-0.15887121856212616,28.713817596435547,7.004756450653076,2086.067626953125,247.38633728027344,173.71629333496094,1,91.80460357666016,vegetation
2223,500465.0,2599175.0,0.5770939588546753,-0.06053127720952034,28.951900482177734,14.968531608581543,1906.5968017578125,658.6349487304688,323.8216552734375,0,11.24135684967041,vegetation
2224,501185.0,2598545.0,0.6247111558914185,-0.11987904459238052,26.092758178710938,12.047759056091309,2272.331787109375,42.42640686035156,272.80706787109375,1,56.18198013305664,vegetation
2225,502205.0,2599685.0,0.5223240256309509,-0.07995601743459702,29.370758056640625,7.669778823852539,1912.6187744140625,846.9356689453125,657.5070190429688,1,27.686853408813477,cropland
2226,502655.0,2598425.0,-0.20537960529327393,-0.3983822762966156,27.39195442199707,13.136723518371582,1932.3631591796875,0.0,0.0,1,76.92951202392578,water
2227,501485.0,2597075.0,0.7310312390327454,-0.08623288571834564,25.9424991607666,15.090075492858887,1415.59814453125,1140.3946533203125,148.4796142578125,0,8.436844825744629,vegetation
2228,501305.0,2597045.0,0.6041504740715027,-0.15567679703235626,25.48181915283203,13.303793907165527,1387.8541259765625,960.0,173.25804138183594,0,6.655904769897461,vegetation
2229,501905.0,2599565.0,0.6142465472221375,-0.07983027398586273,28.51426124572754,9.815705299377441,1982.3016357421875,641.3267211914062,370.160400390625,1,36.83055114746094,cropland
2230,500375.0,2597165.0,0.6588572859764099,-0.24790583550930023,27.658201217651367,0.5,1569.5911865234375,60.0,148.371337890625,1,85.09392547607422,vegetation
2231,501665.0,2599295.0,0.575990617275238,-0.07406710088253021,27.23060417175293,10.823782920837402,2119.79443359375,360.0,373.9546813964844,0,23.42786407470703,water
2232,500495.0,2598185.0,0.5856756567955017,-0.1273937225341797,29.058687210083008,8.701201438903809,2084.382080078125,182.48287963867188,232.3155059814453,1,85.11019897460938,vegetation
2233,501635.0,2597915.0,0.4895245432853699,0.02498476952314377,30.307836532592773,21.673568725585938,1939.8145751953125,807.2174682617188,463.3209228515625,0,1.6210095882415771,cropland
2234,501815.0,2598545.0,0.48107001185417175,0.20010656118392944,30.411327362060547,15.704327583312988,2237.733154296875,271.66156005859375,1242.223876953125,1,20.63080406188965,built_up
2235,502115.0,2598545.0,0.3677055835723877,0.26544466614723206,31.630273818969727,14.80009937286377,2116.47119140625,161.55494689941406,2080.489990234375,0,72.44110107421875,built_up
2236,501155.0,2597795.0,0.7427003979682922,-0.13643324375152588,27.354339599609375,16.30145835876465,1796.4241943359375,657.9513549804688,215.46005249023438,0,5.337706565856934,vegetation
2237,501005.0,2599565.0,0.556735098361969,-0.050286296755075455,28.029130935668945,12.174792289733887,1876.1673583984375,792.5906982421875,493.03521728515625,0,3.1655969619750977,cropland
2238,502565.0,2597195.0,0.6211889982223511,-0.15804913640022278,27.761194229125977,14.578323364257812,1717.122802734375,1231.4625244140625,232.94131469726562,0,1.2670440673828125,vegetation
2239,501875.0,2598605.0,0.4773724377155304,0.23610274493694305,30.525724411010742,14.417327880859375,2222.1669921875,201.24612426757812,1361.031005859375,0,43.856605529785156,built_up
2240,501485.0,2597915.0,0.49438032507896423,-0.035410135984420776,29.736190795898438,20.47458839416504,1928.3428955078125,715.6116333007812,385.9854736328125,0,7.178627967834473,cropland
2241,502415.0,2597165.0,0.6569311618804932,-0.23412565886974335,27.763721466064453,13.874035835266113,1688.646240234375,1277.380126953125,281.2784423828125,0,4.940659046173096,vegetation
2242,500015.0,2598035.0,0.6782278418540955,-0.20954835414886475,28.671619415283203,2.64762282371521,2054.31591796875,390.0,352.5768127441406,0,80.91322326660156,vegetation
2243,501905.0,2598965.0,0.5742539763450623,0.03642098605632782,29.933374404907227,8.55803394317627,2169.705810546875,67.08203887939453,1078.3804931640625,1,62.01478958129883,cropland
2244,501725.0,2599475.0,0.5603025555610657,-0.07596947997808456,27.834293365478516,10.885823249816895,2040.3509521484375,540.0,419.61541748046875,0,36.66181564331055,vegetation
2245,500105.0,2598035.0,0.6830563545227051,-0.20590326189994812,28.665782928466797,3.0368499755859375,2048.228271484375,394.58837890625,311.7218322753906,1,75.49826049804688,vegetation
2246,500945.0,2598095.0,0.6913276314735413,-0.13321414589881897,27.759178161621094,12.964715957641602,2027.844970703125,305.941162109375,265.2021179199219,0,14.346120834350586,vegetation
2247,501665.0,2599715.0,0.5946438312530518,-0.013246283866465092,28.4744873046875,12.183001518249512,1973.0865478515625,780.0,628.354248046875,0,70.04702758789062,vegetation
2248,500345.0,2599595.0,0.6679988503456116,-0.1479497104883194,27.262813568115234,7.192568302154541,1585.317626953125,977.1898193359375,115.08242797851562,0,0.0,vegetation
2249,501875.0,2599535.0,0.6028328537940979,-0.08276353031396866,28.41077423095703,9.927449226379395,1996.111328125,606.7124633789062,356.1580505371094,1,44.10201644897461,vegetation
2250,502805.0,2599265.0,0.5526341199874878,0.06875993311405182,29.93743324279785,7.093846797943115,1846.61572265625,750.0,594.5260620117188,0,26.748247146606445,cropland
2251,501965.0,2599295.0,0.6122326850891113,-0.021370885893702507,28.943164825439453,8.551549911499023,2049.0634765625,400.2499084472656,378.89739990234375,0,21.21870231628418,vegetation
2252,500105.0,2597855.0,0.5507140159606934,-0.15127448737621307,29.484888076782227,0.5,1947.856201171875,218.40328979492188,255.49288940429688,1,72.73545837402344,vegetation
2253,500375.0,2598815.0,0.7193822264671326,-0.17266540229320526,27.559064865112305,16.961668014526367,2110.1201171875,308.868896484375,232.61019897460938,1,49.7717170715332,vegetation
2254,500885.0,2599295.0,0.5797024965286255,-0.06167658418416977,28.158170700073242,14.35018253326416,1962.0712890625,642.0280151367188,590.9213256835938,0,5.255407333374023,vegetation
2255,500795.0,2599295.0,0.5503072142601013,-0.02280060015618801,28.450712203979492,14.178564071655273,1925.49169921875,700.3570556640625,676.230712890625,0,7.986556053161621,vegetation
2256,502415.0,2599025.0,0.5266156792640686,0.11773074418306351,30.89792823791504,8.801605224609375,1942.7845458984375,335.4101867675781,758.1788330078125,0,28.120786666870117,built_up
2257,500225.0,2598485.0,-0.21238045394420624,-0.38332048058509827,24.07026481628418,11.162108421325684,2175.07421875,0.0,0.0,1,99.79552459716797,water
2258,501755.0,2597465.0,0.550940990447998,0.06190688908100128,28.995880126953125,18.463706970214844,1629.1956787109375,1240.2015380859375,536.04248046875,0,11.961889266967773,cropland
2259,500405.0,2597255.0,0.6206344962120056,-0.2567780017852783,27.801551818847656,0.5,1587.1019287109375,90.0,155.8195037841797,1,78.3916015625,cropland
2260,502505.0,2598725.0,0.5093433856964111,0.1799895465373993,31.584054946899414,11.538357734680176,1941.8812255859375,134.16407775878906,864.9033203125,0,32.57102584838867,built_up
2261,501365.0,2599055.0,0.662209153175354,-0.1288803219795227,26.402151107788086,12.70763111114502,2226.36669921875,174.92855834960938,203.611083984375,0,10.832517623901367,vegetation
2262,500195.0,2597405.0,-0.17874176800251007,-0.3918188810348511,25.689237594604492,0.5,1681.681396484375,0.0,0.0,1,97.83782196044922,water
2263,500825.0,2599295.0,0.5588051080703735,-0.032938070595264435,28.36322784423828,14.244678497314453,1937.4989013671875,680.1470336914062,659.5342407226562,0,5.365243434906006,vegetation
2264,501185.0,2598815.0,0.6933180093765259,-0.26726964116096497,26.145946502685547,12.808330535888672,2268.86474609375,84.85281372070312,292.8900146484375,0,25.992265701293945,vegetation
2265,500285.0,2598335.0,0.648838996887207,-0.17058482766151428,28.167665481567383,9.668641090393066,2150.732666015625,90.0,115.44696807861328,1,94.83609771728516,vegetation
2266,501485.0,2598305.0,0.5603377819061279,0.018245598301291466,29.13075828552246,17.694446563720703,2209.89013671875,424.2640686035156,650.7908935546875,0,9.5401029586792,cropland
2267,501335.0,2597105.0,0.6428623199462891,-0.16414779424667358,25.51021957397461,13.798487663269043,1397.17431640625,991.8165283203125,149.37179565429688,0,8.2953519821167,vegetation
2268,501545.0,2597165.0,0.7239382863044739,-0.06809470802545547,26.559263229370117,15.768739700317383,1445.4727783203125,1205.985107421875,224.85755920410156,0,10.7472562789917,water
2269,502445.0,2597135.0,0.657728374004364,-0.24147874116897583,27.800878524780273,13.924057006835938,1690.2760009765625,1302.49755859375,268.0306091308594,0,1.502232551574707,vegetation
2270,500405.0,2598125.0,0.6083700060844421,-0.13446511328220367,28.97014808654785,7.21558952331543,2063.638427734375,268.3281555175781,208.02830505371094,1,85.37654876708984,vegetation
2271,502175.0,2598665.0,0.3979147672653198,0.16496819257736206,31.54526138305664,11.409482955932617,2087.565185546875,30.0,1648.4093017578125,0,82.67899322509766,water
2272,501065.0,2597375.0,0.6799237728118896,-0.19335852563381195,25.696735382080078,11.83896541595459,1495.2879638671875,755.3806762695312,101.78913879394531,0,6.63027286529541,vegetation
2273,502415.0,2597585.0,0.5744322538375854,-0.07270558178424835,28.03708839416504,15.48375129699707,1806.136474609375,865.8521728515625,390.0150146484375,0,7.13892936706543,vegetation
2274,500345.0,2598935.0,0.6980299353599548,-0.1485162079334259,28.064573287963867,17.00598907470703,2049.7216796875,391.1521301269531,226.18142700195312,0,27.593807220458984,vegetation
2275,501815.0,2597465.0,0.5668013095855713,0.05647715926170349,28.909631729125977,18.332950592041016,1643.8701171875,1224.4998779296875,586.6415405273438,0,10.080168724060059,built_up
2276,502625.0,2599205.0,0.5134693384170532,0.04634809121489525,30.283973693847656,7.592030048370361,1873.323974609375,600.0,462.7521667480469,0,27.509296417236328,built_up
2277,500825.0,2598845.0,0.5475571751594543,-0.15125516057014465,27.11359214782715,15.92579174041748,2166.494873046875,361.2478332519531,394.15350341796875,0,24.05207061767578,cropland
2278,501935.0,2598305.0,0.34188106656074524,0.2347463220357895,31.69399070739746,19.84248924255371,2140.465576171875,456.9463806152344,3563.487548828125,0,33.06856918334961,built_up
2279,501665.0,2598065.0,0.43024078011512756,0.10442137718200684,30.786876678466797,21.56346321105957,2053.929931640625,721.2489013671875,1134.6943359375,0,7.704509258270264,built_up
2280,501875.0,2599685.0,0.6392672061920166,-0.052862104028463364,28.59564971923828,10.582474708557129,1958.1568603515625,755.3806762695312,584.7439575195312,0,53.11655807495117,vegetation
2281,501215.0,2599145.0,0.6861942410469055,-0.17785248160362244,26.463441848754883,14.192012786865234,2158.261474609375,324.4996032714844,216.8326873779297,0,0.0,vegetation
2282,501965.0,2599685.0,0.6473655700683594,-0.08112621307373047,28.7453556060791,9.82819652557373,1945.257080078125,771.297607421875,547.6779174804688,0,45.53078079223633,vegetation
2283,502445.0,2599475.0,0.4356701374053955,0.09212470799684525,29.74667739868164,6.001192092895508,1898.452392578125,751.7978515625,718.2672119140625,0,30.241853713989258,cropland
2284,502805.0,2597555.0,0.5486038327217102,-0.007905344478785992,29.51905632019043,15.24876594543457,1821.6719970703125,870.0,764.0736083984375,0,7.469314098358154,cropland
2285,502145.0,2597345.0,0.6607416868209839,-0.03738931939005852,27.83607292175293,15.308731079101562,1672.462158203125,1181.8629150390625,728.8873291015625,0,2.9773964881896973,vegetation
2286,502445.0,2599925.0,0.5372344851493835,-0.02953372150659561,29.198280334472656,4.948843002319336,1886.318603515625,1166.9190673828125,1028.7901611328125,0,20.560571670532227,cropland
2287,502475.0,2599595.0,0.479503870010376,0.1337691694498062,29.608430862426758,5.292919158935547,1890.252197265625,872.0665283203125,449.229736328125,0,19.51527976989746,cropland
2288,502175.0,2599865.0,0.6064371466636658,0.03362715244293213,29.13359260559082,8.302827835083008,1900.6409912109375,1005.7832641601562,1060.57568359375,1,27.06746482849121,cropland
2289,502775.0,2599715.0,0.5840286612510681,0.10209949314594269,28.681154251098633,2.1359500885009766,1874.545654296875,1113.6427001953125,293.3578796386719,0,10.01170539855957,cropland
2290,500495.0,2597525.0,0.5908313393592834,-0.15760572254657745,28.467876434326172,0.5,1688.34765625,256.3200988769531,124.40780639648438,1,41.450496673583984,vegetation
2291,501815.0,2598035.0,0.4033002555370331,0.2051064819097519,31.1004581451416,22.202892303466797,2026.867919921875,750.0,1406.3280029296875,0,17.658639907836914,built_up
2292,502385.0,2599205.0,0.4606550633907318,0.028733499348163605,30.31879425048828,7.536181926727295,1933.248046875,483.7354736328125,897.7589111328125,0,33.82145309448242,cropland
2293,502745.0,2598485.0,-0.19385839998722076,-0.3848220407962799,27.000852584838867,12.785428047180176,1908.02978515625,0.0,0.0,1,75.8115463256836,water
2294,500465.0,2598005.0,0.6439576745033264,-0.09525077790021896,29.02111053466797,5.894130706787109,1992.540283203125,364.96575927734375,271.79315185546875,0,53.841827392578125,vegetation
2295,501965.0,2599835.0,0.7076549530029297,-0.034184589982032776,28.736373901367188,10.350951194763184,1923.4534912109375,917.823486328125,911.7669067382812,0,49.904415130615234,cropland
2296,501185.0,2599595.0,0.5678420066833496,-0.15498147904872894,28.02340316772461,12.737024307250977,1940.363037109375,737.9024047851562,315.5160217285156,0,13.649168014526367,cropland
2297,502235.0,2598245.0,0.24402694404125214,0.27875348925590515,32.51698684692383,18.70026206970215,2035.3109130859375,342.0526123046875,2371.46044921875,0,64.4667739868164,built_up
2298,501935.0,2597495.0,0.580946147441864,0.0038958853110671043,28.69609832763672,18.110633850097656,1688.354248046875,1140.3946533203125,639.4898071289062,0,11.424103736877441,cropland
2299,502625.0,2599175.0,0.5139880180358887,0.043427228927612305,30.38479232788086,7.884188175201416,1873.7554931640625,576.2811889648438,450.22509765625,1,25.676532745361328,built_up
2300,501335.0,2599055.0,0.6701882481575012,-0.14002355933189392,26.383686065673828,13.002431869506836,2222.380615234375,189.73666381835938,212.83921813964844,0,5.138385772705078,vegetation
2301,501005.0,2597675.0,0.8168016076087952,-0.19830068945884705,26.637420654296875,13.249273300170898,1699.707275390625,721.2489013671875,150.80120849609375,0,0.0,vegetation
2302,502715.0,2598155.0,0.4124015271663666,0.19359511137008667,30.706417083740234,15.888886451721191,1936.8699951171875,270.0,1318.653076171875,1,28.019071578979492,built_up
2303,500285.0,2597225.0,-0.19056850671768188,-0.4025329351425171,25.026247024536133,0.5,1600.586669921875,0.0,0.0,1,99.75701141357422,built_up
2304,501185.0,2599385.0,0.6351299285888672,-0.20656700432300568,27.06319808959961,13.7407808303833,2032.01611328125,550.726806640625,315.7904968261719,0,0.6351907253265381,vegetation
2305,501215.0,2597765.0,0.6706188917160034,-0.1315639615058899,27.709596633911133,17.08860969543457,1773.6834716796875,711.1961669921875,238.36265563964844,0,2.084934711456299,vegetation
2306,500855.0,2598695.0,0.617987334728241,-0.1639070063829422,26.541606903076172,14.640807151794434,2207.04345703125,228.4731903076172,280.4408264160156,0,55.95804214477539,vegetation
2307,500825.0,2597105.0,0.6961338520050049,-0.21285215020179749,25.804718017578125,5.225330352783203,1449.6060791015625,483.7354736328125,102.14617156982422,0,9.174209594726562,vegetation
2308,500165.0,2597075.0,-0.1894436478614807,-0.3895132541656494,26.029922485351562,0.5,1588.6993408203125,0.0,0.0,1,100.0,cropland
2309,502415.0,2599355.0,0.4604683220386505,0.04749821126461029,29.815656661987305,6.68487024307251,1911.581298828125,630.7138671875,932.5682983398438,0,30.70599365234375,cropland
2310,500945.0,2597435.0,0.6908438801765442,-0.19888117909431458,26.14535140991211,10.092275619506836,1543.2630615234375,647.6110229492188,127.88780212402344,0,8.402268409729004,vegetation
2311,502895.0,2598875.0,0.474592000246048,-0.040886182337999344,30.604618072509766,11.699045181274414,1837.296875,364.96575927734375,678.2150268554688,0,21.5214900970459,built_up
2312,501635.0,2598635.0,0.6096749305725098,-0.05632444843649864,28.75835609436035,14.030745506286621,2294.1748046875,228.4731903076172,674.3613891601562,0,9.858383178710938,cropland
2313,502445.0,2599835.0,0.558708906173706,0.006296985317021608,29.22089385986328,5.022006034851074,1887.260009765625,1081.6654052734375,709.6906127929688,0,12.2572660446167,cropland
2314,500975.0,2598065.0,0.7234087586402893,-0.13301058113574982,27.569499969482422,13.423919677734375,2008.1326904296875,342.0526123046875,253.90399169921875,0,3.6890997886657715,vegetation
2315,500885.0,2598605.0,0.6772077083587646,-0.16387814283370972,26.322036743164062,13.404817581176758,2217.65380859375,134.16407775878906,237.27418518066406,1,68.11225891113281,vegetation
2316,500735.0,2599655.0,0.5469022989273071,-0.006743761710822582,27.92298698425293,9.398703575134277,1701.781494140625,1021.76318359375,488.7852783203125,1,9.492522239685059,cropland
2317,500555.0,2598065.0,0.621763288974762,-0.08070019632577896,29.101545333862305,7.908214092254639,2017.6309814453125,300.0,251.34075927734375,0,53.66389083862305,vegetation
2318,501935.0,2599085.0,0.5605177283287048,0.059865985065698624,29.778369903564453,8.59053897857666,2124.921630859375,189.73666381835938,730.6238403320312,0,37.138816833496094,cropland
2319,500165.0,2597915.0,0.5848731994628906,-0.16023467481136322,29.240219116210938,0.6025635004043579,1977.286865234375,295.4657287597656,268.1665344238281,1,75.3891830444336,vegetation
2320,501335.0,2597165.0,0.6591656804084778,-0.1863093227148056,25.542203903198242,14.055329322814941,1409.687744140625,997.2462158203125,140.41490173339844,0,9.775879859924316,vegetation
2321,502835.0,2599415.0,0.5232483148574829,0.0637187734246254,29.76186752319336,5.244109153747559,1852.536865234375,890.4493408203125,633.94091796875,0,13.486862182617188,cropland
2322,502565.0,2599265.0,0.47797033190727234,0.053832851350307465,30.186363220214844,7.039310932159424,1884.408447265625,617.73779296875,533.0418090820312,1,25.428768157958984,cropland
2323,500165.0,2597465.0,-0.23986953496932983,-0.3712182343006134,25.858829498291016,0.5,1714.6400146484375,0.0,0.0,1,97.27854919433594,water
2324,500825.0,2599205.0,0.556793212890625,-0.030033191666007042,28.316234588623047,15.135144233703613,1991.1829833984375,615.5485229492188,533.1815795898438,0,1.5307179689407349,vegetation
2325,502235.0,2597195.0,0.7082380056381226,-0.14290453493595123,27.697704315185547,14.01159381866455,1654.6929931640625,1290.3487548828125,396.5456848144531,0,0.0,vegetation
2326,502025.0,2597885.0,0.4562833905220032,0.22084693610668182,30.290048599243164,21.14157485961914,1925.806640625,757.165771484375,911.7782592773438,0,26.27015495300293,vegetation
2327,502145.0,2598425.0,0.29872554540634155,0.3453253209590912,32.07204055786133,17.036840438842773,2094.431396484375,254.55844116210938,2718.279541015625,1,64.23383331298828,built_up
2328,500165.0,2597735.0,0.5554898977279663,-0.12622620165348053,29.540048599243164,0.5,1869.4244384765625,134.16407775878906,218.9563446044922,0,65.44024658203125,vegetation
2329,501455.0,2598215.0,0.5245650410652161,0.007790153380483389,29.227367401123047,18.378103256225586,2156.412109375,466.69049072265625,683.21826171875,0,2.2513699531555176,cropland
2330,501275.0,2598545.0,0.6161394715309143,-0.12581443786621094,26.554773330688477,12.993319511413574,2286.347412109375,108.16654205322266,262.59881591796875,1,26.77933120727539,vegetation
2331,500795.0,2599415.0,0.569951057434082,-0.037287648767232895,28.253171920776367,12.711470603942871,1853.712646484375,792.022705078125,768.0912475585938,0,6.5246477127075195,built_up
2332,500225.0,2598755.0,0.7521234750747681,-0.19050385057926178,27.21824073791504,16.140634536743164,2131.60986328125,174.92855834960938,136.8421630859375,1,68.01175689697266,vegetation
2333,501485.0,2599385.0,0.585017740726471,-0.10672640800476074,26.698312759399414,12.436421394348145,2089.59912109375,450.9989013671875,313.623779296875,0,18.683591842651367,cropland
2334,501515.0,2597045.0,0.7261123061180115,-0.05038566514849663,26.118000030517578,15.234034538269043,1419.3016357421875,1170.0,172.29214477539062,0,6.750392436981201,vegetation
2335,500915.0,2597075.0,0.6568647623062134,-0.2028326392173767,25.515277862548828,7.044054985046387,1425.0908203125,570.7889404296875,115.58648681640625,0,4.007673263549805,vegetation
2336,500675.0,2599475.0,0.5859071016311646,-0.059373024851083755,28.14733123779297,11.242363929748535,1766.69873046875,914.385009765625,563.6656494140625,0,2.1539700031280518,vegetation
2337,500825.0,2597735.0,0.7452608942985535,-0.15593451261520386,27.468976974487305,9.916105270385742,1762.4195556640625,630.7138671875,145.6478729248047,0,5.3966827392578125,vegetation
2338,501125.0,2598905.0,0.713946521282196,-0.25056931376457214,26.236392974853516,14.11623477935791,2231.206298828125,192.09373474121094,285.310546875,0,7.802515029907227,vegetation
2339,501155.0,2598425.0,0.5882846713066101,-0.037014055997133255,26.417598724365234,12.907992362976074,2234.510009765625,108.16654205322266,356.77459716796875,0,33.19252014160156,vegetation
2340,502505.0,2599595.0,0.48849523067474365,0.15114592015743256,29.594560623168945,5.047328948974609,1887.49853515625,885.889404296875,413.1232604980469,0,22.85584831237793,cropland
2341,500555.0,2597795.0,0.6526272892951965,-0.07390137761831284,28.78477668762207,4.456160068511963,1845.8798828125,445.9820556640625,259.3202819824219,0,18.86841583251953,water
2342,500255.0,2599475.0,0.614128053188324,-0.1356668919324875,27.87060546875,8.765647888183594,1649.058837890625,836.779541015625,133.6361846923828,0,1.680825114250183,vegetation
2343,500945.0,2598875.0,0.6418695449829102,-0.20054490864276886,26.55570411682129,15.323234558105469,2189.624267578125,296.98486328125,307.15399169921875,0,10.796467781066895,vegetation
2344,501185.0,2597045.0,0.5113825798034668,-0.16873984038829803,25.474878311157227,11.70276165008545,1386.0931396484375,840.0,197.38153076171875,0,5.598774433135986,cropland
2345,501905.0,2598785.0,0.5330697298049927,0.09487538039684296,30.30497932434082,10.087286949157715,2203.678955078125,30.0,1483.04248046875,1,78.53956604003906,built_up
2346,500615.0,2598455.0,0.6206969022750854,-0.1687304824590683,28.1361026763916,11.544057846069336,2168.785888671875,30.0,441.9411315917969,1,100.0,vegetation
2347,501065.0,2599655.0,0.5314418077468872,-0.06887446343898773,28.302356719970703,11.866132736206055,1869.1397705078125,845.3401489257812,303.28436279296875,0,19.337308883666992,cropland
2348,500855.0,2597615.0,0.740026593208313,-0.19044449925422668,26.959264755249023,9.683243751525879,1671.7916259765625,618.4658203125,148.38922119140625,0,7.36568021774292,vegetation
2349,502985.0,2597915.0,0.3605228364467621,-0.00913144275546074,30.393205642700195,15.726553916931152,1902.627685546875,517.8803100585938,569.2378540039062,0,12.35340690612793,built_up
2350,502955.0,2599685.0,0.5738325715065002,0.05165771767497063,28.512582778930664,1.9998912811279297,1864.8934326171875,1170.0,325.7584228515625,0,5.873438358306885,cropland
2351,500345.0,2598365.0,0.631721019744873,-0.17469733953475952,28.228412628173828,9.922279357910156,2154.076904296875,42.42640686035156,131.72171020507812,1,99.3797607421875,vegetation
2352,500825.0,2598665.0,0.6186636090278625,-0.15652915835380554,26.695682525634766,14.493837356567383,2203.753662109375,212.1320343017578,288.0182189941406,1,61.51844787597656,vegetation
2353,502085.0,2599955.0,0.7075034379959106,0.05938076600432396,28.803953170776367,9.379693031311035,1904.363037109375,1063.2027587890625,1025.8935546875,0,37.68961715698242,cropland
2354,501575.0,2597375.0,0.6306900382041931,-0.06600438058376312,27.93509864807129,17.375883102416992,1535.2037353515625,1221.18798828125,346.946044921875,0,12.490785598754883,vegetation
2355,502565.0,2597495.0,0.5690382122993469,-0.03289812430739403,28.11842155456543,14.809531211853027,1790.427001953125,931.9334716796875,320.372314453125,0,6.435882568359375,vegetation
2356,500615.0,2599415.0,0.5775852799415588,-0.0665871724486351,28.369659423828125,11.80093002319336,1780.45263671875,912.4143676757812,444.54620361328125,0,10.589337348937988,vegetation
2357,500525.0,2599955.0,0.5355640649795532,-0.10038071870803833,27.406034469604492,5.488763809204102,1521.7171630859375,1376.4083251953125,289.2056884765625,0,0.0,cropland
2358,500375.0,2599625.0,0.6812703609466553,-0.16689719259738922,27.135637283325195,6.942584991455078,1575.27099609375,1015.1354370117188,122.42478942871094,0,0.0,vegetation
2359,500915.0,2599025.0,0.620541512966156,-0.159730464220047,27.316070556640625,15.824236869812012,2119.948486328125,424.2640686035156,308.162109375,0,12.189071655273438,vegetation
2360,501785.0,2598005.0,0.43678611516952515,0.1875157356262207,30.88808250427246,22.23311996459961,2008.642822265625,787.4642944335938,1063.986083984375,0,14.05151653289795,built_up
2361,501725.0,2599055.0,0.6475036144256592,-0.04802006483078003,27.969980239868164,9.581147193908691,2202.124267578125,120.0,454.96514892578125,1,30.289932250976562,vegetation
2362,502385.0,2599325.0,0.467294305562973,0.03060317225754261,29.84286117553711,6.908249855041504,1920.97265625,590.9314575195312,1015.996826171875,0,32.66764831542969,cropland
2363,500405.0,2598785.0,0.7123404741287231,-0.19056782126426697,27.492483139038086,16.81145477294922,2123.189453125,295.4657287597656,258.76800537109375,1,63.009613037109375,vegetation
2364,500315.0,2599865.0,0.7007958889007568,-0.23612765967845917,26.282917022705078,4.016261577606201,1464.0289306640625,1230.0,167.5927276611328,0,3.0491621494293213,vegetation
2365,500465.0,2599145.0,0.5843126177787781,-0.06954998522996902,28.924297332763672,15.372454643249512,1927.8251953125,632.8507080078125,344.13623046875,0,8.704789161682129,vegetation
2366,502805.0,2599235.0,0.54966139793396,0.06315314769744873,29.995006561279297,7.4540276527404785,1845.3431396484375,725.6032104492188,571.399169921875,0,21.329679489135742,cropland
2367,501395.0,2597795.0,0.5291272401809692,-0.10573667287826538,29.078004837036133,19.390119552612305,1815.4833984375,766.615966796875,310.6483154296875,0,4.857558250427246,cropland
2368,501395.0,2597195.0,0.7125206589698792,-0.18671604990959167,25.719911575317383,14.831840515136719,1424.948974609375,1060.66015625,140.29087829589844,0,5.404757022857666,vegetation
2369,500105.0,2597195.0,-0.21892724931240082,-0.4149041175842285,26.210006713867188,0.5,1615.92138671875,0.0,0.0,1,99.41740417480469,water
2370,502595.0,2597225.0,0.6193698644638062,-0.1276739239692688,27.738039016723633,14.764460563659668,1725.8397216796875,1200.375,230.21026611328125,0,0.0,vegetation
2371,502325.0,2598635.0,-0.2005302459001541,-0.42073777318000793,28.052814483642578,11.187748908996582,2021.0252685546875,0.0,0.0,1,91.26924896240234,water
2372,500795.0,2599115.0,0.5521271228790283,-0.03541022911667824,28.22051429748535,15.834076881408691,2033.0390625,573.149169921875,493.58563232421875,0,1.9878323078155518,vegetation
2373,500735.0,2598695.0,0.5840899348258972,-0.1435612440109253,27.1610107421875,15.298651695251465,2183.245361328125,268.3281555175781,391.0792541503906,0,65.993408203125,vegetation
2374,501065.0,2599385.0,0.6364769339561462,-0.15106914937496185,27.488061904907227,13.786835670471191,1987.9840087890625,607.4536743164062,455.6907958984375,0,5.417921543121338,vegetation
2375,502655.0,2597345.0,0.6053020358085632,-0.04595644399523735,27.94452667236328,15.041169166564941,1757.032958984375,1080.0,271.9873352050781,0,3.5245959758758545,vegetation
2376,501245.0,2597045.0,0.547588586807251,-0.16645103693008423,25.47933578491211,12.543052673339844,1385.46826171875,900.0,197.27735900878906,0,8.510908126831055,cropland
2377,502445.0,2597075.0,0.6786012053489685,-0.2608627378940582,27.817228317260742,13.866308212280273,1684.899169921875,1361.9471435546875,252.10260009765625,0,1.091106653213501,vegetation
2378,501875.0,2597495.0,0.5674522519111633,0.029681017622351646,28.883394241333008,18.42289924621582,1674.8035888671875,1168.4605712890625,628.3330688476562,0,8.926755905151367,cropland
2379,502175.0,2597945.0,0.43070894479751587,0.14507408440113068,30.75466537475586,19.98845863342285,1948.8175048828125,630.7138671875,1168.1932373046875,1,36.447486877441406,built_up
2380,500345.0,2599535.0,0.6440871953964233,-0.1337488293647766,27.56958770751953,8.177711486816406,1622.822509765625,920.271728515625,126.3528060913086,0,1.1788434982299805,vegetation
2381,500075.0,2599265.0,0.7290899157524109,-0.10424380004405975,28.02385139465332,12.218683242797852,1804.308349609375,600.74951171875,232.46157836914062,0,2.226004123687744,vegetation
2382,501665.0,2597045.0,0.6730906963348389,0.06895406544208527,27.201250076293945,15.784805297851562,1459.416748046875,1320.0,651.1989135742188,0,10.266338348388672,cropland
2383,501545.0,2599925.0,0.5839459300041199,0.023617612197995186,29.058849334716797,13.019551277160645,1941.1697998046875,990.0,645.6212768554688,1,72.89655303955078,cropland
2384,502115.0,2598905.0,0.45394450426101685,0.06753767281770706,31.103055953979492,8.836956024169922,2089.0283203125,94.86833190917969,1628.4710693359375,1,68.6948471069336,built_up
2385,502325.0,2597075.0,0.7469599843025208,-0.26539501547813416,27.651573181152344,13.585989952087402,1660.483154296875,1382.931640625,248.90548706054688,0,4.588582992553711,vegetation
2386,501665.0,2598245.0,0.414841890335083,0.08772850781679153,30.830158233642578,20.01747703552246,2167.815185546875,593.9697265625,1999.2178955078125,0,7.796372413635254,built_up
2387,500765.0,2598545.0,0.6568045020103455,-0.15785080194473267,27.188364028930664,13.200873374938965,2193.936279296875,120.0,337.5722961425781,1,87.1017837524414,vegetation
2388,502475.0,2599685.0,0.5443862676620483,0.11451994627714157,29.37934684753418,4.977767467498779,1888.2967529296875,953.4149169921875,392.82916259765625,0,18.273988723754883,cropland
2389,500315.0,2597405.0,0.5862913131713867,-0.2320840209722519,28.661609649658203,0.5,1663.0335693359375,42.42640686035156,243.6282196044922,1,83.84774780273438,vegetation
2390,502325.0,2599835.0,0.5231570601463318,-0.030977247282862663,29.3913631439209,6.527383327484131,1892.2911376953125,1033.1505126953125,1082.0931396484375,0,23.766599655151367,cropland
2391,501005.0,2598215.0,0.6196333169937134,-0.08875510841608047,27.418514251708984,13.167813301086426,2110.7421875,216.3330841064453,290.347412109375,0,26.112579345703125,vegetation
2392,502895.0,2597915.0,0.3539316654205322,0.03361578658223152,30.56133460998535,15.495502471923828,1906.6748046875,510.0,657.1117553710938,0,10.68592357635498,built_up
2393,501725.0,2599865.0,0.6514131426811218,0.03860997036099434,28.739038467407227,12.270546913146973,1943.816162109375,930.0,959.7217407226562,1,70.13304138183594,cropland
2394,500135.0,2598725.0,0.7597264647483826,-0.17543438076972961,27.0592098236084,15.318428993225098,2144.0927734375,108.16654205322266,109.84368133544922,1,82.33332061767578,vegetation
2395,502565.0,2597735.0,0.48240143060684204,0.020951034501194954,29.48025894165039,15.426029205322266,1867.82421875,692.603759765625,924.1068115234375,0,15.002513885498047,cropland
2396,502445.0,2597525.0,0.5890440940856934,-0.08804849535226822,27.843006134033203,15.060211181640625,1787.7735595703125,917.823486328125,342.8166198730469,0,2.1865406036376953,vegetation
2397,502805.0,2599385.0,0.533855140209198,0.07420531660318375,29.799949645996094,5.624969482421875,1853.2181396484375,849.0582885742188,638.6707763671875,0,22.06379508972168,cropland
2398,500825.0,2599025.0,0.5652160048484802,-0.09574785828590393,27.771705627441406,16.156965255737305,2091.042724609375,488.3646240234375,420.1679992675781,0,8.23733901977539,vegetation
2399,502505.0,2597885.0,0.46827980875968933,0.04924405366182327,30.35740089416504,16.38788604736328,1911.6728515625,553.1726684570312,1927.2545166015625,0,26.04457664489746,built_up
2400,502925.0,2597675.0,0.5456658601760864,-0.09930558502674103,29.992700576782227,15.358638763427734,1854.134033203125,750.5997314453125,816.3510131835938,0,0.5717222690582275,cropland
2401,501875.0,2598365.0,0.3913433849811554,0.21526603400707245,31.30377960205078,18.9848575592041,2177.667236328125,417.8516540527344,2598.25048828125,1,28.232669830322266,built_up
2402,502745.0,2599085.0,0.5112450122833252,0.04042886942625046,30.55419158935547,9.04857063293457,1851.6773681640625,566.0388793945312,419.12054443359375,1,28.12322425842285,built_up
2403,500675.0,2598455.0,0.6359801888465881,-0.1475113481283188,27.97545623779297,11.52380657196045,2172.615478515625,30.0,446.9350280761719,1,97.61527252197266,vegetation
2404,500375.0,2599715.0,0.6982006430625916,-0.21115019917488098,26.78922462463379,5.771151065826416,1530.210693359375,1100.63623046875,123.94758605957031,0,0.0,vegetation
2405,500135.0,2597465.0,-0.17401744425296783,-0.4106346666812897,25.99397087097168,0.5,1718.0584716796875,0.0,0.0,1,97.33480072021484,water
2406,502265.0,2598035.0,0.38043665885925293,0.10526193678379059,31.549531936645508,19.207258224487305,1973.798828125,510.0,1655.5587158203125,1,42.253421783447266,built_up
2407,501215.0,2599565.0,0.5794622898101807,-0.17824339866638184,27.840652465820312,12.936843872070312,1962.220458984375,697.7822265625,330.9130859375,0,13.894598007202148,cropland
2408,500465.0,2597255.0,0.6455128192901611,-0.24398989975452423,27.512113571166992,0.5,1574.1856689453125,150.0,121.86203002929688,0,64.7310562133789,vegetation
2409,502895.0,2597885.0,0.36263349652290344,0.010631061159074306,30.549354553222656,15.42222785949707,1901.8883056640625,540.0,613.8609619140625,0,9.325216293334961,built_up
2410,501215.0,2599445.0,0.6162019371986389,-0.22069375216960907,27.22484588623047,13.44212532043457,2013.324462890625,590.9314575195312,324.9483337402344,0,2.531283378601074,vegetation
2411,501275.0,2599895.0,0.47567448019981384,0.09999512135982513,29.478673934936523,12.410491943359375,1897.4661865234375,989.5453491210938,364.5228576660156,1,58.651248931884766,cropland
2412,502055.0,2599325.0,0.5668456554412842,-0.0418054461479187,29.25489616394043,8.088455200195312,2013.1397705078125,456.9463806152344,468.1092834472656,0,22.848102569580078,cropland
2413,500105.0,2598815.0,0.7868545055389404,-0.17882101237773895,27.1400089263916,16.05080795288086,2110.177001953125,161.55494689941406,108.62615966796875,0,56.12773895263672,vegetation
2414,500045.0,2597015.0,-0.15521231293678284,-0.37317442893981934,26.475839614868164,0.5,1596.2244873046875,0.0,0.0,1,100.0,water
2415,500405.0,2598635.0,0.6825423240661621,-0.27538061141967773,27.476512908935547,15.064737319946289,2162.345703125,152.9705810546875,250.97390747070312,0,91.27149200439453,vegetation
2416,500975.0,2598995.0,0.6622295379638672,-0.20145592093467712,26.892770767211914,15.525524139404297,2153.0419921875,361.2478332519531,269.13677978515625,0,6.040111064910889,vegetation
2417,502445.0,2598185.0,0.3009352684020996,0.17773529887199402,32.03483963012695,17.189313888549805,1976.851806640625,295.4657287597656,1642.60400390625,0,53.042171478271484,built_up
2418,502895.0,2599685.0,0.572294294834137,0.05251285061240196,28.582883834838867,1.9867098331451416,1867.735107421875,1148.259521484375,327.63555908203125,0,4.792148113250732,cropland
2419,501185.0,2599025.0,0.7096065878868103,-0.2276790291070938,26.423770904541016,14.235513687133789,2203.47900390625,254.55844116210938,253.71600341796875,0,3.6976091861724854,vegetation
2420,501395.0,2597825.0,0.5278183817863464,-0.09210708737373352,29.115970611572266,19.46919059753418,1841.592041015625,740.9453125,308.65350341796875,0,7.669896602630615,cropland
2421,502025.0,2599055.0,0.5025458931922913,0.02576187066733837,30.442548751831055,8.440614700317383,2097.319580078125,201.24612426757812,1032.1728515625,1,47.722412109375,cropland
2422,502685.0,2598305.0,0.38817548751831055,0.2083587497472763,30.718040466308594,15.083813667297363,1936.98876953125,120.0,2386.298583984375,1,45.72584915161133,built_up
2423,501365.0,2597585.0,0.6226962208747864,-0.12359943985939026,27.895578384399414,17.82478904724121,1637.7796630859375,939.1485595703125,328.1885070800781,0,5.111542701721191,vegetation
2424,501635.0,2598575.0,0.5967383980751038,-0.0468144416809082,29.043996810913086,14.990402221679688,2288.098876953125,284.60498046875,639.4595947265625,0,14.854279518127441,cropland
2425,502985.0,2597825.0,0.4008277356624603,-0.07644534111022949,30.35625457763672,15.54385757446289,1887.0306396484375,606.7124633789062,511.50830078125,0,6.745951175689697,cropland
2426,502865.0,2599445.0,0.5131319165229797,0.05233466625213623,29.708431243896484,4.862289905548096,1852.3599853515625,931.9334716796875,605.939697265625,0,19.96397590637207,cropland
2427,500405.0,2599325.0,0.5803289413452148,-0.07286231964826584,28.623615264892578,12.316685676574707,1784.8310546875,751.7978515625,186.66555786132812,0,0.0,vegetation
2428,502835.0,2599205.0,0.5372127890586853,0.043454259634017944,30.054580688476562,7.86246919631958,1840.6644287109375,700.3570556640625,572.8302612304688,0,24.910924911499023,cropland
2429,501155.0,2599625.0,0.5544458031654358,-0.12819837033748627,28.18437385559082,12.490880966186523,1918.098876953125,778.267333984375,297.4134826660156,0,11.964404106140137,cropland
2430,500195.0,2599925.0,0.6910033822059631,-0.29217636585235596,25.984760284423828,2.9084091186523438,1431.0899658203125,1268.897216796875,198.51943969726562,0,2.606326103210449,vegetation
2431,500045.0,2598155.0,0.7470743060112,-0.20893517136573792,28.103178024291992,5.708049297332764,2108.041259765625,349.85711669921875,230.3154754638672,0,83.62399291992188,vegetation
2432,502145.0,2597825.0,0.4819386899471283,0.11261531710624695,29.717994689941406,19.651792526245117,1893.3621826171875,751.7978515625,642.072021484375,0,25.598390579223633,cropland
2433,502025.0,2599565.0,0.596203088760376,-0.06807923316955566,28.853208541870117,8.860424041748047,1960.1231689453125,674.1661376953125,377.1434020996094,1,33.05356979370117,vegetation
2434,501425.0,2599955.0,0.5404768586158752,0.04793303459882736,29.315475463867188,12.98558521270752,1927.6077880859375,1023.962890625,532.304443359375,0,66.76922607421875,cropland
2435,502445.0,2597255.0,0.6164882183074951,-0.18722252547740936,27.708133697509766,14.135089874267578,1709.8624267578125,1183.76513671875,288.5584411621094,0,4.42068338394165,cropland
2436,501935.0,2597165.0,0.5896312594413757,-0.03990829735994339,28.26743507385254,15.42319393157959,1563.1611328125,1435.6182861328125,930.124267578125,0,14.335530281066895,cropland
2437,502715.0,2597975.0,0.38243064284324646,0.13949938118457794,30.844226837158203,15.681741714477539,1922.594482421875,450.0,1188.41552734375,0,15.014228820800781,built_up
2438,502835.0,2597615.0,0.5574578046798706,-0.03806605935096741,29.751949310302734,15.212454795837402,1839.02392578125,810.0,846.866455078125,0,1.3605427742004395,cropland
2439,502355.0,2598905.0,0.5445166826248169,0.19345328211784363,31.127262115478516,9.536462783813477,1980.2125244140625,201.24612426757812,949.5086059570312,0,31.525236129760742,built_up
2440,501035.0,2597885.0,0.8366616368293762,-0.11516071110963821,27.081514358520508,14.523171424865723,1869.0433349609375,531.6013793945312,191.10118103027344,0,1.179281234741211,vegetation
2441,501635.0,2598275.0,0.4564584791660309,0.0722392350435257,30.52005386352539,19.43508529663086,2186.883056640625,551.5432739257812,1646.688232421875,0,0.0,water
2442,500555.0,2597255.0,0.6664648056030273,-0.2263040393590927,27.15734100341797,0.5,1552.948486328125,240.0,90.25248718261719,0,43.538944244384766,vegetation
2443,500435.0,2597195.0,0.6658068299293518,-0.250664621591568,27.427349090576172,0.5,1564.0242919921875,120.0,119.87525939941406,1,76.43466186523438,vegetation
2444,501605.0,2598575.0,0.6178354620933533,-0.08014141023159027,28.786466598510742,14.882609367370605,2292.9833984375,276.5863342285156,554.446044921875,0,12.295770645141602,cropland
2445,500705.0,2597255.0,0.6867588758468628,-0.23052360117435455,26.560306549072266,3.1474807262420654,1515.1268310546875,390.0,85.68921661376953,0,14.468263626098633,vegetation
2446,500525.0,2598335.0,0.5850608348846436,-0.15345431864261627,28.7088623046875,9.824126243591309,2139.80908203125,30.0,286.6296691894531,1,100.0,vegetation
2447,501785.0,2598545.0,0.492615282535553,0.16374120116233826,30.256879806518555,15.69119644165039,2247.20947265625,276.5863342285156,1147.148193359375,0,23.514514923095703,cropland
2448,500195.0,2598695.0,0.738639771938324,-0.19328303635120392,27.146411895751953,15.19798755645752,2151.13623046875,108.16654205322266,128.45228576660156,1,85.32255554199219,vegetation
2449,501995.0,2597645.0,0.504463255405426,-0.003529719542711973,29.037832260131836,19.345346450805664,1783.5404052734375,979.4896850585938,549.89453125,0,13.057908058166504,cropland
2450,502535.0,2598155.0,0.3437388837337494,0.16688184440135956,31.607074737548828,16.587783813476562,1958.8651123046875,284.60498046875,1529.5616455078125,0,45.38072967529297,built_up
2451,501875.0,2599235.0,0.6107147932052612,0.023364311084151268,28.6709041595459,9.004952430725098,2096.143798828125,313.2091979980469,405.2144775390625,0,20.909393310546875,vegetation
2452,501095.0,2599355.0,0.6401533484458923,-0.17064274847507477,27.321880340576172,13.98939323425293,2014.978759765625,566.0388793945312,385.9786376953125,0,4.383345603942871,vegetation
2453,501965.0,2598635.0,0.44904544949531555,0.24776464700698853,30.89720344543457,13.384044647216797,2186.044677734375,134.16407775878906,1534.4525146484375,1,63.683197021484375,built_up
2454,502685.0,2597075.0,0.6154119968414307,-0.1278860718011856,27.755517959594727,15.517182350158691,1717.9371337890625,1350.0,144.15003967285156,0,0.22329124808311462,vegetation
2455,502655.0,2598215.0,0.38334131240844727,0.2021118849515915,30.94689178466797,15.821532249450684,1944.3184814453125,210.0,1551.9913330078125,1,35.904693603515625,built_up
2456,500675.0,2598995.0,0.5457991361618042,-0.0781450867652893,28.175073623657227,16.642393112182617,2064.73486328125,560.4462280273438,584.4437866210938,0,21.63883399963379,cropland
2457,501815.0,2597735.0,0.4799897074699402,0.04268756881356239,29.88860321044922,21.10089874267578,1818.517333984375,1002.646484375,577.5938720703125,0,12.823938369750977,cropland
2458,501785.0,2598035.0,0.414838045835495,0.18765118718147278,31.03045082092285,22.168598175048828,2028.6932373046875,758.9466552734375,1290.1185302734375,0,11.683769226074219,built_up
2459,501845.0,2599835.0,0.6909973621368408,0.0009378604590892792,28.66786766052246,11.36817455291748,1936.7008056640625,901.997802734375,1005.9570922851562,1,56.66288375854492,cropland
2460,501125.0,2597135.0,0.5332152843475342,-0.17553548514842987,25.446836471557617,11.063626289367676,1401.8814697265625,785.1751098632812,135.3308563232422,0,7.352180004119873,cropland
2461,501185.0,2599835.0,0.46437928080558777,0.05886862054467201,29.281320571899414,11.933919906616211,1874.258544921875,958.5927124023438,244.91282653808594,0,44.21490478515625,cropland
2462,502775.0,2597705.0,0.5129432678222656,-0.004763568751513958,29.937280654907227,15.046904563903809,1863.6502685546875,720.0,807.6915283203125,0,8.611105918884277,cropland
2463,502805.0,2597345.0,0.5454960465431213,-0.04335850477218628,28.64349365234375,15.870936393737793,1766.0885009765625,1080.0,479.75482177734375,0,10.209124565124512,cropland
2464,502505.0,2599415.0,0.4305422008037567,0.100247323513031,29.914608001708984,6.043340682983398,1891.52685546875,724.9827880859375,652.9659423828125,0,33.00553512573242,built_up
2465,501185.0,2597465.0,0.7435222268104553,-0.1737578958272934,26.009281158447266,14.587032318115234,1541.6605224609375,888.4255981445312,141.57261657714844,0,6.075047016143799,vegetation
2466,501335.0,2598935.0,0.6636358499526978,-0.15790335834026337,26.569087982177734,12.212505340576172,2265.43798828125,84.85281372070312,304.4671325683594,0,18.49884605407715,water
2467,501635.0,2597525.0,0.529589056968689,0.0072272527031600475,29.1796817779541,19.00334930419922,1639.2607421875,1123.2987060546875,475.3521728515625,1,16.978450775146484,cropland
2468,501275.0,2597225.0,0.6419147253036499,-0.20471973717212677,25.50830078125,13.710721015930176,1423.5118408203125,947.2592163085938,129.2458038330078,0,2.892686128616333,vegetation
2469,501515.0,2599325.0,0.6067633032798767,-0.11037121713161469,26.52592658996582,12.131697654724121,2116.943359375,390.0,271.5135192871094,0,11.385427474975586,vegetation
2470,502655.0,2597705.0,0.4926133453845978,0.02244522236287594,29.61856460571289,15.086050987243652,1861.4993896484375,720.0,829.3819580078125,0,14.170602798461914,cropland
2471,502025.0,2599625.0,0.6164484024047852,-0.08337156474590302,28.85607147216797,9.082788467407227,1947.5164794921875,730.5477294921875,440.6024475097656,0,37.683990478515625,vegetation
2472,502235.0,2598485.0,0.35473453998565674,0.2802662253379822,31.919954299926758,15.260354042053223,2062.5458984375,150.0,2809.4951171875,0,70.97940826416016,built_up
2473,500165.0,2599325.0,0.6670981049537659,-0.1151486337184906,28.152095794677734,11.353011131286621,1756.94921875,670.8203735351562,196.17794799804688,0,1.3553944826126099,vegetation
2474,502265.0,2598215.0,0.2556958794593811,0.24588832259178162,32.474609375,18.659629821777344,2021.3514404296875,349.85711669921875,2098.811279296875,0,63.092769622802734,built_up
2475,501155.0,2599145.0,0.6836385130882263,-0.2029125988483429,26.65587043762207,14.571244239807129,2141.42919921875,361.2478332519531,222.76971435546875,0,2.8624155521392822,vegetation
2476,501515.0,2599985.0,0.5748221278190613,0.026590459048748016,29.150131225585938,13.071051597595215,1936.966796875,1050.0,608.4915771484375,0,77.06378173828125,cropland
2477,501305.0,2598695.0,0.6526418328285217,-0.21165655553340912,26.541318893432617,11.767623901367188,2303.2197265625,30.0,293.4705505371094,1,43.260169982910156,vegetation
2478,502805.0,2599415.0,0.5239373445510864,0.06904889643192291,29.77044677734375,5.256044864654541,1855.06396484375,874.6427612304688,630.197998046875,0,21.027507781982422,built_up
2479,502595.0,2598725.0,0.4551875591278076,0.11468073725700378,31.650779724121094,12.045337677001953,1912.8575439453125,189.73666381835938,871.2008056640625,0,29.828500747680664,built_up
2480,500015.0,2599685.0,0.6213935613632202,-0.16734161972999573,27.00786781311035,4.103935241699219,1503.2779541015625,1020.0,117.78079223632812,0,3.4293625354766846,vegetation
2481,502835.0,2599355.0,0.538860559463501,0.06815478205680847,29.828536987304688,6.004394054412842,1848.55712890625,840.5355224609375,648.4871826171875,1,24.164501190185547,cropland
2482,501845.0,2597765.0,0.48473942279815674,0.07229990512132645,29.909912109375,21.284570693969727,1842.673828125,960.4686279296875,624.0996704101562,0,26.546607971191406,cropland
2483,502265.0,2598725.0,-0.21272163093090057,-0.40791723132133484,28.04994773864746,9.918255805969238,2040.72900390625,0.0,0.0,1,94.84242248535156,water
2484,500105.0,2598275.0,0.727383553981781,-0.18491628766059875,27.865934371948242,8.49462890625,2146.84521484375,216.3330841064453,140.00424194335938,1,93.47586822509766,water
2485,501545.0,2597075.0,0.7193125486373901,-0.03052850067615509,26.376344680786133,15.456744194030762,1429.130615234375,1200.375,216.52066040039062,0,11.185145378112793,vegetation
2486,501785.0,2598425.0,0.4460657835006714,0.15241137146949768,30.74984359741211,17.893646240234375,2221.082763671875,394.58837890625,1598.4344482421875,0,18.119461059570312,built_up
2487,500705.0,2598515.0,0.641264021396637,-0.16010385751724243,27.605484008789062,12.790558815002441,2183.766845703125,90.0,415.7682800292969,1,91.47737121582031,vegetation
2488,501155.0,2598815.0,0.703536331653595,-0.26637157797813416,26.06038475036621,13.154670715332031,2262.01904296875,108.16654205322266,285.477294921875,1,18.266212463378906,vegetation
2489,502865.0,2598185.0,0.46441277861595154,0.15735234320163727,30.06650733947754,15.834783554077148,1923.408447265625,240.0,1872.9134521484375,0,20.181907653808594,built_up
2490,502745.0,2599385.0,0.5225004553794861,0.08080718666315079,29.84538459777832,5.66804313659668,1859.18798828125,816.0882568359375,599.1930541992188,0,22.186620712280273,cropland
2491,502685.0,2598275.0,0.39153844118118286,0.2101338505744934,30.731910705566406,15.37031078338623,1938.5966796875,150.0,2028.59228515625,0,33.57698059082031,built_up
2492,500015.0,2597855.0,0.5560173988342285,-0.1636282056570053,29.50446319580078,0.5,1954.4078369140625,210.0,278.7274169921875,1,77.23429870605469,vegetation
2493,500615.0,2598605.0,0.6223352551460266,-0.222406268119812,27.5848445892334,14.534883499145508,2176.644287109375,174.92855834960938,465.6181335449219,1,87.2681884765625,vegetation
2494,501155.0,2598695.0,0.6873157024383545,-0.23818445205688477,25.84850311279297,11.974555015563965,2277.017822265625,30.0,245.47987365722656,0,52.864593505859375,vegetation
2495,502715.0,2598395.0,0.4121151566505432,0.19455483555793762,30.539350509643555,13.76478099822998,1924.3521728515625,30.0,3573.72216796875,1,58.74790954589844,built_up
2496,500735.0,2599895.0,0.48308244347572327,0.037528179585933685,28.219697952270508,7.692270755767822,1632.5462646484375,1214.9073486328125,188.2901611328125,1,14.996257781982422,cropland
2497,500045.0,2597855.0,0.5545891523361206,-0.1612308770418167,29.502357482910156,0.5,1952.544189453125,210.0,274.09722900390625,1,76.5464096069336,vegetation
2498,502955.0,2597165.0,0.6226918697357178,-0.15510308742523193,27.8184757232666,17.274627685546875,1734.49658203125,1261.427734375,475.01025390625,0,9.446480751037598,vegetation
2499,502475.0,2599085.0,0.49713459610939026,0.07345300167798996,30.791975021362305,8.450785636901855,1917.0130615234375,416.7733154296875,628.6056518554688,0,26.638057708740234,built_up
